0.037915,-0.034416,0.12612,-1,0,0,0,1,0,0,0,-1
0.037637,-0.035333,0.12584,-1,0,0,0,1,0,0,0,-1
0.037494,-0.036252,0.125473,-1,0,0,0,1,0,0,0,-1
0.037465,-0.037149,0.125034,-1,0,0,0,1,0,0,0,-1
0.037527,-0.038015,0.124539,-1,0,0,0,1,0,0,0,-1
0.03766,-0.038845,0.123998,-1,0,0,0,1,0,0,0,-1
0.037848,-0.039639,0.123419,-1,0,0,0,1,0,0,0,-1
0.038077,-0.040396,0.122809,-1,0,0,0,1,0,0,0,-1
0.038339,-0.041121,0.122171,-1,0,0,0,1,0,0,0,-1
0.038627,-0.041815,0.121511,-1,0,0,0,1,0,0,0,-1
0.038933,-0.042481,0.120831,-1,0,0,0,1,0,0,0,-1
0.039254,-0.043122,0.120134,-1,0,0,0,1,0,0,0,-1
0.039586,-0.04374,0.119422,-1,0,0,0,1,0,0,0,-1
0.039927,-0.044339,0.118697,-1,0,0,0,1,0,0,0,-1
0.040273,-0.044921,0.117961,-1,0,0,0,1,0,0,0,-1
0.040624,-0.045487,0.117215,-1,0,0,0,1,0,0,0,-1
0.040978,-0.046041,0.116462,-1,0,0,0,1,0,0,0,-1
0.041334,-0.046585,0.115702,-1,0,0,0,1,0,0,0,-1
0.04169,-0.047121,0.114936,-1,0,0,0,1,0,0,0,-1
0.042046,-0.047651,0.114167,-1,0,0,0,1,0,0,0,-1
0.042401,-0.048179,0.113395,-1,0,0,0,1,0,0,0,-1
0.042756,-0.048705,0.112622,-1,0,0,0,1,0,0,0,-1
0.043109,-0.049233,0.11185,-1,0,0,0,1,0,0,0,-1
0.043461,-0.049764,0.111079,-1,0,0,0,1,0,0,0,-1
0.04381,-0.050301,0.110311,-1,0,0,0,1,0,0,0,-1
0.044159,-0.050846,0.109549,-1,0,0,0,1,0,0,0,-1
0.044505,-0.051402,0.108793,-1,0,0,0,1,0,0,0,-1
0.044851,-0.051971,0.108047,-1,0,0,0,1,0,0,0,-1
0.045195,-0.052555,0.107312,-1,0,0,0,1,0,0,0,-1
0.045538,-0.053156,0.10659,-1,0,0,0,1,0,0,0,-1
0.04588,-0.053777,0.105885,-1,0,0,0,1,0,0,0,-1
0.046223,-0.054419,0.105199,-1,0,0,0,1,0,0,0,-1
0.046565,-0.055084,0.104535,-1,0,0,0,1,0,0,0,-1
0.046908,-0.055774,0.103898,-1,0,0,0,1,0,0,0,-1
0.047251,-0.05649,0.10329,-1,0,0,0,1,0,0,0,-1
0.047595,-0.057234,0.102717,-1,0,0,0,1,0,0,0,-1
0.047939,-0.058006,0.102183,-1,0,0,0,1,0,0,0,-1
0.048284,-0.058806,0.101692,-1,0,0,0,1,0,0,0,-1
0.048629,-0.059633,0.101249,-1,0,0,0,1,0,0,0,-1
0.048973,-0.060487,0.100859,-1,0,0,0,1,0,0,0,-1
0.049315,-0.061365,0.100525,-1,0,0,0,1,0,0,0,-1
0.049653,-0.062265,0.10025,-1,0,0,0,1,0,0,0,-1
0.049986,-0.063183,0.100036,-1,0,0,0,1,0,0,0,-1
0.050313,-0.064116,0.099885,-1,0,0,0,1,0,0,0,-1
0.050634,-0.065059,0.099797,-1,0,0,0,1,0,0,0,-1
0.050947,-0.066008,0.099769,-1,0,0,0,1,0,0,0,-1
0.051255,-0.066959,0.0998,-1,0,0,0,1,0,0,0,-1
0.051557,-0.067908,0.099887,-1,0,0,0,1,0,0,0,-1
0.051855,-0.068851,0.100029,-1,0,0,0,1,0,0,0,-1
0.052153,-0.069786,0.100222,-1,0,0,0,1,0,0,0,-1
0.052451,-0.07071,0.100463,-1,0,0,0,1,0,0,0,-1
0.052751,-0.071619,0.100752,-1,0,0,0,1,0,0,0,-1
0.053054,-0.072511,0.101085,-1,0,0,0,1,0,0,0,-1
0.053361,-0.073386,0.101461,-1,0,0,0,1,0,0,0,-1
0.053672,-0.07424,0.101878,-1,0,0,0,1,0,0,0,-1
0.053985,-0.075073,0.102333,-1,0,0,0,1,0,0,0,-1
0.054299,-0.075886,0.102824,-1,0,0,0,1,0,0,0,-1
0.054614,-0.076676,0.103349,-1,0,0,0,1,0,0,0,-1
0.054929,-0.077445,0.103905,-1,0,0,0,1,0,0,0,-1
0.055241,-0.078193,0.104491,-1,0,0,0,1,0,0,0,-1
0.055551,-0.07892,0.105104,-1,0,0,0,1,0,0,0,-1
0.055858,-0.079626,0.105743,-1,0,0,0,1,0,0,0,-1
0.05616,-0.080312,0.106404,-1,0,0,0,1,0,0,0,-1
0.056458,-0.080979,0.107087,-1,0,0,0,1,0,0,0,-1
0.056751,-0.081628,0.10779,-1,0,0,0,1,0,0,0,-1
0.057038,-0.082259,0.10851,-1,0,0,0,1,0,0,0,-1
0.05732,-0.082873,0.109247,-1,0,0,0,1,0,0,0,-1
0.057597,-0.083472,0.109998,-1,0,0,0,1,0,0,0,-1
0.057868,-0.084056,0.110764,-1,0,0,0,1,0,0,0,-1
0.058133,-0.084626,0.111541,-1,0,0,0,1,0,0,0,-1
0.058393,-0.085184,0.112329,-1,0,0,0,1,0,0,0,-1
0.058648,-0.085731,0.113126,-1,0,0,0,1,0,0,0,-1
0.058899,-0.08627,0.113931,-1,0,0,0,1,0,0,0,-1
0.059146,-0.086801,0.114742,-1,0,0,0,1,0,0,0,-1
0.059389,-0.087326,0.115557,-1,0,0,0,1,0,0,0,-1
0.059629,-0.087848,0.116375,-1,0,0,0,1,0,0,0,-1
0.059867,-0.088371,0.117194,-1,0,0,0,1,0,0,0,-1
0.060105,-0.088896,0.118011,-1,0,0,0,1,0,0,0,-1
0.060341,-0.089428,0.118824,-1,0,0,0,1,0,0,0,-1
0.060579,-0.089971,0.11963,-1,0,0,0,1,0,0,0,-1
0.060817,-0.090528,0.120425,-1,0,0,0,1,0,0,0,-1
0.061057,-0.091106,0.121205,-1,0,0,0,1,0,0,0,-1
0.061299,-0.09171,0.121964,-1,0,0,0,1,0,0,0,-1
0.061543,-0.092345,0.122697,-1,0,0,0,1,0,0,0,-1
0.061785,-0.093018,0.123396,-1,0,0,0,1,0,0,0,-1
0.062024,-0.093733,0.124052,-1,0,0,0,1,0,0,0,-1
0.062254,-0.094496,0.124657,-1,0,0,0,1,0,0,0,-1
0.062464,-0.095307,0.125201,-1,0,0,0,1,0,0,0,-1
0.062644,-0.096168,0.125677,-1,0,0,0,1,0,0,0,-1
0.062777,-0.097073,0.126079,-1,0,0,0,1,0,0,0,-1
0.06284,-0.098016,0.126406,-1,0,0,0,1,0,0,0,-1
0.062842,-0.098242,0.126472,-1,0,0,0,1,0,0,0,-1
0.062842,-0.098242,0.126472,-1,0,0,0,1,0,0,0,-1
0.062764,-0.099238,0.126478,-1,0,0,0,1,0,0,0,-1
0.062547,-0.100213,0.126486,-1,0,0,0,1,0,0,0,-1
0.062169,-0.101137,0.126493,-1,0,0,0,1,0,0,0,-1
0.061625,-0.101974,0.126498,-1,0,0,0,1,0,0,0,-1
0.060936,-0.102698,0.126501,-1,0,0,0,1,0,0,0,-1
0.06014,-0.103301,0.126502,-1,0,0,0,1,0,0,0,-1
0.059771,-0.103527,0.126502,-1,0,0,0,1,0,0,0,-1
0.059771,-0.103527,0.126502,-1,0,0,0,1,0,0,0,-1
0.058876,-0.10397,0.126502,-1,0,0,0,1,0,0,0,-1
0.057925,-0.104275,0.1265,-1,0,0,0,1,0,0,0,-1
0.056935,-0.104409,0.126495,-1,0,0,0,1,0,0,0,-1
0.055938,-0.104354,0.126489,-1,0,0,0,1,0,0,0,-1
0.054967,-0.104122,0.126482,-1,0,0,0,1,0,0,0,-1
0.054042,-0.103744,0.126474,-1,0,0,0,1,0,0,0,-1
0.053658,-0.103544,0.126472,-1,0,0,0,1,0,0,0,-1
0.053658,-0.103544,0.126472,-1,0,0,0,1,0,0,0,-1
0.053464,-0.103429,0.126406,-1,0,0,0,1,0,0,0,-1
0.052679,-0.102903,0.126079,-1,0,0,0,1,0,0,0,-1
0.051962,-0.102336,0.125677,-1,0,0,0,1,0,0,0,-1
0.051307,-0.101749,0.125201,-1,0,0,0,1,0,0,0,-1
0.050709,-0.101161,0.124657,-1,0,0,0,1,0,0,0,-1
0.050164,-0.100581,0.124052,-1,0,0,0,1,0,0,0,-1
0.049663,-0.100016,0.123396,-1,0,0,0,1,0,0,0,-1
0.049202,-0.09947,0.122697,-1,0,0,0,1,0,0,0,-1
0.048774,-0.098942,0.121964,-1,0,0,0,1,0,0,0,-1
0.048372,-0.09843,0.121204,-1,0,0,0,1,0,0,0,-1
0.047992,-0.097934,0.120424,-1,0,0,0,1,0,0,0,-1
0.047628,-0.097448,0.11963,-1,0,0,0,1,0,0,0,-1
0.047276,-0.096971,0.118824,-1,0,0,0,1,0,0,0,-1
0.046934,-0.0965,0.118011,-1,0,0,0,1,0,0,0,-1
0.046598,-0.096032,0.117194,-1,0,0,0,1,0,0,0,-1
0.046264,-0.095565,0.116375,-1,0,0,0,1,0,0,0,-1
0.045932,-0.095095,0.115557,-1,0,0,0,1,0,0,0,-1
0.045599,-0.094622,0.114742,-1,0,0,0,1,0,0,0,-1
0.045262,-0.094143,0.113931,-1,0,0,0,1,0,0,0,-1
0.044922,-0.093657,0.113126,-1,0,0,0,1,0,0,0,-1
0.044575,-0.093162,0.112329,-1,0,0,0,1,0,0,0,-1
0.044222,-0.092658,0.111541,-1,0,0,0,1,0,0,0,-1
0.043861,-0.092143,0.110764,-1,0,0,0,1,0,0,0,-1
0.04349,-0.091616,0.109999,-1,0,0,0,1,0,0,0,-1
0.04311,-0.091077,0.109247,-1,0,0,0,1,0,0,0,-1
0.042719,-0.090526,0.10851,-1,0,0,0,1,0,0,0,-1
0.042316,-0.089962,0.10779,-1,0,0,0,1,0,0,0,-1
0.041901,-0.089384,0.107087,-1,0,0,0,1,0,0,0,-1
0.041472,-0.088792,0.106404,-1,0,0,0,1,0,0,0,-1
0.041029,-0.088187,0.105743,-1,0,0,0,1,0,0,0,-1
0.04057,-0.087569,0.105105,-1,0,0,0,1,0,0,0,-1
0.040096,-0.086937,0.104492,-1,0,0,0,1,0,0,0,-1
0.039605,-0.086292,0.103906,-1,0,0,0,1,0,0,0,-1
0.039096,-0.085636,0.103349,-1,0,0,0,1,0,0,0,-1
0.038569,-0.084967,0.102824,-1,0,0,0,1,0,0,0,-1
0.038023,-0.084289,0.102333,-1,0,0,0,1,0,0,0,-1
0.037458,-0.083601,0.101878,-1,0,0,0,1,0,0,0,-1
0.036873,-0.082905,0.101461,-1,0,0,0,1,0,0,0,-1
0.03627,-0.082202,0.101085,-1,0,0,0,1,0,0,0,-1
0.035648,-0.081493,0.100752,-1,0,0,0,1,0,0,0,-1
0.035011,-0.080778,0.100463,-1,0,0,0,1,0,0,0,-1
0.034361,-0.080059,0.100221,-1,0,0,0,1,0,0,0,-1
0.033699,-0.079334,0.100029,-1,0,0,0,1,0,0,0,-1
0.033031,-0.078603,0.099887,-1,0,0,0,1,0,0,0,-1
0.032361,-0.077867,0.0998,-1,0,0,0,1,0,0,0,-1
0.031691,-0.077126,0.099769,-1,0,0,0,1,0,0,0,-1
0.031026,-0.076379,0.099797,-1,0,0,0,1,0,0,0,-1
0.030369,-0.07563,0.099885,-1,0,0,0,1,0,0,0,-1
0.029725,-0.074881,0.100036,-1,0,0,0,1,0,0,0,-1
0.029097,-0.074133,0.10025,-1,0,0,0,1,0,0,0,-1
0.028487,-0.07339,0.100525,-1,0,0,0,1,0,0,0,-1
0.027897,-0.072655,0.100859,-1,0,0,0,1,0,0,0,-1
0.027329,-0.071931,0.101249,-1,0,0,0,1,0,0,0,-1
0.026785,-0.071218,0.101692,-1,0,0,0,1,0,0,0,-1
0.026265,-0.07052,0.102183,-1,0,0,0,1,0,0,0,-1
0.025769,-0.069835,0.102717,-1,0,0,0,1,0,0,0,-1
0.025296,-0.069166,0.10329,-1,0,0,0,1,0,0,0,-1
0.024848,-0.06851,0.103898,-1,0,0,0,1,0,0,0,-1
0.024421,-0.067868,0.104535,-1,0,0,0,1,0,0,0,-1
0.024017,-0.067239,0.105199,-1,0,0,0,1,0,0,0,-1
0.023632,-0.066622,0.105885,-1,0,0,0,1,0,0,0,-1
0.023266,-0.066015,0.10659,-1,0,0,0,1,0,0,0,-1
0.022917,-0.065417,0.107312,-1,0,0,0,1,0,0,0,-1
0.022583,-0.064828,0.108047,-1,0,0,0,1,0,0,0,-1
0.022263,-0.064244,0.108794,-1,0,0,0,1,0,0,0,-1
0.021955,-0.063666,0.109549,-1,0,0,0,1,0,0,0,-1
0.021657,-0.063092,0.110312,-1,0,0,0,1,0,0,0,-1
0.021367,-0.06252,0.111079,-1,0,0,0,1,0,0,0,-1
0.021082,-0.06195,0.11185,-1,0,0,0,1,0,0,0,-1
0.020802,-0.06138,0.112623,-1,0,0,0,1,0,0,0,-1
0.020523,-0.06081,0.113395,-1,0,0,0,1,0,0,0,-1
0.020244,-0.060239,0.114167,-1,0,0,0,1,0,0,0,-1
0.019963,-0.059665,0.114936,-1,0,0,0,1,0,0,0,-1
0.019677,-0.059088,0.115702,-1,0,0,0,1,0,0,0,-1
0.019383,-0.058509,0.116462,-1,0,0,0,1,0,0,0,-1
0.01908,-0.057925,0.117215,-1,0,0,0,1,0,0,0,-1
0.018765,-0.057338,0.117961,-1,0,0,0,1,0,0,0,-1
0.018435,-0.056747,0.118697,-1,0,0,0,1,0,0,0,-1
0.018087,-0.056153,0.119422,-1,0,0,0,1,0,0,0,-1
0.017717,-0.055556,0.120134,-1,0,0,0,1,0,0,0,-1
0.017323,-0.054957,0.120831,-1,0,0,0,1,0,0,0,-1
0.016899,-0.054359,0.121511,-1,0,0,0,1,0,0,0,-1
0.016442,-0.053763,0.122171,-1,0,0,0,1,0,0,0,-1
0.015945,-0.053174,0.122808,-1,0,0,0,1,0,0,0,-1
0.015404,-0.052596,0.123419,-1,0,0,0,1,0,0,0,-1
0.014811,-0.052037,0.123998,-1,0,0,0,1,0,0,0,-1
0.014158,-0.051507,0.124539,-1,0,0,0,1,0,0,0,-1
0.013439,-0.05102,0.125034,-1,0,0,0,1,0,0,0,-1
0.012648,-0.050597,0.125473,-1,0,0,0,1,0,0,0,-1
0.011781,-0.050261,0.12584,-1,0,0,0,1,0,0,0,-1
0.010847,-0.050044,0.12612,-1,0,0,0,1,0,0,0,-1
0.010847,-0.050044,0.12612,-1,0,0,0,1,0,0,0,-1
0.009849,-0.050088,0.126117,-1,0,0,0,1,0,0,0,-1
0.008858,-0.050219,0.126116,-1,0,0,0,1,0,0,0,-1
0.008855,-0.05022,0.126116,-1,0,0,0,1,0,0,0,-1
0.008855,-0.05022,0.126116,-1,0,0,0,1,0,0,0,-1
0.007879,-0.050435,0.126117,-1,0,0,0,1,0,0,0,-1
0.006925,-0.050735,0.12612,-1,0,0,0,1,0,0,0,-1
0.006923,-0.050736,0.12612,-1,0,0,0,1,0,0,0,-1
0.006923,-0.050736,0.12612,-1,0,0,0,1,0,0,0,-1
0.00612,-0.05126,0.12584,-1,0,0,0,1,0,0,0,-1
0.00542,-0.051871,0.125472,-1,0,0,0,1,0,0,0,-1
0.004822,-0.052541,0.125034,-1,0,0,0,1,0,0,0,-1
0.004313,-0.053244,0.124538,-1,0,0,0,1,0,0,0,-1
0.003882,-0.053965,0.123997,-1,0,0,0,1,0,0,0,-1
0.003517,-0.054694,0.123418,-1,0,0,0,1,0,0,0,-1
0.003207,-0.055422,0.122807,-1,0,0,0,1,0,0,0,-1
0.002943,-0.056146,0.122169,-1,0,0,0,1,0,0,0,-1
0.002718,-0.056862,0.121508,-1,0,0,0,1,0,0,0,-1
0.002527,-0.057569,0.120828,-1,0,0,0,1,0,0,0,-1
0.002362,-0.058267,0.120131,-1,0,0,0,1,0,0,0,-1
0.002221,-0.058954,0.119418,-1,0,0,0,1,0,0,0,-1
0.0021,-0.059632,0.118693,-1,0,0,0,1,0,0,0,-1
0.001993,-0.0603,0.117956,-1,0,0,0,1,0,0,0,-1
0.0019,-0.060959,0.11721,-1,0,0,0,1,0,0,0,-1
0.001817,-0.061611,0.116456,-1,0,0,0,1,0,0,0,-1
0.001742,-0.062256,0.115696,-1,0,0,0,1,0,0,0,-1
0.001673,-0.062895,0.11493,-1,0,0,0,1,0,0,0,-1
0.001607,-0.06353,0.114161,-1,0,0,0,1,0,0,0,-1
0.001543,-0.064163,0.113389,-1,0,0,0,1,0,0,0,-1
0.001479,-0.064793,0.112615,-1,0,0,0,1,0,0,0,-1
0.001414,-0.065424,0.111842,-1,0,0,0,1,0,0,0,-1
0.001344,-0.066057,0.111071,-1,0,0,0,1,0,0,0,-1
0.001271,-0.066694,0.110303,-1,0,0,0,1,0,0,0,-1
0.00119,-0.067335,0.109541,-1,0,0,0,1,0,0,0,-1
0.001102,-0.067984,0.108785,-1,0,0,0,1,0,0,0,-1
0.001004,-0.068642,0.108038,-1,0,0,0,1,0,0,0,-1
0.000896,-0.06931,0.107302,-1,0,0,0,1,0,0,0,-1
0.000777,-0.069991,0.10658,-1,0,0,0,1,0,0,0,-1
0.000645,-0.070687,0.105874,-1,0,0,0,1,0,0,0,-1
0.000499,-0.071399,0.105187,-1,0,0,0,1,0,0,0,-1
0.000338,-0.072129,0.104523,-1,0,0,0,1,0,0,0,-1
0.000162,-0.072879,0.103885,-1,0,0,0,1,0,0,0,-1
-3.1e-05,-0.073649,0.103277,-1,0,0,0,1,0,0,0,-1
-0.00024,-0.074441,0.102703,-1,0,0,0,1,0,0,0,-1
-0.000467,-0.075255,0.102169,-1,0,0,0,1,0,0,0,-1
-0.000712,-0.076091,0.101678,-1,0,0,0,1,0,0,0,-1
-0.000974,-0.076948,0.101235,-1,0,0,0,1,0,0,0,-1
-0.001254,-0.077825,0.100845,-1,0,0,0,1,0,0,0,-1
-0.001552,-0.07872,0.100512,-1,0,0,0,1,0,0,0,-1
-0.001866,-0.079628,0.100238,-1,0,0,0,1,0,0,0,-1
-0.002196,-0.080548,0.100027,-1,0,0,0,1,0,0,0,-1
-0.00254,-0.081475,0.099878,-1,0,0,0,1,0,0,0,-1
-0.002896,-0.082405,0.099791,-1,0,0,0,1,0,0,0,-1
-0.003262,-0.083336,0.099766,-1,0,0,0,1,0,0,0,-1
-0.003635,-0.084263,0.0998,-1,0,0,0,1,0,0,0,-1
-0.004011,-0.085185,0.099891,-1,0,0,0,1,0,0,0,-1
-0.004386,-0.0861,0.100036,-1,0,0,0,1,0,0,0,-1
-0.004759,-0.087007,0.100232,-1,0,0,0,1,0,0,0,-1
-0.005124,-0.087905,0.100476,-1,0,0,0,1,0,0,0,-1
-0.005402,-0.088601,0.1007,-1,0,0,0,1,0,0,0,-1
-0.005402,-0.088601,0.1007,-1,0,0,0,1,0,0,0,-1
-0.00556,-0.089,0.100842,-1,0,0,0,1,0,0,0,-1
-0.0059,-0.089874,0.101188,-1,0,0,0,1,0,0,0,-1
-0.006225,-0.090737,0.101575,-1,0,0,0,1,0,0,0,-1
-0.006536,-0.091586,0.102002,-1,0,0,0,1,0,0,0,-1
-0.006833,-0.09242,0.102467,-1,0,0,0,1,0,0,0,-1
-0.007115,-0.093239,0.102967,-1,0,0,0,1,0,0,0,-1
-0.007383,-0.094041,0.1035,-1,0,0,0,1,0,0,0,-1
-0.007639,-0.094827,0.104063,-1,0,0,0,1,0,0,0,-1
-0.007882,-0.095595,0.104656,-1,0,0,0,1,0,0,0,-1
-0.008115,-0.096345,0.105274,-1,0,0,0,1,0,0,0,-1
-0.008337,-0.097077,0.105918,-1,0,0,0,1,0,0,0,-1
-0.008549,-0.097792,0.106584,-1,0,0,0,1,0,0,0,-1
-0.008753,-0.098489,0.107271,-1,0,0,0,1,0,0,0,-1
-0.00895,-0.09917,0.107977,-1,0,0,0,1,0,0,0,-1
-0.009139,-0.099834,0.108701,-1,0,0,0,1,0,0,0,-1
-0.009322,-0.100481,0.10944,-1,0,0,0,1,0,0,0,-1
-0.009498,-0.101114,0.110195,-1,0,0,0,1,0,0,0,-1
-0.00967,-0.101732,0.110962,-1,0,0,0,1,0,0,0,-1
-0.009837,-0.102336,0.111741,-1,0,0,0,1,0,0,0,-1
-0.010001,-0.102928,0.11253,-1,0,0,0,1,0,0,0,-1
-0.010161,-0.103508,0.113328,-1,0,0,0,1,0,0,0,-1
-0.010319,-0.10408,0.114134,-1,0,0,0,1,0,0,0,-1
-0.010475,-0.104643,0.114945,-1,0,0,0,1,0,0,0,-1
-0.010631,-0.105201,0.11576,-1,0,0,0,1,0,0,0,-1
-0.010787,-0.105755,0.116578,-1,0,0,0,1,0,0,0,-1
-0.010945,-0.106309,0.117395,-1,0,0,0,1,0,0,0,-1
-0.011106,-0.106865,0.118211,-1,0,0,0,1,0,0,0,-1
-0.011272,-0.107426,0.119022,-1,0,0,0,1,0,0,0,-1
-0.011444,-0.107997,0.119824,-1,0,0,0,1,0,0,0,-1
-0.011626,-0.108582,0.120615,-1,0,0,0,1,0,0,0,-1
-0.01182,-0.109183,0.12139,-1,0,0,0,1,0,0,0,-1
-0.01203,-0.109807,0.122143,-1,0,0,0,1,0,0,0,-1
-0.01226,-0.110456,0.122868,-1,0,0,0,1,0,0,0,-1
-0.012515,-0.111135,0.123556,-1,0,0,0,1,0,0,0,-1
-0.012802,-0.111843,0.124201,-1,0,0,0,1,0,0,0,-1
-0.013129,-0.112581,0.124791,-1,0,0,0,1,0,0,0,-1
-0.013502,-0.113343,0.125319,-1,0,0,0,1,0,0,0,-1
-0.013933,-0.11412,0.125778,-1,0,0,0,1,0,0,0,-1
-0.014431,-0.114897,0.126162,-1,0,0,0,1,0,0,0,-1
-0.015008,-0.115652,0.126471,-1,0,0,0,1,0,0,0,-1
-0.015008,-0.115652,0.126471,-1,0,0,0,1,0,0,0,-1
-0.015709,-0.116364,0.126478,-1,0,0,0,1,0,0,0,-1
-0.016502,-0.116972,0.126485,-1,0,0,0,1,0,0,0,-1
-0.017386,-0.117437,0.126492,-1,0,0,0,1,0,0,0,-1
-0.018341,-0.117729,0.126498,-1,0,0,0,1,0,0,0,-1
-0.019333,-0.11784,0.126501,-1,0,0,0,1,0,0,0,-1
-0.020331,-0.117791,0.126502,-1,0,0,0,1,0,0,0,-1
-0.020758,-0.117727,0.126502,-1,0,0,0,1,0,0,0,-1
-0.020758,-0.117727,0.126502,-1,0,0,0,1,0,0,0,-1
-0.021729,-0.11749,0.126502,-1,0,0,0,1,0,0,0,-1
-0.022654,-0.117113,0.1265,-1,0,0,0,1,0,0,0,-1
-0.023498,-0.116579,0.126495,-1,0,0,0,1,0,0,0,-1
-0.024226,-0.115896,0.126489,-1,0,0,0,1,0,0,0,-1
-0.024821,-0.115094,0.126482,-1,0,0,0,1,0,0,0,-1
-0.025287,-0.11421,0.126474,-1,0,0,0,1,0,0,0,-1
-0.025452,-0.11381,0.126472,-1,0,0,0,1,0,0,0,-1
-0.025452,-0.11381,0.126472,-1,0,0,0,1,0,0,0,-1
-0.025527,-0.113597,0.126406,-1,0,0,0,1,0,0,0,-1
-0.02579,-0.11269,0.126079,-1,0,0,0,1,0,0,0,-1
-0.025975,-0.111794,0.125677,-1,0,0,0,1,0,0,0,-1
-0.0261,-0.110924,0.125201,-1,0,0,0,1,0,0,0,-1
-0.026179,-0.110089,0.124657,-1,0,0,0,1,0,0,0,-1
-0.026225,-0.109294,0.124052,-1,0,0,0,1,0,0,0,-1
-0.026245,-0.10854,0.123396,-1,0,0,0,1,0,0,0,-1
-0.026247,-0.107825,0.122697,-1,0,0,0,1,0,0,0,-1
-0.026236,-0.107145,0.121964,-1,0,0,0,1,0,0,0,-1
-0.026215,-0.106495,0.121204,-1,0,0,0,1,0,0,0,-1
-0.026187,-0.10587,0.120424,-1,0,0,0,1,0,0,0,-1
-0.026153,-0.105264,0.11963,-1,0,0,0,1,0,0,0,-1
-0.026116,-0.104673,0.118824,-1,0,0,0,1,0,0,0,-1
-0.026075,-0.104092,0.118011,-1,0,0,0,1,0,0,0,-1
-0.026032,-0.103517,0.117194,-1,0,0,0,1,0,0,0,-1
-0.025987,-0.102945,0.116375,-1,0,0,0,1,0,0,0,-1
-0.02594,-0.102372,0.115557,-1,0,0,0,1,0,0,0,-1
-0.025891,-0.101795,0.114742,-1,0,0,0,1,0,0,0,-1
-0.025841,-0.101212,0.113931,-1,0,0,0,1,0,0,0,-1
-0.025789,-0.10062,0.113126,-1,0,0,0,1,0,0,0,-1
-0.025737,-0.100019,0.112329,-1,0,0,0,1,0,0,0,-1
-0.025683,-0.099405,0.111541,-1,0,0,0,1,0,0,0,-1
-0.025629,-0.098779,0.110764,-1,0,0,0,1,0,0,0,-1
-0.025574,-0.098137,0.109999,-1,0,0,0,1,0,0,0,-1
-0.025519,-0.09748,0.109247,-1,0,0,0,1,0,0,0,-1
-0.025464,-0.096806,0.10851,-1,0,0,0,1,0,0,0,-1
-0.02541,-0.096115,0.10779,-1,0,0,0,1,0,0,0,-1
-0.025357,-0.095405,0.107087,-1,0,0,0,1,0,0,0,-1
-0.025305,-0.094676,0.106404,-1,0,0,0,1,0,0,0,-1
-0.025256,-0.093928,0.105743,-1,0,0,0,1,0,0,0,-1
-0.025209,-0.09316,0.105105,-1,0,0,0,1,0,0,0,-1
-0.025167,-0.092371,0.104492,-1,0,0,0,1,0,0,0,-1
-0.025128,-0.091561,0.103906,-1,0,0,0,1,0,0,0,-1
-0.025096,-0.090731,0.103349,-1,0,0,0,1,0,0,0,-1
-0.02507,-0.089881,0.102824,-1,0,0,0,1,0,0,0,-1
-0.025052,-0.08901,0.102333,-1,0,0,0,1,0,0,0,-1
-0.025043,-0.088119,0.101878,-1,0,0,0,1,0,0,0,-1
-0.025044,-0.08721,0.101461,-1,0,0,0,1,0,0,0,-1
-0.025054,-0.086284,0.101085,-1,0,0,0,1,0,0,0,-1
-0.025074,-0.085341,0.100752,-1,0,0,0,1,0,0,0,-1
-0.025103,-0.084385,0.100463,-1,0,0,0,1,0,0,0,-1
-0.025139,-0.083415,0.100221,-1,0,0,0,1,0,0,0,-1
-0.025179,-0.082435,0.100029,-1,0,0,0,1,0,0,0,-1
-0.025222,-0.081446,0.099887,-1,0,0,0,1,0,0,0,-1
-0.025262,-0.080451,0.0998,-1,0,0,0,1,0,0,0,-1
-0.025299,-0.079452,0.099769,-1,0,0,0,1,0,0,0,-1
-0.025329,-0.078453,0.099797,-1,0,0,0,1,0,0,0,-1
-0.02535,-0.077457,0.099885,-1,0,0,0,1,0,0,0,-1
-0.025361,-0.076469,0.100036,-1,0,0,0,1,0,0,0,-1
-0.025362,-0.075492,0.10025,-1,0,0,0,1,0,0,0,-1
-0.025352,-0.074531,0.100525,-1,0,0,0,1,0,0,0,-1
-0.025332,-0.073589,0.100859,-1,0,0,0,1,0,0,0,-1
-0.025301,-0.072669,0.101249,-1,0,0,0,1,0,0,0,-1
-0.02526,-0.071773,0.101692,-1,0,0,0,1,0,0,0,-1
-0.025209,-0.070904,0.102183,-1,0,0,0,1,0,0,0,-1
-0.025149,-0.070061,0.102717,-1,0,0,0,1,0,0,0,-1
-0.025081,-0.069244,0.10329,-1,0,0,0,1,0,0,0,-1
-0.025003,-0.068454,0.103898,-1,0,0,0,1,0,0,0,-1
-0.024917,-0.067688,0.104535,-1,0,0,0,1,0,0,0,-1
-0.024823,-0.066946,0.105199,-1,0,0,0,1,0,0,0,-1
-0.024721,-0.066226,0.105885,-1,0,0,0,1,0,0,0,-1
-0.024611,-0.065525,0.10659,-1,0,0,0,1,0,0,0,-1
-0.024494,-0.064843,0.107312,-1,0,0,0,1,0,0,0,-1
-0.024371,-0.064177,0.108047,-1,0,0,0,1,0,0,0,-1
-0.024241,-0.063524,0.108794,-1,0,0,0,1,0,0,0,-1
-0.024105,-0.062883,0.109549,-1,0,0,0,1,0,0,0,-1
-0.023964,-0.062252,0.110312,-1,0,0,0,1,0,0,0,-1
-0.023819,-0.061627,0.111079,-1,0,0,0,1,0,0,0,-1
-0.023671,-0.061008,0.11185,-1,0,0,0,1,0,0,0,-1
-0.023519,-0.060391,0.112623,-1,0,0,0,1,0,0,0,-1
-0.023366,-0.059775,0.113395,-1,0,0,0,1,0,0,0,-1
-0.023213,-0.059158,0.114167,-1,0,0,0,1,0,0,0,-1
-0.023059,-0.058538,0.114936,-1,0,0,0,1,0,0,0,-1
-0.022908,-0.057912,0.115702,-1,0,0,0,1,0,0,0,-1
-0.02276,-0.057279,0.116462,-1,0,0,0,1,0,0,0,-1
-0.022618,-0.056638,0.117215,-1,0,0,0,1,0,0,0,-1
-0.022481,-0.055986,0.117961,-1,0,0,0,1,0,0,0,-1
-0.022355,-0.055321,0.118697,-1,0,0,0,1,0,0,0,-1
-0.022239,-0.054642,0.119422,-1,0,0,0,1,0,0,0,-1
-0.022138,-0.053947,0.120134,-1,0,0,0,1,0,0,0,-1
-0.022056,-0.053235,0.120831,-1,0,0,0,1,0,0,0,-1
-0.021996,-0.052504,0.121511,-1,0,0,0,1,0,0,0,-1
-0.021963,-0.051754,0.122171,-1,0,0,0,1,0,0,0,-1
-0.021965,-0.050983,0.122808,-1,0,0,0,1,0,0,0,-1
-0.022008,-0.050193,0.123419,-1,0,0,0,1,0,0,0,-1
-0.022103,-0.049383,0.123998,-1,0,0,0,1,0,0,0,-1
-0.022262,-0.048558,0.124539,-1,0,0,0,1,0,0,0,-1
-0.0225,-0.047723,0.125034,-1,0,0,0,1,0,0,0,-1
-0.022834,-0.046889,0.125473,-1,0,0,0,1,0,0,0,-1
-0.023282,-0.046075,0.12584,-1,0,0,0,1,0,0,0,-1
-0.023858,-0.045308,0.12612,-1,0,0,0,1,0,0,0,-1
-0.023858,-0.045308,0.12612,-1,0,0,0,1,0,0,0,-1
-0.024651,-0.0447,0.126117,-1,0,0,0,1,0,0,0,-1
-0.025495,-0.044164,0.126116,-1,0,0,0,1,0,0,0,-1
-0.025497,-0.044162,0.126116,-1,0,0,0,1,0,0,0,-1
-0.025497,-0.044162,0.126116,-1,0,0,0,1,0,0,0,-1
-0.026383,-0.0437,0.126117,-1,0,0,0,1,0,0,0,-1
-0.027307,-0.043317,0.12612,-1,0,0,0,1,0,0,0,-1
-0.027309,-0.043316,0.12612,-1,0,0,0,1,0,0,0,-1
-0.027309,-0.043316,0.12612,-1,0,0,0,1,0,0,0,-1
-0.028261,-0.043201,0.12584,-1,0,0,0,1,0,0,0,-1
-0.02919,-0.043219,0.125473,-1,0,0,0,1,0,0,0,-1
-0.030079,-0.043347,0.125034,-1,0,0,0,1,0,0,0,-1
-0.030921,-0.043558,0.124539,-1,0,0,0,1,0,0,0,-1
-0.031716,-0.043833,0.123998,-1,0,0,0,1,0,0,0,-1
-0.032464,-0.044156,0.123419,-1,0,0,0,1,0,0,0,-1
-0.033171,-0.044514,0.122809,-1,0,0,0,1,0,0,0,-1
-0.033839,-0.044898,0.122171,-1,0,0,0,1,0,0,0,-1
-0.034472,-0.045301,0.121511,-1,0,0,0,1,0,0,0,-1
-0.035075,-0.045718,0.120831,-1,0,0,0,1,0,0,0,-1
-0.03565,-0.046146,0.120134,-1,0,0,0,1,0,0,0,-1
-0.036202,-0.04658,0.119422,-1,0,0,0,1,0,0,0,-1
-0.036732,-0.04702,0.118697,-1,0,0,0,1,0,0,0,-1
-0.037245,-0.047462,0.117961,-1,0,0,0,1,0,0,0,-1
-0.037742,-0.047906,0.117215,-1,0,0,0,1,0,0,0,-1
-0.038226,-0.048351,0.116462,-1,0,0,0,1,0,0,0,-1
-0.038699,-0.048795,0.115702,-1,0,0,0,1,0,0,0,-1
-0.039166,-0.049239,0.114936,-1,0,0,0,1,0,0,0,-1
-0.039626,-0.049682,0.114167,-1,0,0,0,1,0,0,0,-1
-0.040084,-0.050123,0.113395,-1,0,0,0,1,0,0,0,-1
-0.040541,-0.050564,0.112622,-1,0,0,0,1,0,0,0,-1
-0.040999,-0.051003,0.11185,-1,0,0,0,1,0,0,0,-1
-0.041461,-0.051442,0.111079,-1,0,0,0,1,0,0,0,-1
-0.041929,-0.05188,0.110311,-1,0,0,0,1,0,0,0,-1
-0.042406,-0.052317,0.109549,-1,0,0,0,1,0,0,0,-1
-0.042893,-0.052755,0.108793,-1,0,0,0,1,0,0,0,-1
-0.043393,-0.053194,0.108047,-1,0,0,0,1,0,0,0,-1
-0.043909,-0.053634,0.107312,-1,0,0,0,1,0,0,0,-1
-0.044441,-0.054077,0.10659,-1,0,0,0,1,0,0,0,-1
-0.044993,-0.054522,0.105885,-1,0,0,0,1,0,0,0,-1
-0.045565,-0.05497,0.105199,-1,0,0,0,1,0,0,0,-1
-0.046161,-0.055423,0.104535,-1,0,0,0,1,0,0,0,-1
-0.046781,-0.05588,0.103898,-1,0,0,0,1,0,0,0,-1
-0.047427,-0.056342,0.10329,-1,0,0,0,1,0,0,0,-1
-0.0481,-0.05681,0.102717,-1,0,0,0,1,0,0,0,-1
-0.0488,-0.057284,0.102183,-1,0,0,0,1,0,0,0,-1
-0.049528,-0.057762,0.101692,-1,0,0,0,1,0,0,0,-1
-0.050283,-0.058246,0.101249,-1,0,0,0,1,0,0,0,-1
-0.051064,-0.058732,0.100859,-1,0,0,0,1,0,0,0,-1
-0.051869,-0.059221,0.100525,-1,0,0,0,1,0,0,0,-1
-0.052697,-0.059711,0.10025,-1,0,0,0,1,0,0,0,-1
-0.053543,-0.060198,0.100036,-1,0,0,0,1,0,0,0,-1
-0.054405,-0.060682,0.099885,-1,0,0,0,1,0,0,0,-1
-0.055278,-0.061162,0.099797,-1,0,0,0,1,0,0,0,-1
-0.056158,-0.061636,0.099769,-1,0,0,0,1,0,0,0,-1
-0.057041,-0.062103,0.0998,-1,0,0,0,1,0,0,0,-1
-0.057923,-0.062566,0.099887,-1,0,0,0,1,0,0,0,-1
-0.058801,-0.063023,0.100029,-1,0,0,0,1,0,0,0,-1
-0.05967,-0.063479,0.100222,-1,0,0,0,1,0,0,0,-1
-0.060528,-0.063932,0.100463,-1,0,0,0,1,0,0,0,-1
-0.061371,-0.064386,0.100752,-1,0,0,0,1,0,0,0,-1
-0.062197,-0.06484,0.101085,-1,0,0,0,1,0,0,0,-1
-0.063005,-0.065294,0.101461,-1,0,0,0,1,0,0,0,-1
-0.063792,-0.065748,0.101878,-1,0,0,0,1,0,0,0,-1
-0.064559,-0.066201,0.102333,-1,0,0,0,1,0,0,0,-1
-0.065304,-0.066652,0.102824,-1,0,0,0,1,0,0,0,-1
-0.066028,-0.067099,0.103349,-1,0,0,0,1,0,0,0,-1
-0.066731,-0.067542,0.103905,-1,0,0,0,1,0,0,0,-1
-0.067413,-0.06798,0.104491,-1,0,0,0,1,0,0,0,-1
-0.068074,-0.068412,0.105104,-1,0,0,0,1,0,0,0,-1
-0.068716,-0.068836,0.105743,-1,0,0,0,1,0,0,0,-1
-0.069339,-0.069253,0.106404,-1,0,0,0,1,0,0,0,-1
-0.069945,-0.069662,0.107087,-1,0,0,0,1,0,0,0,-1
-0.070533,-0.070063,0.10779,-1,0,0,0,1,0,0,0,-1
-0.071104,-0.070456,0.10851,-1,0,0,0,1,0,0,0,-1
-0.071661,-0.07084,0.109247,-1,0,0,0,1,0,0,0,-1
-0.072202,-0.071216,0.109998,-1,0,0,0,1,0,0,0,-1
-0.07273,-0.071585,0.110764,-1,0,0,0,1,0,0,0,-1
-0.073246,-0.071945,0.111541,-1,0,0,0,1,0,0,0,-1
-0.07375,-0.072298,0.112329,-1,0,0,0,1,0,0,0,-1
-0.074245,-0.072644,0.113126,-1,0,0,0,1,0,0,0,-1
-0.074731,-0.072985,0.113931,-1,0,0,0,1,0,0,0,-1
-0.075211,-0.07332,0.114742,-1,0,0,0,1,0,0,0,-1
-0.075687,-0.07365,0.115557,-1,0,0,0,1,0,0,0,-1
-0.076159,-0.073978,0.116375,-1,0,0,0,1,0,0,0,-1
-0.076632,-0.074303,0.117194,-1,0,0,0,1,0,0,0,-1
-0.077109,-0.074628,0.118011,-1,0,0,0,1,0,0,0,-1
-0.077591,-0.074954,0.118824,-1,0,0,0,1,0,0,0,-1
-0.078085,-0.075281,0.11963,-1,0,0,0,1,0,0,0,-1
-0.078592,-0.075613,0.120425,-1,0,0,0,1,0,0,0,-1
-0.07912,-0.07595,0.121205,-1,0,0,0,1,0,0,0,-1
-0.079672,-0.076293,0.121964,-1,0,0,0,1,0,0,0,-1
-0.080256,-0.076643,0.122697,-1,0,0,0,1,0,0,0,-1
-0.080876,-0.076999,0.123396,-1,0,0,0,1,0,0,0,-1
-0.081539,-0.077358,0.124052,-1,0,0,0,1,0,0,0,-1
-0.08225,-0.077717,0.124657,-1,0,0,0,1,0,0,0,-1
-0.083012,-0.078065,0.125201,-1,0,0,0,1,0,0,0,-1
-0.083829,-0.078392,0.125677,-1,0,0,0,1,0,0,0,-1
-0.084697,-0.07868,0.126079,-1,0,0,0,1,0,0,0,-1
-0.085614,-0.078906,0.126406,-1,0,0,0,1,0,0,0,-1
-0.085837,-0.078947,0.126472,-1,0,0,0,1,0,0,0,-1
-0.085837,-0.078947,0.126472,-1,0,0,0,1,0,0,0,-1
-0.086831,-0.079043,0.126478,-1,0,0,0,1,0,0,0,-1
-0.087829,-0.078999,0.126486,-1,0,0,0,1,0,0,0,-1
-0.088805,-0.078787,0.126493,-1,0,0,0,1,0,0,0,-1
-0.089724,-0.078396,0.126498,-1,0,0,0,1,0,0,0,-1
-0.090556,-0.077844,0.126501,-1,0,0,0,1,0,0,0,-1
-0.091289,-0.077164,0.126502,-1,0,0,0,1,0,0,0,-1
-0.091575,-0.076841,0.126502,-1,0,0,0,1,0,0,0,-1
-0.091575,-0.076841,0.126502,-1,0,0,0,1,0,0,0,-1
-0.092167,-0.076036,0.126502,-1,0,0,0,1,0,0,0,-1
-0.092633,-0.075152,0.1265,-1,0,0,0,1,0,0,0,-1
-0.092936,-0.074201,0.126495,-1,0,0,0,1,0,0,0,-1
-0.093055,-0.073209,0.126489,-1,0,0,0,1,0,0,0,-1
-0.092995,-0.072212,0.126482,-1,0,0,0,1,0,0,0,-1
-0.092783,-0.071236,0.126474,-1,0,0,0,1,0,0,0,-1
-0.092653,-0.070823,0.126472,-1,0,0,0,1,0,0,0,-1
-0.092653,-0.070823,0.126472,-1,0,0,0,1,0,0,0,-1
-0.092574,-0.070612,0.126406,-1,0,0,0,1,0,0,0,-1
-0.092192,-0.069748,0.126079,-1,0,0,0,1,0,0,0,-1
-0.091758,-0.068943,0.125677,-1,0,0,0,1,0,0,0,-1
-0.091294,-0.068196,0.125201,-1,0,0,0,1,0,0,0,-1
-0.090818,-0.067505,0.124657,-1,0,0,0,1,0,0,0,-1
-0.090342,-0.066867,0.124052,-1,0,0,0,1,0,0,0,-1
-0.089873,-0.066277,0.123396,-1,0,0,0,1,0,0,0,-1
-0.089415,-0.065728,0.122697,-1,0,0,0,1,0,0,0,-1
-0.088969,-0.065214,0.121964,-1,0,0,0,1,0,0,0,-1
-0.088535,-0.06473,0.121204,-1,0,0,0,1,0,0,0,-1
-0.088112,-0.064269,0.120424,-1,0,0,0,1,0,0,0,-1
-0.087697,-0.063826,0.11963,-1,0,0,0,1,0,0,0,-1
-0.087289,-0.063397,0.118824,-1,0,0,0,1,0,0,0,-1
-0.086884,-0.062978,0.118011,-1,0,0,0,1,0,0,0,-1
-0.086482,-0.062566,0.117194,-1,0,0,0,1,0,0,0,-1
-0.086079,-0.062156,0.116375,-1,0,0,0,1,0,0,0,-1
-0.085674,-0.061747,0.115557,-1,0,0,0,1,0,0,0,-1
-0.085266,-0.061337,0.114742,-1,0,0,0,1,0,0,0,-1
-0.084853,-0.060922,0.113931,-1,0,0,0,1,0,0,0,-1
-0.084433,-0.060503,0.113126,-1,0,0,0,1,0,0,0,-1
-0.084006,-0.060076,0.112329,-1,0,0,0,1,0,0,0,-1
-0.083571,-0.05964,0.111541,-1,0,0,0,1,0,0,0,-1
-0.083127,-0.059195,0.110764,-1,0,0,0,1,0,0,0,-1
-0.082672,-0.058739,0.109999,-1,0,0,0,1,0,0,0,-1
-0.082208,-0.058271,0.109247,-1,0,0,0,1,0,0,0,-1
-0.081733,-0.05779,0.10851,-1,0,0,0,1,0,0,0,-1
-0.081247,-0.057295,0.10779,-1,0,0,0,1,0,0,0,-1
-0.08075,-0.056785,0.107087,-1,0,0,0,1,0,0,0,-1
-0.080242,-0.05626,0.106404,-1,0,0,0,1,0,0,0,-1
-0.079723,-0.055719,0.105743,-1,0,0,0,1,0,0,0,-1
-0.079193,-0.05516,0.105105,-1,0,0,0,1,0,0,0,-1
-0.078654,-0.054583,0.104492,-1,0,0,0,1,0,0,0,-1
-0.078104,-0.053988,0.103906,-1,0,0,0,1,0,0,0,-1
-0.077546,-0.053373,0.103349,-1,0,0,0,1,0,0,0,-1
-0.076979,-0.052738,0.102824,-1,0,0,0,1,0,0,0,-1
-0.076406,-0.052082,0.102333,-1,0,0,0,1,0,0,0,-1
-0.075826,-0.051406,0.101878,-1,0,0,0,1,0,0,0,-1
-0.075242,-0.050709,0.101461,-1,0,0,0,1,0,0,0,-1
-0.074655,-0.049993,0.101085,-1,0,0,0,1,0,0,0,-1
-0.074064,-0.049258,0.100752,-1,0,0,0,1,0,0,0,-1
-0.073472,-0.048506,0.100463,-1,0,0,0,1,0,0,0,-1
-0.072876,-0.047741,0.100221,-1,0,0,0,1,0,0,0,-1
-0.072277,-0.046964,0.100029,-1,0,0,0,1,0,0,0,-1
-0.071673,-0.046179,0.099887,-1,0,0,0,1,0,0,0,-1
-0.071065,-0.04539,0.0998,-1,0,0,0,1,0,0,0,-1
-0.070451,-0.044602,0.099769,-1,0,0,0,1,0,0,0,-1
-0.069832,-0.043817,0.099797,-1,0,0,0,1,0,0,0,-1
-0.069208,-0.043041,0.099885,-1,0,0,0,1,0,0,0,-1
-0.068581,-0.042277,0.100036,-1,0,0,0,1,0,0,0,-1
-0.067954,-0.041528,0.10025,-1,0,0,0,1,0,0,0,-1
-0.067329,-0.040798,0.100525,-1,0,0,0,1,0,0,0,-1
-0.066707,-0.040089,0.100859,-1,0,0,0,1,0,0,0,-1
-0.066092,-0.039405,0.101249,-1,0,0,0,1,0,0,0,-1
-0.065485,-0.038745,0.101692,-1,0,0,0,1,0,0,0,-1
-0.064887,-0.038111,0.102183,-1,0,0,0,1,0,0,0,-1
-0.0643,-0.037504,0.102717,-1,0,0,0,1,0,0,0,-1
-0.063722,-0.036923,0.10329,-1,0,0,0,1,0,0,0,-1
-0.063155,-0.036367,0.103898,-1,0,0,0,1,0,0,0,-1
-0.062597,-0.035836,0.104535,-1,0,0,0,1,0,0,0,-1
-0.062047,-0.035328,0.105199,-1,0,0,0,1,0,0,0,-1
-0.061506,-0.034842,0.105885,-1,0,0,0,1,0,0,0,-1
-0.060972,-0.034376,0.10659,-1,0,0,0,1,0,0,0,-1
-0.060444,-0.033928,0.107312,-1,0,0,0,1,0,0,0,-1
-0.059921,-0.033497,0.108047,-1,0,0,0,1,0,0,0,-1
-0.059402,-0.033081,0.108794,-1,0,0,0,1,0,0,0,-1
-0.058886,-0.032677,0.109549,-1,0,0,0,1,0,0,0,-1
-0.058372,-0.032284,0.110312,-1,0,0,0,1,0,0,0,-1
-0.05786,-0.031898,0.111079,-1,0,0,0,1,0,0,0,-1
-0.057348,-0.03152,0.11185,-1,0,0,0,1,0,0,0,-1
-0.056836,-0.031145,0.112623,-1,0,0,0,1,0,0,0,-1
-0.056322,-0.030771,0.113395,-1,0,0,0,1,0,0,0,-1
-0.055808,-0.030397,0.114167,-1,0,0,0,1,0,0,0,-1
-0.055292,-0.03002,0.114936,-1,0,0,0,1,0,0,0,-1
-0.054774,-0.029638,0.115702,-1,0,0,0,1,0,0,0,-1
-0.054254,-0.029248,0.116462,-1,0,0,0,1,0,0,0,-1
-0.053732,-0.028849,0.117215,-1,0,0,0,1,0,0,0,-1
-0.053209,-0.028437,0.117961,-1,0,0,0,1,0,0,0,-1
-0.052684,-0.028009,0.118697,-1,0,0,0,1,0,0,0,-1
-0.052159,-0.027563,0.119422,-1,0,0,0,1,0,0,0,-1
-0.051635,-0.027095,0.120134,-1,0,0,0,1,0,0,0,-1
-0.051114,-0.026603,0.120831,-1,0,0,0,1,0,0,0,-1
-0.050599,-0.026082,0.121511,-1,0,0,0,1,0,0,0,-1
-0.050091,-0.025528,0.122171,-1,0,0,0,1,0,0,0,-1
-0.049597,-0.024937,0.122808,-1,0,0,0,1,0,0,0,-1
-0.049122,-0.024303,0.123419,-1,0,0,0,1,0,0,0,-1
-0.048675,-0.023622,0.123998,-1,0,0,0,1,0,0,0,-1
-0.048266,-0.022887,0.124539,-1,0,0,0,1,0,0,0,-1
-0.047912,-0.022095,0.125034,-1,0,0,0,1,0,0,0,-1
-0.047632,-0.021242,0.125473,-1,0,0,0,1,0,0,0,-1
-0.047452,-0.02033,0.12584,-1,0,0,0,1,0,0,0,-1
-0.0474,-0.019373,0.12612,-1,0,0,0,1,0,0,0,-1
-0.0474,-0.019373,0.12612,-1,0,0,0,1,0,0,0,-1
-0.047617,-0.018397,0.126117,-1,0,0,0,1,0,0,0,-1
-0.047918,-0.017444,0.126116,-1,0,0,0,1,0,0,0,-1
-0.047919,-0.017441,0.126116,-1,0,0,0,1,0,0,0,-1
-0.047919,-0.017441,0.126116,-1,0,0,0,1,0,0,0,-1
-0.048301,-0.016517,0.126117,-1,0,0,0,1,0,0,0,-1
-0.048761,-0.01563,0.12612,-1,0,0,0,1,0,0,0,-1
-0.048763,-0.015628,0.12612,-1,0,0,0,1,0,0,0,-1
-0.048763,-0.015628,0.12612,-1,0,0,0,1,0,0,0,-1
-0.049418,-0.014928,0.12584,-1,0,0,0,1,0,0,0,-1
-0.050142,-0.014345,0.125473,-1,0,0,0,1,0,0,0,-1
-0.050905,-0.013871,0.125034,-1,0,0,0,1,0,0,0,-1
-0.051686,-0.013492,0.124539,-1,0,0,0,1,0,0,0,-1
-0.052471,-0.013192,0.123998,-1,0,0,0,1,0,0,0,-1
-0.053252,-0.012958,0.123419,-1,0,0,0,1,0,0,0,-1
-0.054023,-0.012778,0.122809,-1,0,0,0,1,0,0,0,-1
-0.054781,-0.012643,0.122171,-1,0,0,0,1,0,0,0,-1
-0.055526,-0.012544,0.121511,-1,0,0,0,1,0,0,0,-1
-0.056256,-0.012476,0.120831,-1,0,0,0,1,0,0,0,-1
-0.056972,-0.012434,0.120134,-1,0,0,0,1,0,0,0,-1
-0.057673,-0.012413,0.119422,-1,0,0,0,1,0,0,0,-1
-0.058362,-0.012408,0.118697,-1,0,0,0,1,0,0,0,-1
-0.059039,-0.012417,0.117961,-1,0,0,0,1,0,0,0,-1
-0.059705,-0.012438,0.117215,-1,0,0,0,1,0,0,0,-1
-0.060362,-0.012468,0.116462,-1,0,0,0,1,0,0,0,-1
-0.06101,-0.012504,0.115702,-1,0,0,0,1,0,0,0,-1
-0.061653,-0.012544,0.114936,-1,0,0,0,1,0,0,0,-1
-0.06229,-0.012587,0.114167,-1,0,0,0,1,0,0,0,-1
-0.062925,-0.012631,0.113395,-1,0,0,0,1,0,0,0,-1
-0.063558,-0.012675,0.112622,-1,0,0,0,1,0,0,0,-1
-0.064191,-0.012717,0.11185,-1,0,0,0,1,0,0,0,-1
-0.064827,-0.012756,0.111079,-1,0,0,0,1,0,0,0,-1
-0.065467,-0.01279,0.110311,-1,0,0,0,1,0,0,0,-1
-0.066114,-0.012819,0.109549,-1,0,0,0,1,0,0,0,-1
-0.066768,-0.012842,0.108793,-1,0,0,0,1,0,0,0,-1
-0.067434,-0.012856,0.108047,-1,0,0,0,1,0,0,0,-1
-0.068111,-0.012862,0.107312,-1,0,0,0,1,0,0,0,-1
-0.068804,-0.012859,0.10659,-1,0,0,0,1,0,0,0,-1
-0.069512,-0.012845,0.105885,-1,0,0,0,1,0,0,0,-1
-0.070239,-0.012821,0.105199,-1,0,0,0,1,0,0,0,-1
-0.070986,-0.012785,0.104535,-1,0,0,0,1,0,0,0,-1
-0.071755,-0.012736,0.103898,-1,0,0,0,1,0,0,0,-1
-0.072547,-0.012675,0.10329,-1,0,0,0,1,0,0,0,-1
-0.073363,-0.012601,0.102717,-1,0,0,0,1,0,0,0,-1
-0.074204,-0.012514,0.102183,-1,0,0,0,1,0,0,0,-1
-0.075069,-0.012413,0.101692,-1,0,0,0,1,0,0,0,-1
-0.075958,-0.012298,0.101249,-1,0,0,0,1,0,0,0,-1
-0.07687,-0.012168,0.100859,-1,0,0,0,1,0,0,0,-1
-0.077801,-0.012025,0.100525,-1,0,0,0,1,0,0,0,-1
-0.078749,-0.011868,0.10025,-1,0,0,0,1,0,0,0,-1
-0.079711,-0.011697,0.100036,-1,0,0,0,1,0,0,0,-1
-0.080683,-0.011515,0.099885,-1,0,0,0,1,0,0,0,-1
-0.081659,-0.011321,0.099797,-1,0,0,0,1,0,0,0,-1
-0.082638,-0.011118,0.099769,-1,0,0,0,1,0,0,0,-1
-0.083615,-0.010909,0.0998,-1,0,0,0,1,0,0,0,-1
-0.084588,-0.010696,0.099887,-1,0,0,0,1,0,0,0,-1
-0.085555,-0.010482,0.100029,-1,0,0,0,1,0,0,0,-1
-0.086513,-0.010272,0.100222,-1,0,0,0,1,0,0,0,-1
-0.087462,-0.010069,0.100463,-1,0,0,0,1,0,0,0,-1
-0.088399,-0.009874,0.100752,-1,0,0,0,1,0,0,0,-1
-0.089324,-0.009691,0.101085,-1,0,0,0,1,0,0,0,-1
-0.090234,-0.009519,0.101461,-1,0,0,0,1,0,0,0,-1
-0.091129,-0.009361,0.101878,-1,0,0,0,1,0,0,0,-1
-0.092008,-0.009215,0.102333,-1,0,0,0,1,0,0,0,-1
-0.092869,-0.009082,0.102824,-1,0,0,0,1,0,0,0,-1
-0.093711,-0.008959,0.103349,-1,0,0,0,1,0,0,0,-1
-0.094534,-0.008847,0.103905,-1,0,0,0,1,0,0,0,-1
-0.095338,-0.008744,0.104491,-1,0,0,0,1,0,0,0,-1
-0.096122,-0.008649,0.105104,-1,0,0,0,1,0,0,0,-1
-0.096887,-0.008562,0.105743,-1,0,0,0,1,0,0,0,-1
-0.097632,-0.00848,0.106404,-1,0,0,0,1,0,0,0,-1
-0.098359,-0.008405,0.107087,-1,0,0,0,1,0,0,0,-1
-0.099067,-0.008334,0.10779,-1,0,0,0,1,0,0,0,-1
-0.099757,-0.008267,0.10851,-1,0,0,0,1,0,0,0,-1
-0.10043,-0.008204,0.109247,-1,0,0,0,1,0,0,0,-1
-0.101087,-0.008144,0.109998,-1,0,0,0,1,0,0,0,-1
-0.101728,-0.008087,0.110764,-1,0,0,0,1,0,0,0,-1
-0.102355,-0.008031,0.111541,-1,0,0,0,1,0,0,0,-1
-0.102968,-0.007978,0.112329,-1,0,0,0,1,0,0,0,-1
-0.10357,-0.007925,0.113126,-1,0,0,0,1,0,0,0,-1
-0.104161,-0.007873,0.113931,-1,0,0,0,1,0,0,0,-1
-0.104744,-0.007821,0.114742,-1,0,0,0,1,0,0,0,-1
-0.105321,-0.007769,0.115557,-1,0,0,0,1,0,0,0,-1
-0.105893,-0.007716,0.116375,-1,0,0,0,1,0,0,0,-1
-0.106465,-0.007661,0.117194,-1,0,0,0,1,0,0,0,-1
-0.107039,-0.007604,0.118011,-1,0,0,0,1,0,0,0,-1
-0.107618,-0.007543,0.118824,-1,0,0,0,1,0,0,0,-1
-0.108206,-0.007477,0.11963,-1,0,0,0,1,0,0,0,-1
-0.108808,-0.007405,0.120425,-1,0,0,0,1,0,0,0,-1
-0.109429,-0.007324,0.121205,-1,0,0,0,1,0,0,0,-1
-0.110073,-0.007232,0.121964,-1,0,0,0,1,0,0,0,-1
-0.110745,-0.007125,0.122697,-1,0,0,0,1,0,0,0,-1
-0.111448,-0.006999,0.123396,-1,0,0,0,1,0,0,0,-1
-0.112187,-0.006848,0.124052,-1,0,0,0,1,0,0,0,-1
-0.112962,-0.006666,0.124657,-1,0,0,0,1,0,0,0,-1
-0.113771,-0.006442,0.125201,-1,0,0,0,1,0,0,0,-1
-0.114606,-0.006168,0.125677,-1,0,0,0,1,0,0,0,-1
-0.115456,-0.00583,0.126079,-1,0,0,0,1,0,0,0,-1
-0.116304,-0.005414,0.126406,-1,0,0,0,1,0,0,0,-1
-0.116501,-0.005302,0.126472,-1,0,0,0,1,0,0,0,-1
-0.116501,-0.005302,0.126472,-1,0,0,0,1,0,0,0,-1
-0.117324,-0.004736,0.126478,-1,0,0,0,1,0,0,0,-1
-0.11806,-0.004061,0.126486,-1,0,0,0,1,0,0,0,-1
-0.118672,-0.003271,0.126493,-1,0,0,0,1,0,0,0,-1
-0.119125,-0.002381,0.126498,-1,0,0,0,1,0,0,0,-1
-0.119407,-0.001423,0.126501,-1,0,0,0,1,0,0,0,-1
-0.119531,-0.000432,0.126502,-1,0,0,0,1,0,0,0,-1
-0.119543,0,0.126502,-1,0,0,0,1,0,0,0,-1
-0.119543,0,0.126502,-1,0,0,0,1,0,0,0,-1
-0.119479,0.000997,0.126502,-1,0,0,0,1,0,0,0,-1
-0.119267,0.001973,0.1265,-1,0,0,0,1,0,0,0,-1
-0.118888,0.002897,0.126495,-1,0,0,0,1,0,0,0,-1
-0.118342,0.003733,0.126489,-1,0,0,0,1,0,0,0,-1
-0.117656,0.004458,0.126482,-1,0,0,0,1,0,0,0,-1
-0.116866,0.00507,0.126474,-1,0,0,0,1,0,0,0,-1
-0.116501,0.005302,0.126472,-1,0,0,0,1,0,0,0,-1
-0.116501,0.005302,0.126472,-1,0,0,0,1,0,0,0,-1
-0.116304,0.005414,0.126406,-1,0,0,0,1,0,0,0,-1
-0.115456,0.00583,0.126079,-1,0,0,0,1,0,0,0,-1
-0.114606,0.006168,0.125677,-1,0,0,0,1,0,0,0,-1
-0.113771,0.006442,0.125201,-1,0,0,0,1,0,0,0,-1
-0.112962,0.006665,0.124657,-1,0,0,0,1,0,0,0,-1
-0.112187,0.006848,0.124052,-1,0,0,0,1,0,0,0,-1
-0.111449,0.006998,0.123396,-1,0,0,0,1,0,0,0,-1
-0.110745,0.007124,0.122697,-1,0,0,0,1,0,0,0,-1
-0.110073,0.007232,0.121964,-1,0,0,0,1,0,0,0,-1
-0.109429,0.007324,0.121204,-1,0,0,0,1,0,0,0,-1
-0.108809,0.007405,0.120424,-1,0,0,0,1,0,0,0,-1
-0.108206,0.007477,0.11963,-1,0,0,0,1,0,0,0,-1
-0.107618,0.007543,0.118824,-1,0,0,0,1,0,0,0,-1
-0.107038,0.007604,0.118011,-1,0,0,0,1,0,0,0,-1
-0.106465,0.007661,0.117194,-1,0,0,0,1,0,0,0,-1
-0.105894,0.007716,0.116375,-1,0,0,0,1,0,0,0,-1
-0.105321,0.007769,0.115557,-1,0,0,0,1,0,0,0,-1
-0.104744,0.007821,0.114742,-1,0,0,0,1,0,0,0,-1
-0.104161,0.007873,0.113931,-1,0,0,0,1,0,0,0,-1
-0.10357,0.007925,0.113126,-1,0,0,0,1,0,0,0,-1
-0.102968,0.007978,0.112329,-1,0,0,0,1,0,0,0,-1
-0.102355,0.008031,0.111541,-1,0,0,0,1,0,0,0,-1
-0.101728,0.008087,0.110764,-1,0,0,0,1,0,0,0,-1
-0.101087,0.008144,0.109999,-1,0,0,0,1,0,0,0,-1
-0.10043,0.008204,0.109247,-1,0,0,0,1,0,0,0,-1
-0.099757,0.008267,0.10851,-1,0,0,0,1,0,0,0,-1
-0.099067,0.008334,0.10779,-1,0,0,0,1,0,0,0,-1
-0.098359,0.008405,0.107087,-1,0,0,0,1,0,0,0,-1
-0.097632,0.00848,0.106404,-1,0,0,0,1,0,0,0,-1
-0.096887,0.008562,0.105743,-1,0,0,0,1,0,0,0,-1
-0.096122,0.008649,0.105105,-1,0,0,0,1,0,0,0,-1
-0.095338,0.008744,0.104492,-1,0,0,0,1,0,0,0,-1
-0.094534,0.008847,0.103906,-1,0,0,0,1,0,0,0,-1
-0.093711,0.008959,0.103349,-1,0,0,0,1,0,0,0,-1
-0.092869,0.009082,0.102824,-1,0,0,0,1,0,0,0,-1
-0.092008,0.009215,0.102333,-1,0,0,0,1,0,0,0,-1
-0.091129,0.009361,0.101878,-1,0,0,0,1,0,0,0,-1
-0.090234,0.009519,0.101461,-1,0,0,0,1,0,0,0,-1
-0.089324,0.00969,0.101085,-1,0,0,0,1,0,0,0,-1
-0.088399,0.009874,0.100752,-1,0,0,0,1,0,0,0,-1
-0.087462,0.010069,0.100463,-1,0,0,0,1,0,0,0,-1
-0.086513,0.010272,0.100221,-1,0,0,0,1,0,0,0,-1
-0.085555,0.010482,0.100029,-1,0,0,0,1,0,0,0,-1
-0.084588,0.010696,0.099887,-1,0,0,0,1,0,0,0,-1
-0.083615,0.010909,0.0998,-1,0,0,0,1,0,0,0,-1
-0.082638,0.011118,0.099769,-1,0,0,0,1,0,0,0,-1
-0.081659,0.011321,0.099797,-1,0,0,0,1,0,0,0,-1
-0.080683,0.011515,0.099885,-1,0,0,0,1,0,0,0,-1
-0.079711,0.011697,0.100036,-1,0,0,0,1,0,0,0,-1
-0.078749,0.011868,0.10025,-1,0,0,0,1,0,0,0,-1
-0.077801,0.012025,0.100525,-1,0,0,0,1,0,0,0,-1
-0.07687,0.012168,0.100859,-1,0,0,0,1,0,0,0,-1
-0.075958,0.012298,0.101249,-1,0,0,0,1,0,0,0,-1
-0.075069,0.012413,0.101692,-1,0,0,0,1,0,0,0,-1
-0.074204,0.012514,0.102183,-1,0,0,0,1,0,0,0,-1
-0.073363,0.012601,0.102717,-1,0,0,0,1,0,0,0,-1
-0.072547,0.012675,0.10329,-1,0,0,0,1,0,0,0,-1
-0.071755,0.012736,0.103898,-1,0,0,0,1,0,0,0,-1
-0.070986,0.012785,0.104535,-1,0,0,0,1,0,0,0,-1
-0.070239,0.012821,0.105199,-1,0,0,0,1,0,0,0,-1
-0.069512,0.012845,0.105885,-1,0,0,0,1,0,0,0,-1
-0.068804,0.012859,0.10659,-1,0,0,0,1,0,0,0,-1
-0.068111,0.012862,0.107312,-1,0,0,0,1,0,0,0,-1
-0.067434,0.012856,0.108047,-1,0,0,0,1,0,0,0,-1
-0.066769,0.012842,0.108794,-1,0,0,0,1,0,0,0,-1
-0.066114,0.012819,0.109549,-1,0,0,0,1,0,0,0,-1
-0.065467,0.01279,0.110312,-1,0,0,0,1,0,0,0,-1
-0.064827,0.012756,0.111079,-1,0,0,0,1,0,0,0,-1
-0.064191,0.012717,0.11185,-1,0,0,0,1,0,0,0,-1
-0.063558,0.012675,0.112623,-1,0,0,0,1,0,0,0,-1
-0.062925,0.012631,0.113395,-1,0,0,0,1,0,0,0,-1
-0.06229,0.012587,0.114167,-1,0,0,0,1,0,0,0,-1
-0.061653,0.012544,0.114936,-1,0,0,0,1,0,0,0,-1
-0.06101,0.012504,0.115702,-1,0,0,0,1,0,0,0,-1
-0.060361,0.012468,0.116462,-1,0,0,0,1,0,0,0,-1
-0.059705,0.012439,0.117215,-1,0,0,0,1,0,0,0,-1
-0.059039,0.012418,0.117961,-1,0,0,0,1,0,0,0,-1
-0.058362,0.012409,0.118697,-1,0,0,0,1,0,0,0,-1
-0.057673,0.012413,0.119422,-1,0,0,0,1,0,0,0,-1
-0.056972,0.012434,0.120134,-1,0,0,0,1,0,0,0,-1
-0.056256,0.012477,0.120831,-1,0,0,0,1,0,0,0,-1
-0.055526,0.012544,0.121511,-1,0,0,0,1,0,0,0,-1
-0.054781,0.012643,0.122171,-1,0,0,0,1,0,0,0,-1
-0.054023,0.012778,0.122808,-1,0,0,0,1,0,0,0,-1
-0.053252,0.012958,0.123419,-1,0,0,0,1,0,0,0,-1
-0.052471,0.013192,0.123998,-1,0,0,0,1,0,0,0,-1
-0.051686,0.013492,0.124539,-1,0,0,0,1,0,0,0,-1
-0.050905,0.013871,0.125034,-1,0,0,0,1,0,0,0,-1
-0.050142,0.014345,0.125473,-1,0,0,0,1,0,0,0,-1
-0.049418,0.014928,0.12584,-1,0,0,0,1,0,0,0,-1
-0.048763,0.015628,0.12612,-1,0,0,0,1,0,0,0,-1
-0.048763,0.015628,0.12612,-1,0,0,0,1,0,0,0,-1
-0.048302,0.016515,0.126117,-1,0,0,0,1,0,0,0,-1
-0.04792,0.017439,0.126116,-1,0,0,0,1,0,0,0,-1
-0.047919,0.017441,0.126116,-1,0,0,0,1,0,0,0,-1
-0.047919,0.017441,0.126116,-1,0,0,0,1,0,0,0,-1
-0.047617,0.018394,0.126117,-1,0,0,0,1,0,0,0,-1
-0.0474,0.01937,0.12612,-1,0,0,0,1,0,0,0,-1
-0.0474,0.019373,0.12612,-1,0,0,0,1,0,0,0,-1
-0.0474,0.019373,0.12612,-1,0,0,0,1,0,0,0,-1
-0.047452,0.02033,0.12584,-1,0,0,0,1,0,0,0,-1
-0.047632,0.021242,0.125473,-1,0,0,0,1,0,0,0,-1
-0.047912,0.022095,0.125034,-1,0,0,0,1,0,0,0,-1
-0.048266,0.022888,0.124539,-1,0,0,0,1,0,0,0,-1
-0.048675,0.023622,0.123998,-1,0,0,0,1,0,0,0,-1
-0.049122,0.024303,0.123419,-1,0,0,0,1,0,0,0,-1
-0.049597,0.024937,0.122809,-1,0,0,0,1,0,0,0,-1
-0.050091,0.025528,0.122171,-1,0,0,0,1,0,0,0,-1
-0.050599,0.026082,0.121511,-1,0,0,0,1,0,0,0,-1
-0.051114,0.026603,0.120831,-1,0,0,0,1,0,0,0,-1
-0.051635,0.027095,0.120134,-1,0,0,0,1,0,0,0,-1
-0.052159,0.027563,0.119422,-1,0,0,0,1,0,0,0,-1
-0.052684,0.028009,0.118697,-1,0,0,0,1,0,0,0,-1
-0.053208,0.028437,0.117961,-1,0,0,0,1,0,0,0,-1
-0.053732,0.02885,0.117215,-1,0,0,0,1,0,0,0,-1
-0.054254,0.029249,0.116462,-1,0,0,0,1,0,0,0,-1
-0.054774,0.029638,0.115702,-1,0,0,0,1,0,0,0,-1
-0.055292,0.03002,0.114936,-1,0,0,0,1,0,0,0,-1
-0.055808,0.030397,0.114167,-1,0,0,0,1,0,0,0,-1
-0.056322,0.030771,0.113395,-1,0,0,0,1,0,0,0,-1
-0.056835,0.031144,0.112622,-1,0,0,0,1,0,0,0,-1
-0.057348,0.031519,0.11185,-1,0,0,0,1,0,0,0,-1
-0.05786,0.031898,0.111079,-1,0,0,0,1,0,0,0,-1
-0.058372,0.032283,0.110311,-1,0,0,0,1,0,0,0,-1
-0.058886,0.032677,0.109549,-1,0,0,0,1,0,0,0,-1
-0.059402,0.033081,0.108793,-1,0,0,0,1,0,0,0,-1
-0.059921,0.033497,0.108047,-1,0,0,0,1,0,0,0,-1
-0.060444,0.033928,0.107312,-1,0,0,0,1,0,0,0,-1
-0.060972,0.034376,0.10659,-1,0,0,0,1,0,0,0,-1
-0.061506,0.034842,0.105885,-1,0,0,0,1,0,0,0,-1
-0.062047,0.035328,0.105199,-1,0,0,0,1,0,0,0,-1
-0.062597,0.035836,0.104535,-1,0,0,0,1,0,0,0,-1
-0.063155,0.036367,0.103898,-1,0,0,0,1,0,0,0,-1
-0.063722,0.036923,0.10329,-1,0,0,0,1,0,0,0,-1
-0.0643,0.037504,0.102717,-1,0,0,0,1,0,0,0,-1
-0.064887,0.038111,0.102183,-1,0,0,0,1,0,0,0,-1
-0.065485,0.038745,0.101692,-1,0,0,0,1,0,0,0,-1
-0.066092,0.039405,0.101249,-1,0,0,0,1,0,0,0,-1
-0.066707,0.040089,0.100859,-1,0,0,0,1,0,0,0,-1
-0.067329,0.040798,0.100525,-1,0,0,0,1,0,0,0,-1
-0.067954,0.041528,0.10025,-1,0,0,0,1,0,0,0,-1
-0.068581,0.042277,0.100036,-1,0,0,0,1,0,0,0,-1
-0.069208,0.043041,0.099885,-1,0,0,0,1,0,0,0,-1
-0.069831,0.043817,0.099797,-1,0,0,0,1,0,0,0,-1
-0.070451,0.044602,0.099769,-1,0,0,0,1,0,0,0,-1
-0.071065,0.04539,0.0998,-1,0,0,0,1,0,0,0,-1
-0.071673,0.046179,0.099887,-1,0,0,0,1,0,0,0,-1
-0.072277,0.046964,0.100029,-1,0,0,0,1,0,0,0,-1
-0.072876,0.047741,0.100222,-1,0,0,0,1,0,0,0,-1
-0.073472,0.048506,0.100463,-1,0,0,0,1,0,0,0,-1
-0.074064,0.049258,0.100752,-1,0,0,0,1,0,0,0,-1
-0.074655,0.049993,0.101085,-1,0,0,0,1,0,0,0,-1
-0.075243,0.050709,0.101461,-1,0,0,0,1,0,0,0,-1
-0.075826,0.051406,0.101878,-1,0,0,0,1,0,0,0,-1
-0.076406,0.052082,0.102333,-1,0,0,0,1,0,0,0,-1
-0.076979,0.052738,0.102824,-1,0,0,0,1,0,0,0,-1
-0.077546,0.053373,0.103349,-1,0,0,0,1,0,0,0,-1
-0.078104,0.053988,0.103905,-1,0,0,0,1,0,0,0,-1
-0.078653,0.054584,0.104491,-1,0,0,0,1,0,0,0,-1
-0.079193,0.055161,0.105104,-1,0,0,0,1,0,0,0,-1
-0.079723,0.055719,0.105743,-1,0,0,0,1,0,0,0,-1
-0.080242,0.05626,0.106404,-1,0,0,0,1,0,0,0,-1
-0.08075,0.056785,0.107087,-1,0,0,0,1,0,0,0,-1
-0.081247,0.057295,0.10779,-1,0,0,0,1,0,0,0,-1
-0.081733,0.05779,0.10851,-1,0,0,0,1,0,0,0,-1
-0.082208,0.058271,0.109247,-1,0,0,0,1,0,0,0,-1
-0.082672,0.058739,0.109998,-1,0,0,0,1,0,0,0,-1
-0.083126,0.059195,0.110764,-1,0,0,0,1,0,0,0,-1
-0.083571,0.05964,0.111541,-1,0,0,0,1,0,0,0,-1
-0.084006,0.060075,0.112329,-1,0,0,0,1,0,0,0,-1
-0.084433,0.060502,0.113126,-1,0,0,0,1,0,0,0,-1
-0.084853,0.060922,0.113931,-1,0,0,0,1,0,0,0,-1
-0.085266,0.061337,0.114742,-1,0,0,0,1,0,0,0,-1
-0.085674,0.061747,0.115557,-1,0,0,0,1,0,0,0,-1
-0.086079,0.062156,0.116375,-1,0,0,0,1,0,0,0,-1
-0.086482,0.062566,0.117194,-1,0,0,0,1,0,0,0,-1
-0.086884,0.062978,0.118011,-1,0,0,0,1,0,0,0,-1
-0.087288,0.063397,0.118824,-1,0,0,0,1,0,0,0,-1
-0.087697,0.063826,0.11963,-1,0,0,0,1,0,0,0,-1
-0.088112,0.064268,0.120425,-1,0,0,0,1,0,0,0,-1
-0.088535,0.064729,0.121205,-1,0,0,0,1,0,0,0,-1
-0.088969,0.065214,0.121964,-1,0,0,0,1,0,0,0,-1
-0.089415,0.065727,0.122697,-1,0,0,0,1,0,0,0,-1
-0.089873,0.066276,0.123396,-1,0,0,0,1,0,0,0,-1
-0.090342,0.066867,0.124052,-1,0,0,0,1,0,0,0,-1
-0.090819,0.067505,0.124657,-1,0,0,0,1,0,0,0,-1
-0.091294,0.068195,0.125201,-1,0,0,0,1,0,0,0,-1
-0.091758,0.068942,0.125677,-1,0,0,0,1,0,0,0,-1
-0.092192,0.069748,0.126079,-1,0,0,0,1,0,0,0,-1
-0.092574,0.070612,0.126406,-1,0,0,0,1,0,0,0,-1
-0.092653,0.070823,0.126472,-1,0,0,0,1,0,0,0,-1
-0.092653,0.070823,0.126472,-1,0,0,0,1,0,0,0,-1
-0.09292,0.071786,0.126478,-1,0,0,0,1,0,0,0,-1
-0.09305,0.072777,0.126486,-1,0,0,0,1,0,0,0,-1
-0.09301,0.073775,0.126493,-1,0,0,0,1,0,0,0,-1
-0.092786,0.074748,0.126498,-1,0,0,0,1,0,0,0,-1
-0.092386,0.075663,0.126501,-1,0,0,0,1,0,0,0,-1
-0.091844,0.076502,0.126502,-1,0,0,0,1,0,0,0,-1
-0.091575,0.076841,0.126502,-1,0,0,0,1,0,0,0,-1
-0.091575,0.076841,0.126502,-1,0,0,0,1,0,0,0,-1
-0.090885,0.077563,0.126502,-1,0,0,0,1,0,0,0,-1
-0.090096,0.078175,0.1265,-1,0,0,0,1,0,0,0,-1
-0.089211,0.078639,0.126495,-1,0,0,0,1,0,0,0,-1
-0.088256,0.078929,0.126489,-1,0,0,0,1,0,0,0,-1
-0.087264,0.079043,0.126482,-1,0,0,0,1,0,0,0,-1
-0.086265,0.079004,0.126474,-1,0,0,0,1,0,0,0,-1
-0.085837,0.078947,0.126472,-1,0,0,0,1,0,0,0,-1
-0.085837,0.078947,0.126472,-1,0,0,0,1,0,0,0,-1
-0.085615,0.078906,0.126406,-1,0,0,0,1,0,0,0,-1
-0.084697,0.07868,0.126079,-1,0,0,0,1,0,0,0,-1
-0.083829,0.078392,0.125677,-1,0,0,0,1,0,0,0,-1
-0.083013,0.078065,0.125201,-1,0,0,0,1,0,0,0,-1
-0.08225,0.077717,0.124657,-1,0,0,0,1,0,0,0,-1
-0.081539,0.077358,0.124052,-1,0,0,0,1,0,0,0,-1
-0.080876,0.076999,0.123396,-1,0,0,0,1,0,0,0,-1
-0.080256,0.076643,0.122697,-1,0,0,0,1,0,0,0,-1
-0.079672,0.076293,0.121964,-1,0,0,0,1,0,0,0,-1
-0.07912,0.07595,0.121204,-1,0,0,0,1,0,0,0,-1
-0.078593,0.075613,0.120424,-1,0,0,0,1,0,0,0,-1
-0.078085,0.075281,0.11963,-1,0,0,0,1,0,0,0,-1
-0.077591,0.074954,0.118824,-1,0,0,0,1,0,0,0,-1
-0.077108,0.074628,0.118011,-1,0,0,0,1,0,0,0,-1
-0.076633,0.074303,0.117194,-1,0,0,0,1,0,0,0,-1
-0.076159,0.073978,0.116375,-1,0,0,0,1,0,0,0,-1
-0.075687,0.07365,0.115557,-1,0,0,0,1,0,0,0,-1
-0.075211,0.07332,0.114742,-1,0,0,0,1,0,0,0,-1
-0.074731,0.072985,0.113931,-1,0,0,0,1,0,0,0,-1
-0.074245,0.072644,0.113126,-1,0,0,0,1,0,0,0,-1
-0.07375,0.072298,0.112329,-1,0,0,0,1,0,0,0,-1
-0.073246,0.071945,0.111541,-1,0,0,0,1,0,0,0,-1
-0.07273,0.071585,0.110764,-1,0,0,0,1,0,0,0,-1
-0.072202,0.071216,0.109999,-1,0,0,0,1,0,0,0,-1
-0.071661,0.07084,0.109247,-1,0,0,0,1,0,0,0,-1
-0.071104,0.070456,0.10851,-1,0,0,0,1,0,0,0,-1
-0.070533,0.070063,0.10779,-1,0,0,0,1,0,0,0,-1
-0.069945,0.069662,0.107087,-1,0,0,0,1,0,0,0,-1
-0.069339,0.069253,0.106404,-1,0,0,0,1,0,0,0,-1
-0.068716,0.068836,0.105743,-1,0,0,0,1,0,0,0,-1
-0.068074,0.068412,0.105105,-1,0,0,0,1,0,0,0,-1
-0.067412,0.06798,0.104492,-1,0,0,0,1,0,0,0,-1
-0.06673,0.067543,0.103906,-1,0,0,0,1,0,0,0,-1
-0.066028,0.067099,0.103349,-1,0,0,0,1,0,0,0,-1
-0.065304,0.066652,0.102824,-1,0,0,0,1,0,0,0,-1
-0.064559,0.066201,0.102333,-1,0,0,0,1,0,0,0,-1
-0.063792,0.065748,0.101878,-1,0,0,0,1,0,0,0,-1
-0.063005,0.065294,0.101461,-1,0,0,0,1,0,0,0,-1
-0.062197,0.06484,0.101085,-1,0,0,0,1,0,0,0,-1
-0.061371,0.064386,0.100752,-1,0,0,0,1,0,0,0,-1
-0.060528,0.063932,0.100463,-1,0,0,0,1,0,0,0,-1
-0.05967,0.063479,0.100221,-1,0,0,0,1,0,0,0,-1
-0.058801,0.063023,0.100029,-1,0,0,0,1,0,0,0,-1
-0.057923,0.062566,0.099887,-1,0,0,0,1,0,0,0,-1
-0.057041,0.062103,0.0998,-1,0,0,0,1,0,0,0,-1
-0.056158,0.061636,0.099769,-1,0,0,0,1,0,0,0,-1
-0.055278,0.061162,0.099797,-1,0,0,0,1,0,0,0,-1
-0.054405,0.060682,0.099885,-1,0,0,0,1,0,0,0,-1
-0.053543,0.060198,0.100036,-1,0,0,0,1,0,0,0,-1
-0.052697,0.059711,0.10025,-1,0,0,0,1,0,0,0,-1
-0.051869,0.059221,0.100525,-1,0,0,0,1,0,0,0,-1
-0.051064,0.058732,0.100859,-1,0,0,0,1,0,0,0,-1
-0.050283,0.058246,0.101249,-1,0,0,0,1,0,0,0,-1
-0.049528,0.057762,0.101692,-1,0,0,0,1,0,0,0,-1
-0.0488,0.057284,0.102183,-1,0,0,0,1,0,0,0,-1
-0.0481,0.05681,0.102717,-1,0,0,0,1,0,0,0,-1
-0.047427,0.056342,0.10329,-1,0,0,0,1,0,0,0,-1
-0.046781,0.05588,0.103898,-1,0,0,0,1,0,0,0,-1
-0.046161,0.055423,0.104535,-1,0,0,0,1,0,0,0,-1
-0.045565,0.05497,0.105199,-1,0,0,0,1,0,0,0,-1
-0.044993,0.054522,0.105885,-1,0,0,0,1,0,0,0,-1
-0.044441,0.054077,0.10659,-1,0,0,0,1,0,0,0,-1
-0.043909,0.053634,0.107312,-1,0,0,0,1,0,0,0,-1
-0.043393,0.053194,0.108047,-1,0,0,0,1,0,0,0,-1
-0.042893,0.052755,0.108794,-1,0,0,0,1,0,0,0,-1
-0.042406,0.052317,0.109549,-1,0,0,0,1,0,0,0,-1
-0.041929,0.05188,0.110312,-1,0,0,0,1,0,0,0,-1
-0.041461,0.051442,0.111079,-1,0,0,0,1,0,0,0,-1
-0.040999,0.051003,0.11185,-1,0,0,0,1,0,0,0,-1
-0.040541,0.050564,0.112623,-1,0,0,0,1,0,0,0,-1
-0.040084,0.050123,0.113395,-1,0,0,0,1,0,0,0,-1
-0.039626,0.049682,0.114167,-1,0,0,0,1,0,0,0,-1
-0.039165,0.049239,0.114936,-1,0,0,0,1,0,0,0,-1
-0.038699,0.048795,0.115702,-1,0,0,0,1,0,0,0,-1
-0.038225,0.048351,0.116462,-1,0,0,0,1,0,0,0,-1
-0.037741,0.047906,0.117215,-1,0,0,0,1,0,0,0,-1
-0.037244,0.047462,0.117961,-1,0,0,0,1,0,0,0,-1
-0.036732,0.04702,0.118697,-1,0,0,0,1,0,0,0,-1
-0.036201,0.046581,0.119422,-1,0,0,0,1,0,0,0,-1
-0.03565,0.046146,0.120134,-1,0,0,0,1,0,0,0,-1
-0.035075,0.045718,0.120831,-1,0,0,0,1,0,0,0,-1
-0.034472,0.045301,0.121511,-1,0,0,0,1,0,0,0,-1
-0.033838,0.044898,0.122171,-1,0,0,0,1,0,0,0,-1
-0.03317,0.044514,0.122808,-1,0,0,0,1,0,0,0,-1
-0.032464,0.044156,0.123419,-1,0,0,0,1,0,0,0,-1
-0.031715,0.043833,0.123998,-1,0,0,0,1,0,0,0,-1
-0.030921,0.043558,0.124539,-1,0,0,0,1,0,0,0,-1
-0.030079,0.043347,0.125034,-1,0,0,0,1,0,0,0,-1
-0.02919,0.043219,0.125473,-1,0,0,0,1,0,0,0,-1
-0.028261,0.0432,0.12584,-1,0,0,0,1,0,0,0,-1
-0.027309,0.043316,0.12612,-1,0,0,0,1,0,0,0,-1
-0.027309,0.043316,0.12612,-1,0,0,0,1,0,0,0,-1
-0.026386,0.043699,0.126117,-1,0,0,0,1,0,0,0,-1
-0.0255,0.044161,0.126116,-1,0,0,0,1,0,0,0,-1
-0.025497,0.044162,0.126116,-1,0,0,0,1,0,0,0,-1
-0.025497,0.044162,0.126116,-1,0,0,0,1,0,0,0,-1
-0.024653,0.044699,0.126117,-1,0,0,0,1,0,0,0,-1
-0.02386,0.045307,0.12612,-1,0,0,0,1,0,0,0,-1
-0.023858,0.045308,0.12612,-1,0,0,0,1,0,0,0,-1
-0.023858,0.045308,0.12612,-1,0,0,0,1,0,0,0,-1
-0.023282,0.046075,0.12584,-1,0,0,0,1,0,0,0,-1
-0.022834,0.046889,0.125473,-1,0,0,0,1,0,0,0,-1
-0.0225,0.047723,0.125034,-1,0,0,0,1,0,0,0,-1
-0.022262,0.048558,0.124539,-1,0,0,0,1,0,0,0,-1
-0.022103,0.049383,0.123998,-1,0,0,0,1,0,0,0,-1
-0.022008,0.050193,0.123419,-1,0,0,0,1,0,0,0,-1
-0.021965,0.050983,0.122809,-1,0,0,0,1,0,0,0,-1
-0.021963,0.051754,0.122171,-1,0,0,0,1,0,0,0,-1
-0.021996,0.052504,0.121511,-1,0,0,0,1,0,0,0,-1
-0.022056,0.053235,0.120831,-1,0,0,0,1,0,0,0,-1
-0.022138,0.053947,0.120134,-1,0,0,0,1,0,0,0,-1
-0.022239,0.054642,0.119422,-1,0,0,0,1,0,0,0,-1
-0.022354,0.055321,0.118697,-1,0,0,0,1,0,0,0,-1
-0.022481,0.055986,0.117961,-1,0,0,0,1,0,0,0,-1
-0.022617,0.056638,0.117215,-1,0,0,0,1,0,0,0,-1
-0.02276,0.05728,0.116462,-1,0,0,0,1,0,0,0,-1
-0.022908,0.057912,0.115702,-1,0,0,0,1,0,0,0,-1
-0.023059,0.058538,0.114936,-1,0,0,0,1,0,0,0,-1
-0.023212,0.059158,0.114167,-1,0,0,0,1,0,0,0,-1
-0.023366,0.059775,0.113395,-1,0,0,0,1,0,0,0,-1
-0.023519,0.060391,0.112622,-1,0,0,0,1,0,0,0,-1
-0.023671,0.061008,0.11185,-1,0,0,0,1,0,0,0,-1
-0.023819,0.061627,0.111079,-1,0,0,0,1,0,0,0,-1
-0.023964,0.062252,0.110311,-1,0,0,0,1,0,0,0,-1
-0.024105,0.062883,0.109549,-1,0,0,0,1,0,0,0,-1
-0.024241,0.063524,0.108793,-1,0,0,0,1,0,0,0,-1
-0.024371,0.064177,0.108047,-1,0,0,0,1,0,0,0,-1
-0.024494,0.064843,0.107312,-1,0,0,0,1,0,0,0,-1
-0.024611,0.065525,0.10659,-1,0,0,0,1,0,0,0,-1
-0.024721,0.066226,0.105885,-1,0,0,0,1,0,0,0,-1
-0.024823,0.066946,0.105199,-1,0,0,0,1,0,0,0,-1
-0.024917,0.067688,0.104535,-1,0,0,0,1,0,0,0,-1
-0.025003,0.068454,0.103898,-1,0,0,0,1,0,0,0,-1
-0.025081,0.069244,0.10329,-1,0,0,0,1,0,0,0,-1
-0.025149,0.070061,0.102717,-1,0,0,0,1,0,0,0,-1
-0.025209,0.070904,0.102183,-1,0,0,0,1,0,0,0,-1
-0.02526,0.071773,0.101692,-1,0,0,0,1,0,0,0,-1
-0.025301,0.072669,0.101249,-1,0,0,0,1,0,0,0,-1
-0.025332,0.073589,0.100859,-1,0,0,0,1,0,0,0,-1
-0.025352,0.074531,0.100525,-1,0,0,0,1,0,0,0,-1
-0.025362,0.075492,0.10025,-1,0,0,0,1,0,0,0,-1
-0.025361,0.076469,0.100036,-1,0,0,0,1,0,0,0,-1
-0.02535,0.077457,0.099885,-1,0,0,0,1,0,0,0,-1
-0.025329,0.078453,0.099797,-1,0,0,0,1,0,0,0,-1
-0.025299,0.079452,0.099769,-1,0,0,0,1,0,0,0,-1
-0.025262,0.080451,0.0998,-1,0,0,0,1,0,0,0,-1
-0.025222,0.081446,0.099887,-1,0,0,0,1,0,0,0,-1
-0.025179,0.082435,0.100029,-1,0,0,0,1,0,0,0,-1
-0.025139,0.083415,0.100222,-1,0,0,0,1,0,0,0,-1
-0.025103,0.084385,0.100463,-1,0,0,0,1,0,0,0,-1
-0.025074,0.085342,0.100752,-1,0,0,0,1,0,0,0,-1
-0.025054,0.086284,0.101085,-1,0,0,0,1,0,0,0,-1
-0.025044,0.08721,0.101461,-1,0,0,0,1,0,0,0,-1
-0.025043,0.088119,0.101878,-1,0,0,0,1,0,0,0,-1
-0.025052,0.08901,0.102333,-1,0,0,0,1,0,0,0,-1
-0.02507,0.089881,0.102824,-1,0,0,0,1,0,0,0,-1
-0.025096,0.090731,0.103349,-1,0,0,0,1,0,0,0,-1
-0.025128,0.091562,0.103905,-1,0,0,0,1,0,0,0,-1
-0.025166,0.092371,0.104491,-1,0,0,0,1,0,0,0,-1
-0.025209,0.09316,0.105104,-1,0,0,0,1,0,0,0,-1
-0.025256,0.093928,0.105743,-1,0,0,0,1,0,0,0,-1
-0.025305,0.094676,0.106404,-1,0,0,0,1,0,0,0,-1
-0.025357,0.095405,0.107087,-1,0,0,0,1,0,0,0,-1
-0.02541,0.096115,0.10779,-1,0,0,0,1,0,0,0,-1
-0.025464,0.096806,0.10851,-1,0,0,0,1,0,0,0,-1
-0.025519,0.09748,0.109247,-1,0,0,0,1,0,0,0,-1
-0.025574,0.098137,0.109998,-1,0,0,0,1,0,0,0,-1
-0.025629,0.098779,0.110764,-1,0,0,0,1,0,0,0,-1
-0.025683,0.099405,0.111541,-1,0,0,0,1,0,0,0,-1
-0.025737,0.100018,0.112329,-1,0,0,0,1,0,0,0,-1
-0.025789,0.10062,0.113126,-1,0,0,0,1,0,0,0,-1
-0.025841,0.101212,0.113931,-1,0,0,0,1,0,0,0,-1
-0.025891,0.101795,0.114742,-1,0,0,0,1,0,0,0,-1
-0.02594,0.102372,0.115557,-1,0,0,0,1,0,0,0,-1
-0.025987,0.102945,0.116375,-1,0,0,0,1,0,0,0,-1
-0.026032,0.103517,0.117194,-1,0,0,0,1,0,0,0,-1
-0.026076,0.104092,0.118011,-1,0,0,0,1,0,0,0,-1
-0.026116,0.104673,0.118824,-1,0,0,0,1,0,0,0,-1
-0.026153,0.105264,0.11963,-1,0,0,0,1,0,0,0,-1
-0.026187,0.10587,0.120425,-1,0,0,0,1,0,0,0,-1
-0.026215,0.106495,0.121205,-1,0,0,0,1,0,0,0,-1
-0.026236,0.107145,0.121964,-1,0,0,0,1,0,0,0,-1
-0.026247,0.107825,0.122697,-1,0,0,0,1,0,0,0,-1
-0.026245,0.10854,0.123396,-1,0,0,0,1,0,0,0,-1
-0.026225,0.109294,0.124052,-1,0,0,0,1,0,0,0,-1
-0.02618,0.110089,0.124657,-1,0,0,0,1,0,0,0,-1
-0.0261,0.110924,0.125201,-1,0,0,0,1,0,0,0,-1
-0.025975,0.111794,0.125677,-1,0,0,0,1,0,0,0,-1
-0.02579,0.11269,0.126079,-1,0,0,0,1,0,0,0,-1
-0.025527,0.113597,0.126406,-1,0,0,0,1,0,0,0,-1
-0.025452,0.11381,0.126472,-1,0,0,0,1,0,0,0,-1
-0.025452,0.11381,0.126472,-1,0,0,0,1,0,0,0,-1
-0.025038,0.11472,0.126478,-1,0,0,0,1,0,0,0,-1
-0.0245,0.115562,0.126486,-1,0,0,0,1,0,0,0,-1
-0.023829,0.116301,0.126493,-1,0,0,0,1,0,0,0,-1
-0.023031,0.116901,0.126498,-1,0,0,0,1,0,0,0,-1
-0.022137,0.117346,0.126501,-1,0,0,0,1,0,0,0,-1
-0.021182,0.11764,0.126502,-1,0,0,0,1,0,0,0,-1
-0.020758,0.117727,0.126502,-1,0,0,0,1,0,0,0,-1
-0.020758,0.117727,0.126502,-1,0,0,0,1,0,0,0,-1
-0.019765,0.117837,0.126502,-1,0,0,0,1,0,0,0,-1
-0.018767,0.117798,0.126499,-1,0,0,0,1,0,0,0,-1
-0.017792,0.117585,0.126495,-1,0,0,0,1,0,0,0,-1
-0.016873,0.117193,0.126488,-1,0,0,0,1,0,0,0,-1
-0.01604,0.116642,0.126481,-1,0,0,0,1,0,0,0,-1
-0.0153,0.115971,0.126474,-1,0,0,0,1,0,0,0,-1
-0.015008,0.115652,0.126471,-1,0,0,0,1,0,0,0,-1
-0.015008,0.115652,0.126471,-1,0,0,0,1,0,0,0,-1
-0.014431,0.114897,0.126162,-1,0,0,0,1,0,0,0,-1
-0.013933,0.11412,0.125778,-1,0,0,0,1,0,0,0,-1
-0.013502,0.113343,0.125319,-1,0,0,0,1,0,0,0,-1
-0.013129,0.112581,0.124791,-1,0,0,0,1,0,0,0,-1
-0.012802,0.111843,0.124201,-1,0,0,0,1,0,0,0,-1
-0.012515,0.111135,0.123557,-1,0,0,0,1,0,0,0,-1
-0.01226,0.110456,0.122868,-1,0,0,0,1,0,0,0,-1
-0.01203,0.109807,0.122143,-1,0,0,0,1,0,0,0,-1
-0.01182,0.109183,0.12139,-1,0,0,0,1,0,0,0,-1
-0.011626,0.108582,0.120615,-1,0,0,0,1,0,0,0,-1
-0.011444,0.107997,0.119824,-1,0,0,0,1,0,0,0,-1
-0.011272,0.107426,0.119022,-1,0,0,0,1,0,0,0,-1
-0.011106,0.106865,0.118211,-1,0,0,0,1,0,0,0,-1
-0.010945,0.106309,0.117396,-1,0,0,0,1,0,0,0,-1
-0.010787,0.105755,0.116578,-1,0,0,0,1,0,0,0,-1
-0.010631,0.105201,0.115761,-1,0,0,0,1,0,0,0,-1
-0.010475,0.104643,0.114945,-1,0,0,0,1,0,0,0,-1
-0.010319,0.104079,0.114134,-1,0,0,0,1,0,0,0,-1
-0.010161,0.103508,0.113328,-1,0,0,0,1,0,0,0,-1
-0.010001,0.102928,0.11253,-1,0,0,0,1,0,0,0,-1
-0.009838,0.102336,0.111741,-1,0,0,0,1,0,0,0,-1
-0.009671,0.101731,0.110962,-1,0,0,0,1,0,0,0,-1
-0.009499,0.101113,0.110195,-1,0,0,0,1,0,0,0,-1
-0.009323,0.100481,0.109441,-1,0,0,0,1,0,0,0,-1
-0.00914,0.099833,0.108701,-1,0,0,0,1,0,0,0,-1
-0.008951,0.09917,0.107977,-1,0,0,0,1,0,0,0,-1
-0.008754,0.09849,0.107271,-1,0,0,0,1,0,0,0,-1
-0.00855,0.097792,0.106584,-1,0,0,0,1,0,0,0,-1
-0.008337,0.097078,0.105918,-1,0,0,0,1,0,0,0,-1
-0.008115,0.096345,0.105275,-1,0,0,0,1,0,0,0,-1
-0.007882,0.095595,0.104656,-1,0,0,0,1,0,0,0,-1
-0.007639,0.094827,0.104063,-1,0,0,0,1,0,0,0,-1
-0.007383,0.094041,0.1035,-1,0,0,0,1,0,0,0,-1
-0.007115,0.093239,0.102967,-1,0,0,0,1,0,0,0,-1
-0.006833,0.09242,0.102467,-1,0,0,0,1,0,0,0,-1
-0.006537,0.091586,0.102002,-1,0,0,0,1,0,0,0,-1
-0.006225,0.090737,0.101575,-1,0,0,0,1,0,0,0,-1
-0.0059,0.089875,0.101188,-1,0,0,0,1,0,0,0,-1
-0.00556,0.089,0.100842,-1,0,0,0,1,0,0,0,-1
-0.005402,0.088601,0.1007,-1,0,0,0,1,0,0,0,-1
-0.005402,0.088601,0.1007,-1,0,0,0,1,0,0,0,-1
-0.005124,0.087905,0.100476,-1,0,0,0,1,0,0,0,-1
-0.004759,0.087007,0.100231,-1,0,0,0,1,0,0,0,-1
-0.004386,0.0861,0.100035,-1,0,0,0,1,0,0,0,-1
-0.004011,0.085185,0.099891,-1,0,0,0,1,0,0,0,-1
-0.003634,0.084263,0.0998,-1,0,0,0,1,0,0,0,-1
-0.003262,0.083336,0.099766,-1,0,0,0,1,0,0,0,-1
-0.002896,0.082405,0.099791,-1,0,0,0,1,0,0,0,-1
-0.00254,0.081475,0.099878,-1,0,0,0,1,0,0,0,-1
-0.002196,0.080548,0.100027,-1,0,0,0,1,0,0,0,-1
-0.001866,0.079628,0.100238,-1,0,0,0,1,0,0,0,-1
-0.001552,0.07872,0.100512,-1,0,0,0,1,0,0,0,-1
-0.001254,0.077825,0.100845,-1,0,0,0,1,0,0,0,-1
-0.000974,0.076948,0.101235,-1,0,0,0,1,0,0,0,-1
-0.000712,0.076091,0.101678,-1,0,0,0,1,0,0,0,-1
-0.000467,0.075255,0.102169,-1,0,0,0,1,0,0,0,-1
-0.00024,0.074441,0.102704,-1,0,0,0,1,0,0,0,-1
-3.1e-05,0.073649,0.103277,-1,0,0,0,1,0,0,0,-1
0.000162,0.072879,0.103885,-1,0,0,0,1,0,0,0,-1
0.000338,0.072129,0.104523,-1,0,0,0,1,0,0,0,-1
0.000499,0.071399,0.105187,-1,0,0,0,1,0,0,0,-1
0.000645,0.070687,0.105874,-1,0,0,0,1,0,0,0,-1
0.000777,0.069991,0.10658,-1,0,0,0,1,0,0,0,-1
0.000897,0.06931,0.107302,-1,0,0,0,1,0,0,0,-1
0.001005,0.068642,0.108038,-1,0,0,0,1,0,0,0,-1
0.001102,0.067984,0.108785,-1,0,0,0,1,0,0,0,-1
0.00119,0.067335,0.109541,-1,0,0,0,1,0,0,0,-1
0.001271,0.066694,0.110304,-1,0,0,0,1,0,0,0,-1
0.001345,0.066057,0.111071,-1,0,0,0,1,0,0,0,-1
0.001414,0.065425,0.111842,-1,0,0,0,1,0,0,0,-1
0.00148,0.064793,0.112615,-1,0,0,0,1,0,0,0,-1
0.001544,0.064162,0.113388,-1,0,0,0,1,0,0,0,-1
0.001607,0.06353,0.114161,-1,0,0,0,1,0,0,0,-1
0.001673,0.062895,0.11493,-1,0,0,0,1,0,0,0,-1
0.001743,0.062256,0.115696,-1,0,0,0,1,0,0,0,-1
0.001818,0.061611,0.116457,-1,0,0,0,1,0,0,0,-1
0.001901,0.060959,0.11721,-1,0,0,0,1,0,0,0,-1
0.001994,0.0603,0.117956,-1,0,0,0,1,0,0,0,-1
0.0021,0.059632,0.118693,-1,0,0,0,1,0,0,0,-1
0.002222,0.058954,0.119418,-1,0,0,0,1,0,0,0,-1
0.002363,0.058267,0.120131,-1,0,0,0,1,0,0,0,-1
0.002527,0.057569,0.120828,-1,0,0,0,1,0,0,0,-1
0.002719,0.056862,0.121509,-1,0,0,0,1,0,0,0,-1
0.002943,0.056146,0.122169,-1,0,0,0,1,0,0,0,-1
0.003207,0.055422,0.122807,-1,0,0,0,1,0,0,0,-1
0.003517,0.054694,0.123418,-1,0,0,0,1,0,0,0,-1
0.003882,0.053965,0.123997,-1,0,0,0,1,0,0,0,-1
0.004313,0.053244,0.124538,-1,0,0,0,1,0,0,0,-1
0.004822,0.05254,0.125034,-1,0,0,0,1,0,0,0,-1
0.00542,0.051871,0.125473,-1,0,0,0,1,0,0,0,-1
0.006119,0.051259,0.12584,-1,0,0,0,1,0,0,0,-1
0.006923,0.050736,0.12612,-1,0,0,0,1,0,0,0,-1
0.006923,0.050736,0.12612,-1,0,0,0,1,0,0,0,-1
0.007876,0.050436,0.126117,-1,0,0,0,1,0,0,0,-1
0.008852,0.05022,0.126116,-1,0,0,0,1,0,0,0,-1
0.008855,0.05022,0.126116,-1,0,0,0,1,0,0,0,-1
0.008855,0.05022,0.126116,-1,0,0,0,1,0,0,0,-1
0.009846,0.050088,0.126117,-1,0,0,0,1,0,0,0,-1
0.010845,0.050044,0.12612,-1,0,0,0,1,0,0,0,-1
0.010847,0.050044,0.12612,-1,0,0,0,1,0,0,0,-1
0.010847,0.050044,0.12612,-1,0,0,0,1,0,0,0,-1
0.011781,0.050261,0.12584,-1,0,0,0,1,0,0,0,-1
0.012648,0.050597,0.125473,-1,0,0,0,1,0,0,0,-1
0.013439,0.051021,0.125034,-1,0,0,0,1,0,0,0,-1
0.014159,0.051507,0.124539,-1,0,0,0,1,0,0,0,-1
0.014811,0.052037,0.123998,-1,0,0,0,1,0,0,0,-1
0.015404,0.052596,0.123419,-1,0,0,0,1,0,0,0,-1
0.015946,0.053174,0.122809,-1,0,0,0,1,0,0,0,-1
0.016442,0.053763,0.122171,-1,0,0,0,1,0,0,0,-1
0.016899,0.054359,0.121511,-1,0,0,0,1,0,0,0,-1
0.017323,0.054957,0.120831,-1,0,0,0,1,0,0,0,-1
0.017717,0.055556,0.120134,-1,0,0,0,1,0,0,0,-1
0.018087,0.056153,0.119422,-1,0,0,0,1,0,0,0,-1
0.018435,0.056747,0.118697,-1,0,0,0,1,0,0,0,-1
0.018766,0.057338,0.117961,-1,0,0,0,1,0,0,0,-1
0.019081,0.057925,0.117215,-1,0,0,0,1,0,0,0,-1
0.019383,0.058509,0.116462,-1,0,0,0,1,0,0,0,-1
0.019677,0.059088,0.115702,-1,0,0,0,1,0,0,0,-1
0.019963,0.059665,0.114936,-1,0,0,0,1,0,0,0,-1
0.020244,0.060238,0.114167,-1,0,0,0,1,0,0,0,-1
0.020523,0.06081,0.113395,-1,0,0,0,1,0,0,0,-1
0.020802,0.06138,0.112622,-1,0,0,0,1,0,0,0,-1
0.021082,0.06195,0.11185,-1,0,0,0,1,0,0,0,-1
0.021367,0.06252,0.111079,-1,0,0,0,1,0,0,0,-1
0.021657,0.063091,0.110311,-1,0,0,0,1,0,0,0,-1
0.021955,0.063666,0.109549,-1,0,0,0,1,0,0,0,-1
0.022263,0.064244,0.108793,-1,0,0,0,1,0,0,0,-1
0.022583,0.064827,0.108047,-1,0,0,0,1,0,0,0,-1
0.022917,0.065417,0.107312,-1,0,0,0,1,0,0,0,-1
0.023266,0.066015,0.10659,-1,0,0,0,1,0,0,0,-1
0.023632,0.066622,0.105885,-1,0,0,0,1,0,0,0,-1
0.024017,0.067239,0.105199,-1,0,0,0,1,0,0,0,-1
0.024421,0.067868,0.104535,-1,0,0,0,1,0,0,0,-1
0.024848,0.06851,0.103898,-1,0,0,0,1,0,0,0,-1
0.025296,0.069166,0.10329,-1,0,0,0,1,0,0,0,-1
0.025769,0.069835,0.102717,-1,0,0,0,1,0,0,0,-1
0.026265,0.07052,0.102183,-1,0,0,0,1,0,0,0,-1
0.026785,0.071218,0.101692,-1,0,0,0,1,0,0,0,-1
0.027329,0.071931,0.101249,-1,0,0,0,1,0,0,0,-1
0.027897,0.072655,0.100859,-1,0,0,0,1,0,0,0,-1
0.028486,0.07339,0.100525,-1,0,0,0,1,0,0,0,-1
0.029097,0.074133,0.10025,-1,0,0,0,1,0,0,0,-1
0.029725,0.074881,0.100036,-1,0,0,0,1,0,0,0,-1
0.030369,0.07563,0.099885,-1,0,0,0,1,0,0,0,-1
0.031026,0.076379,0.099797,-1,0,0,0,1,0,0,0,-1
0.031691,0.077126,0.099769,-1,0,0,0,1,0,0,0,-1
0.032361,0.077867,0.0998,-1,0,0,0,1,0,0,0,-1
0.033031,0.078603,0.099887,-1,0,0,0,1,0,0,0,-1
0.033699,0.079334,0.100029,-1,0,0,0,1,0,0,0,-1
0.034361,0.080059,0.100222,-1,0,0,0,1,0,0,0,-1
0.035011,0.080778,0.100463,-1,0,0,0,1,0,0,0,-1
0.035648,0.081493,0.100752,-1,0,0,0,1,0,0,0,-1
0.03627,0.082202,0.101085,-1,0,0,0,1,0,0,0,-1
0.036873,0.082905,0.101461,-1,0,0,0,1,0,0,0,-1
0.037458,0.083601,0.101878,-1,0,0,0,1,0,0,0,-1
0.038023,0.084289,0.102333,-1,0,0,0,1,0,0,0,-1
0.038569,0.084967,0.102824,-1,0,0,0,1,0,0,0,-1
0.039096,0.085636,0.103349,-1,0,0,0,1,0,0,0,-1
0.039605,0.086292,0.103905,-1,0,0,0,1,0,0,0,-1
0.040096,0.086937,0.104491,-1,0,0,0,1,0,0,0,-1
0.040571,0.087569,0.105104,-1,0,0,0,1,0,0,0,-1
0.041029,0.088187,0.105743,-1,0,0,0,1,0,0,0,-1
0.041472,0.088792,0.106404,-1,0,0,0,1,0,0,0,-1
0.041901,0.089384,0.107087,-1,0,0,0,1,0,0,0,-1
0.042316,0.089962,0.10779,-1,0,0,0,1,0,0,0,-1
0.042719,0.090526,0.10851,-1,0,0,0,1,0,0,0,-1
0.04311,0.091077,0.109247,-1,0,0,0,1,0,0,0,-1
0.04349,0.091616,0.109998,-1,0,0,0,1,0,0,0,-1
0.043861,0.092143,0.110764,-1,0,0,0,1,0,0,0,-1
0.044222,0.092658,0.111541,-1,0,0,0,1,0,0,0,-1
0.044575,0.093162,0.112329,-1,0,0,0,1,0,0,0,-1
0.044922,0.093656,0.113126,-1,0,0,0,1,0,0,0,-1
0.045262,0.094143,0.113931,-1,0,0,0,1,0,0,0,-1
0.045599,0.094622,0.114742,-1,0,0,0,1,0,0,0,-1
0.045932,0.095095,0.115557,-1,0,0,0,1,0,0,0,-1
0.046264,0.095565,0.116375,-1,0,0,0,1,0,0,0,-1
0.046598,0.096032,0.117194,-1,0,0,0,1,0,0,0,-1
0.046934,0.0965,0.118011,-1,0,0,0,1,0,0,0,-1
0.047276,0.096971,0.118824,-1,0,0,0,1,0,0,0,-1
0.047628,0.097448,0.11963,-1,0,0,0,1,0,0,0,-1
0.047991,0.097933,0.120425,-1,0,0,0,1,0,0,0,-1
0.048372,0.09843,0.121205,-1,0,0,0,1,0,0,0,-1
0.048774,0.098942,0.121964,-1,0,0,0,1,0,0,0,-1
0.049202,0.09947,0.122697,-1,0,0,0,1,0,0,0,-1
0.049663,0.100016,0.123396,-1,0,0,0,1,0,0,0,-1
0.050163,0.100581,0.124052,-1,0,0,0,1,0,0,0,-1
0.050709,0.101161,0.124657,-1,0,0,0,1,0,0,0,-1
0.051306,0.101749,0.125201,-1,0,0,0,1,0,0,0,-1
0.051961,0.102336,0.125677,-1,0,0,0,1,0,0,0,-1
0.052679,0.102903,0.126079,-1,0,0,0,1,0,0,0,-1
0.053464,0.103429,0.126406,-1,0,0,0,1,0,0,0,-1
0.053658,0.103544,0.126472,-1,0,0,0,1,0,0,0,-1
0.053658,0.103544,0.126472,-1,0,0,0,1,0,0,0,-1
0.05456,0.103974,0.126478,-1,0,0,0,1,0,0,0,-1
0.055513,0.104274,0.126486,-1,0,0,0,1,0,0,0,-1
0.056503,0.104408,0.126493,-1,0,0,0,1,0,0,0,-1
0.0575,0.104356,0.126498,-1,0,0,0,1,0,0,0,-1
0.058471,0.104121,0.126501,-1,0,0,0,1,0,0,0,-1
0.059391,0.103733,0.126502,-1,0,0,0,1,0,0,0,-1
0.059771,0.103527,0.126502,-1,0,0,0,1,0,0,0,-1
0.059771,0.103527,0.126502,-1,0,0,0,1,0,0,0,-1
0.060603,0.102973,0.126502,-1,0,0,0,1,0,0,0,-1
0.061343,0.102302,0.1265,-1,0,0,0,1,0,0,0,-1
0.061953,0.101512,0.126495,-1,0,0,0,1,0,0,0,-1
0.062404,0.100621,0.126489,-1,0,0,0,1,0,0,0,-1
0.062689,0.099663,0.126482,-1,0,0,0,1,0,0,0,-1
0.062824,0.098673,0.126474,-1,0,0,0,1,0,0,0,-1
0.062842,0.098242,0.126472,-1,0,0,0,1,0,0,0,-1
0.062842,0.098242,0.126472,-1,0,0,0,1,0,0,0,-1
0.06284,0.098016,0.126406,-1,0,0,0,1,0,0,0,-1
0.062777,0.097073,0.126079,-1,0,0,0,1,0,0,0,-1
0.062644,0.096168,0.125677,-1,0,0,0,1,0,0,0,-1
0.062464,0.095307,0.125201,-1,0,0,0,1,0,0,0,-1
0.062253,0.094496,0.124657,-1,0,0,0,1,0,0,0,-1
0.062024,0.093733,0.124052,-1,0,0,0,1,0,0,0,-1
0.061785,0.093018,0.123396,-1,0,0,0,1,0,0,0,-1
0.061542,0.092346,0.122697,-1,0,0,0,1,0,0,0,-1
0.061299,0.09171,0.121964,-1,0,0,0,1,0,0,0,-1
0.061057,0.091107,0.121204,-1,0,0,0,1,0,0,0,-1
0.060817,0.090529,0.120424,-1,0,0,0,1,0,0,0,-1
0.060579,0.089971,0.11963,-1,0,0,0,1,0,0,0,-1
0.060341,0.089428,0.118824,-1,0,0,0,1,0,0,0,-1
0.060104,0.088896,0.118011,-1,0,0,0,1,0,0,0,-1
0.059867,0.088371,0.117194,-1,0,0,0,1,0,0,0,-1
0.059629,0.087848,0.116375,-1,0,0,0,1,0,0,0,-1
0.059389,0.087326,0.115557,-1,0,0,0,1,0,0,0,-1
0.059146,0.086801,0.114742,-1,0,0,0,1,0,0,0,-1
0.058899,0.08627,0.113931,-1,0,0,0,1,0,0,0,-1
0.058648,0.085732,0.113126,-1,0,0,0,1,0,0,0,-1
0.058393,0.085184,0.112329,-1,0,0,0,1,0,0,0,-1
0.058133,0.084626,0.111541,-1,0,0,0,1,0,0,0,-1
0.057868,0.084056,0.110764,-1,0,0,0,1,0,0,0,-1
0.057597,0.083472,0.109999,-1,0,0,0,1,0,0,0,-1
0.05732,0.082873,0.109247,-1,0,0,0,1,0,0,0,-1
0.057038,0.082259,0.10851,-1,0,0,0,1,0,0,0,-1
0.056751,0.081628,0.10779,-1,0,0,0,1,0,0,0,-1
0.056458,0.080979,0.107087,-1,0,0,0,1,0,0,0,-1
0.05616,0.080312,0.106404,-1,0,0,0,1,0,0,0,-1
0.055858,0.079625,0.105743,-1,0,0,0,1,0,0,0,-1
0.055551,0.078919,0.105105,-1,0,0,0,1,0,0,0,-1
0.055241,0.078193,0.104492,-1,0,0,0,1,0,0,0,-1
0.054929,0.077445,0.103906,-1,0,0,0,1,0,0,0,-1
0.054614,0.076676,0.103349,-1,0,0,0,1,0,0,0,-1
0.054299,0.075886,0.102824,-1,0,0,0,1,0,0,0,-1
0.053985,0.075073,0.102333,-1,0,0,0,1,0,0,0,-1
0.053672,0.07424,0.101878,-1,0,0,0,1,0,0,0,-1
0.053361,0.073386,0.101461,-1,0,0,0,1,0,0,0,-1
0.053054,0.072511,0.101085,-1,0,0,0,1,0,0,0,-1
0.052751,0.071619,0.100752,-1,0,0,0,1,0,0,0,-1
0.05245,0.07071,0.100463,-1,0,0,0,1,0,0,0,-1
0.052153,0.069787,0.100221,-1,0,0,0,1,0,0,0,-1
0.051855,0.068851,0.100029,-1,0,0,0,1,0,0,0,-1
0.051557,0.067908,0.099887,-1,0,0,0,1,0,0,0,-1
0.051255,0.066959,0.0998,-1,0,0,0,1,0,0,0,-1
0.050947,0.066008,0.099769,-1,0,0,0,1,0,0,0,-1
0.050634,0.065059,0.099797,-1,0,0,0,1,0,0,0,-1
0.050313,0.064116,0.099885,-1,0,0,0,1,0,0,0,-1
0.049986,0.063183,0.100036,-1,0,0,0,1,0,0,0,-1
0.049653,0.062265,0.10025,-1,0,0,0,1,0,0,0,-1
0.049315,0.061365,0.100525,-1,0,0,0,1,0,0,0,-1
0.048973,0.060487,0.100859,-1,0,0,0,1,0,0,0,-1
0.048629,0.059633,0.101249,-1,0,0,0,1,0,0,0,-1
0.048284,0.058806,0.101692,-1,0,0,0,1,0,0,0,-1
0.047939,0.058006,0.102183,-1,0,0,0,1,0,0,0,-1
0.047595,0.057234,0.102717,-1,0,0,0,1,0,0,0,-1
0.047251,0.05649,0.10329,-1,0,0,0,1,0,0,0,-1
0.046908,0.055774,0.103898,-1,0,0,0,1,0,0,0,-1
0.046565,0.055084,0.104535,-1,0,0,0,1,0,0,0,-1
0.046223,0.054419,0.105199,-1,0,0,0,1,0,0,0,-1
0.045881,0.053777,0.105885,-1,0,0,0,1,0,0,0,-1
0.045538,0.053156,0.10659,-1,0,0,0,1,0,0,0,-1
0.045195,0.052555,0.107312,-1,0,0,0,1,0,0,0,-1
0.044851,0.051971,0.108047,-1,0,0,0,1,0,0,0,-1
0.044506,0.051402,0.108794,-1,0,0,0,1,0,0,0,-1
0.044159,0.050847,0.109549,-1,0,0,0,1,0,0,0,-1
0.043811,0.050301,0.110312,-1,0,0,0,1,0,0,0,-1
0.043461,0.049764,0.111079,-1,0,0,0,1,0,0,0,-1
0.043109,0.049233,0.11185,-1,0,0,0,1,0,0,0,-1
0.042756,0.048705,0.112623,-1,0,0,0,1,0,0,0,-1
0.042401,0.048179,0.113395,-1,0,0,0,1,0,0,0,-1
0.042046,0.047651,0.114167,-1,0,0,0,1,0,0,0,-1
0.04169,0.047121,0.114936,-1,0,0,0,1,0,0,0,-1
0.041334,0.046585,0.115702,-1,0,0,0,1,0,0,0,-1
0.040979,0.04604,0.116462,-1,0,0,0,1,0,0,0,-1
0.040625,0.045486,0.117215,-1,0,0,0,1,0,0,0,-1
0.040274,0.04492,0.117961,-1,0,0,0,1,0,0,0,-1
0.039927,0.044339,0.118697,-1,0,0,0,1,0,0,0,-1
0.039587,0.04374,0.119422,-1,0,0,0,1,0,0,0,-1
0.039254,0.043122,0.120134,-1,0,0,0,1,0,0,0,-1
0.038933,0.042481,0.120831,-1,0,0,0,1,0,0,0,-1
0.038627,0.041815,0.121511,-1,0,0,0,1,0,0,0,-1
0.038339,0.041121,0.122171,-1,0,0,0,1,0,0,0,-1
0.038077,0.040396,0.122808,-1,0,0,0,1,0,0,0,-1
0.037848,0.039638,0.123419,-1,0,0,0,1,0,0,0,-1
0.03766,0.038845,0.123998,-1,0,0,0,1,0,0,0,-1
0.037527,0.038015,0.124539,-1,0,0,0,1,0,0,0,-1
0.037465,0.037149,0.125034,-1,0,0,0,1,0,0,0,-1
0.037494,0.036252,0.125473,-1,0,0,0,1,0,0,0,-1
0.037637,0.035333,0.12584,-1,0,0,0,1,0,0,0,-1
0.037915,0.034416,0.12612,-1,0,0,0,1,0,0,0,-1
0.037915,0.034416,0.12612,-1,0,0,0,1,0,0,0,-1
0.038453,0.033573,0.126117,-1,0,0,0,1,0,0,0,-1
0.039062,0.032781,0.126116,-1,0,0,0,1,0,0,0,-1
0.039064,0.032779,0.126116,-1,0,0,0,1,0,0,0,-1
0.039064,0.032779,0.126116,-1,0,0,0,1,0,0,0,-1
0.039739,0.032041,0.126117,-1,0,0,0,1,0,0,0,-1
0.040475,0.031365,0.12612,-1,0,0,0,1,0,0,0,-1
0.040477,0.031363,0.12612,-1,0,0,0,1,0,0,0,-1
0.040477,0.031363,0.12612,-1,0,0,0,1,0,0,0,-1
0.041332,0.03093,0.12584,-1,0,0,0,1,0,0,0,-1
0.042212,0.030629,0.125473,-1,0,0,0,1,0,0,0,-1
0.043091,0.030445,0.125034,-1,0,0,0,1,0,0,0,-1
0.043954,0.030356,0.124539,-1,0,0,0,1,0,0,0,-1
0.044795,0.030342,0.123998,-1,0,0,0,1,0,0,0,-1
0.045608,0.030389,0.123419,-1,0,0,0,1,0,0,0,-1
0.046395,0.030484,0.122809,-1,0,0,0,1,0,0,0,-1
0.047154,0.030616,0.122171,-1,0,0,0,1,0,0,0,-1
0.047887,0.030779,0.121511,-1,0,0,0,1,0,0,0,-1
0.048596,0.030965,0.120831,-1,0,0,0,1,0,0,0,-1
0.049283,0.03117,0.120134,-1,0,0,0,1,0,0,0,-1
0.04995,0.03139,0.119422,-1,0,0,0,1,0,0,0,-1
0.050599,0.031621,0.118697,-1,0,0,0,1,0,0,0,-1
0.051232,0.031861,0.117961,-1,0,0,0,1,0,0,0,-1
0.05185,0.032108,0.117215,-1,0,0,0,1,0,0,0,-1
0.052457,0.032361,0.116462,-1,0,0,0,1,0,0,0,-1
0.053054,0.032617,0.115702,-1,0,0,0,1,0,0,0,-1
0.053644,0.032874,0.114936,-1,0,0,0,1,0,0,0,-1
0.054229,0.033132,0.114167,-1,0,0,0,1,0,0,0,-1
0.05481,0.033391,0.113395,-1,0,0,0,1,0,0,0,-1
0.05539,0.033649,0.112622,-1,0,0,0,1,0,0,0,-1
0.055971,0.033905,0.11185,-1,0,0,0,1,0,0,0,-1
0.056555,0.034159,0.111079,-1,0,0,0,1,0,0,0,-1
0.057144,0.03441,0.110311,-1,0,0,0,1,0,0,0,-1
0.057742,0.034658,0.109549,-1,0,0,0,1,0,0,0,-1
0.05835,0.034903,0.108793,-1,0,0,0,1,0,0,0,-1
0.05897,0.035145,0.108047,-1,0,0,0,1,0,0,0,-1
0.059605,0.035382,0.107312,-1,0,0,0,1,0,0,0,-1
0.060256,0.035616,0.10659,-1,0,0,0,1,0,0,0,-1
0.060927,0.035845,0.105885,-1,0,0,0,1,0,0,0,-1
0.061618,0.036071,0.105199,-1,0,0,0,1,0,0,0,-1
0.062333,0.036292,0.104535,-1,0,0,0,1,0,0,0,-1
0.063072,0.03651,0.103898,-1,0,0,0,1,0,0,0,-1
0.063837,0.036724,0.10329,-1,0,0,0,1,0,0,0,-1
0.064629,0.036933,0.102717,-1,0,0,0,1,0,0,0,-1
0.065449,0.037139,0.102183,-1,0,0,0,1,0,0,0,-1
0.066297,0.037339,0.101692,-1,0,0,0,1,0,0,0,-1
0.067171,0.037535,0.101249,-1,0,0,0,1,0,0,0,-1
0.068072,0.037726,0.100859,-1,0,0,0,1,0,0,0,-1
0.068996,0.037909,0.100525,-1,0,0,0,1,0,0,0,-1
0.069941,0.038086,0.10025,-1,0,0,0,1,0,0,0,-1
0.070903,0.038255,0.100036,-1,0,0,0,1,0,0,0,-1
0.071879,0.038415,0.099885,-1,0,0,0,1,0,0,0,-1
0.072863,0.038567,0.099797,-1,0,0,0,1,0,0,0,-1
0.073852,0.038711,0.099769,-1,0,0,0,1,0,0,0,-1
0.074842,0.038849,0.0998,-1,0,0,0,1,0,0,0,-1
0.075829,0.038981,0.099887,-1,0,0,0,1,0,0,0,-1
0.07681,0.039112,0.100029,-1,0,0,0,1,0,0,0,-1
0.077782,0.039242,0.100222,-1,0,0,0,1,0,0,0,-1
0.078744,0.039375,0.100463,-1,0,0,0,1,0,0,0,-1
0.079691,0.039513,0.100752,-1,0,0,0,1,0,0,0,-1
0.080623,0.039657,0.101085,-1,0,0,0,1,0,0,0,-1
0.081537,0.039807,0.101461,-1,0,0,0,1,0,0,0,-1
0.082432,0.039965,0.101878,-1,0,0,0,1,0,0,0,-1
0.083307,0.040128,0.102333,-1,0,0,0,1,0,0,0,-1
0.084162,0.040297,0.102824,-1,0,0,0,1,0,0,0,-1
0.084995,0.04047,0.103349,-1,0,0,0,1,0,0,0,-1
0.085807,0.040646,0.103905,-1,0,0,0,1,0,0,0,-1
0.086598,0.040824,0.104491,-1,0,0,0,1,0,0,0,-1
0.087367,0.041003,0.105104,-1,0,0,0,1,0,0,0,-1
0.088116,0.041182,0.105743,-1,0,0,0,1,0,0,0,-1
0.088844,0.041361,0.106404,-1,0,0,0,1,0,0,0,-1
0.089552,0.041539,0.107087,-1,0,0,0,1,0,0,0,-1
0.090242,0.041714,0.10779,-1,0,0,0,1,0,0,0,-1
0.090914,0.041888,0.10851,-1,0,0,0,1,0,0,0,-1
0.091568,0.042059,0.109247,-1,0,0,0,1,0,0,0,-1
0.092205,0.042227,0.109998,-1,0,0,0,1,0,0,0,-1
0.092827,0.042392,0.110764,-1,0,0,0,1,0,0,0,-1
0.093435,0.042555,0.111541,-1,0,0,0,1,0,0,0,-1
0.09403,0.042714,0.112329,-1,0,0,0,1,0,0,0,-1
0.094613,0.04287,0.113126,-1,0,0,0,1,0,0,0,-1
0.095187,0.043024,0.113931,-1,0,0,0,1,0,0,0,-1
0.095752,0.043174,0.114742,-1,0,0,0,1,0,0,0,-1
0.096312,0.043322,0.115557,-1,0,0,0,1,0,0,0,-1
0.096868,0.043468,0.116375,-1,0,0,0,1,0,0,0,-1
0.097424,0.043612,0.117194,-1,0,0,0,1,0,0,0,-1
0.097983,0.043755,0.118011,-1,0,0,0,1,0,0,0,-1
0.098548,0.043896,0.118824,-1,0,0,0,1,0,0,0,-1
0.099123,0.044035,0.11963,-1,0,0,0,1,0,0,0,-1
0.099714,0.044173,0.120425,-1,0,0,0,1,0,0,0,-1
0.100325,0.044309,0.121205,-1,0,0,0,1,0,0,0,-1
0.100961,0.044443,0.121964,-1,0,0,0,1,0,0,0,-1
0.101629,0.044572,0.122697,-1,0,0,0,1,0,0,0,-1
0.102334,0.044694,0.123396,-1,0,0,0,1,0,0,0,-1
0.10308,0.044805,0.124052,-1,0,0,0,1,0,0,0,-1
0.10387,0.044899,0.124657,-1,0,0,0,1,0,0,0,-1
0.104706,0.044965,0.125201,-1,0,0,0,1,0,0,0,-1
0.105585,0.044993,0.125677,-1,0,0,0,1,0,0,0,-1
0.106499,0.044967,0.126079,-1,0,0,0,1,0,0,0,-1
0.107439,0.044866,0.126406,-1,0,0,0,1,0,0,0,-1
0.107662,0.044828,0.126472,-1,0,0,0,1,0,0,0,-1
0.107662,0.044828,0.126472,-1,0,0,0,1,0,0,0,-1
0.108629,0.044578,0.126478,-1,0,0,0,1,0,0,0,-1
0.109552,0.044195,0.126486,-1,0,0,0,1,0,0,0,-1
0.110396,0.043662,0.126493,-1,0,0,0,1,0,0,0,-1
0.111126,0.042981,0.126498,-1,0,0,0,1,0,0,0,-1
0.111719,0.042177,0.126501,-1,0,0,0,1,0,0,0,-1
0.112175,0.041288,0.126502,-1,0,0,0,1,0,0,0,-1
0.112334,0.040886,0.126502,-1,0,0,0,1,0,0,0,-1
0.112334,0.040886,0.126502,-1,0,0,0,1,0,0,0,-1
0.112614,0.039927,0.126502,-1,0,0,0,1,0,0,0,-1
0.11275,0.038937,0.1265,-1,0,0,0,1,0,0,0,-1
0.112709,0.03794,0.126495,-1,0,0,0,1,0,0,0,-1
0.112482,0.036967,0.126489,-1,0,0,0,1,0,0,0,-1
0.112085,0.036051,0.126482,-1,0,0,0,1,0,0,0,-1
0.111552,0.035206,0.126474,-1,0,0,0,1,0,0,0,-1
0.111289,0.034863,0.126472,-1,0,0,0,1,0,0,0,-1
0.111289,0.034863,0.126472,-1,0,0,0,1,0,0,0,-1
0.111142,0.034691,0.126406,-1,0,0,0,1,0,0,0,-1
0.110488,0.03401,0.126079,-1,0,0,0,1,0,0,0,-1
0.109804,0.033402,0.125677,-1,0,0,0,1,0,0,0,-1
0.109113,0.032858,0.125201,-1,0,0,0,1,0,0,0,-1
0.10843,0.032372,0.124657,-1,0,0,0,1,0,0,0,-1
0.107764,0.031936,0.124052,-1,0,0,0,1,0,0,0,-1
0.107121,0.031541,0.123396,-1,0,0,0,1,0,0,0,-1
0.106503,0.031182,0.122697,-1,0,0,0,1,0,0,0,-1
0.105908,0.030852,0.121964,-1,0,0,0,1,0,0,0,-1
0.105335,0.030545,0.121204,-1,0,0,0,1,0,0,0,-1
0.104779,0.030257,0.120424,-1,0,0,0,1,0,0,0,-1
0.104238,0.029982,0.11963,-1,0,0,0,1,0,0,0,-1
0.103707,0.029719,0.118824,-1,0,0,0,1,0,0,0,-1
0.103184,0.029464,0.118011,-1,0,0,0,1,0,0,0,-1
0.102665,0.029214,0.117194,-1,0,0,0,1,0,0,0,-1
0.102146,0.028967,0.116375,-1,0,0,0,1,0,0,0,-1
0.101626,0.028721,0.115557,-1,0,0,0,1,0,0,0,-1
0.101102,0.028475,0.114742,-1,0,0,0,1,0,0,0,-1
0.100572,0.028227,0.113931,-1,0,0,0,1,0,0,0,-1
0.100035,0.027976,0.113126,-1,0,0,0,1,0,0,0,-1
0.099487,0.027721,0.112329,-1,0,0,0,1,0,0,0,-1
0.098929,0.02746,0.111541,-1,0,0,0,1,0,0,0,-1
0.098359,0.027194,0.110764,-1,0,0,0,1,0,0,0,-1
0.097776,0.026921,0.109999,-1,0,0,0,1,0,0,0,-1
0.09718,0.02664,0.109247,-1,0,0,0,1,0,0,0,-1
0.096569,0.02635,0.10851,-1,0,0,0,1,0,0,0,-1
0.095943,0.026052,0.10779,-1,0,0,0,1,0,0,0,-1
0.095302,0.025743,0.107087,-1,0,0,0,1,0,0,0,-1
0.094645,0.025423,0.106404,-1,0,0,0,1,0,0,0,-1
0.093972,0.025092,0.105743,-1,0,0,0,1,0,0,0,-1
0.093283,0.024748,0.105105,-1,0,0,0,1,0,0,0,-1
0.092579,0.024391,0.104492,-1,0,0,0,1,0,0,0,-1
0.091859,0.024019,0.103906,-1,0,0,0,1,0,0,0,-1
0.091124,0.023632,0.103349,-1,0,0,0,1,0,0,0,-1
0.090374,0.023229,0.102824,-1,0,0,0,1,0,0,0,-1
0.089611,0.022809,0.102333,-1,0,0,0,1,0,0,0,-1
0.088835,0.022372,0.101878,-1,0,0,0,1,0,0,0,-1
0.088048,0.021917,0.101461,-1,0,0,0,1,0,0,0,-1
0.087251,0.021444,0.101085,-1,0,0,0,1,0,0,0,-1
0.086445,0.020956,0.100752,-1,0,0,0,1,0,0,0,-1
0.085631,0.020452,0.100463,-1,0,0,0,1,0,0,0,-1
0.084809,0.019937,0.100221,-1,0,0,0,1,0,0,0,-1
0.08398,0.019411,0.100029,-1,0,0,0,1,0,0,0,-1
0.083145,0.01888,0.099887,-1,0,0,0,1,0,0,0,-1
0.082304,0.018347,0.0998,-1,0,0,0,1,0,0,0,-1
0.081457,0.017816,0.099769,-1,0,0,0,1,0,0,0,-1
0.080607,0.017291,0.099797,-1,0,0,0,1,0,0,0,-1
0.079755,0.016775,0.099885,-1,0,0,0,1,0,0,0,-1
0.078905,0.016271,0.100036,-1,0,0,0,1,0,0,0,-1
0.078059,0.015782,0.10025,-1,0,0,0,1,0,0,0,-1
0.077222,0.01531,0.100525,-1,0,0,0,1,0,0,0,-1
0.076396,0.014856,0.100859,-1,0,0,0,1,0,0,0,-1
0.075584,0.014423,0.101249,-1,0,0,0,1,0,0,0,-1
0.074788,0.014011,0.101692,-1,0,0,0,1,0,0,0,-1
0.074009,0.01362,0.102183,-1,0,0,0,1,0,0,0,-1
0.073249,0.01325,0.102717,-1,0,0,0,1,0,0,0,-1
0.072507,0.012902,0.10329,-1,0,0,0,1,0,0,0,-1
0.071784,0.012574,0.103898,-1,0,0,0,1,0,0,0,-1
0.071078,0.012265,0.104535,-1,0,0,0,1,0,0,0,-1
0.070388,0.011976,0.105199,-1,0,0,0,1,0,0,0,-1
0.069714,0.011704,0.105885,-1,0,0,0,1,0,0,0,-1
0.069052,0.011449,0.10659,-1,0,0,0,1,0,0,0,-1
0.068403,0.011209,0.107312,-1,0,0,0,1,0,0,0,-1
0.067764,0.010983,0.108047,-1,0,0,0,1,0,0,0,-1
0.067134,0.010769,0.108794,-1,0,0,0,1,0,0,0,-1
0.066511,0.010566,0.109549,-1,0,0,0,1,0,0,0,-1
0.065894,0.010372,0.110312,-1,0,0,0,1,0,0,0,-1
0.06528,0.010185,0.111079,-1,0,0,0,1,0,0,0,-1
0.06467,0.010005,0.11185,-1,0,0,0,1,0,0,0,-1
0.06406,0.009827,0.112623,-1,0,0,0,1,0,0,0,-1
0.06345,0.009652,0.113395,-1,0,0,0,1,0,0,0,-1
0.062839,0.009476,0.114167,-1,0,0,0,1,0,0,0,-1
0.062225,0.009299,0.114936,-1,0,0,0,1,0,0,0,-1
0.061608,0.009117,0.115702,-1,0,0,0,1,0,0,0,-1
0.060986,0.008929,0.116462,-1,0,0,0,1,0,0,0,-1
0.060359,0.008732,0.117215,-1,0,0,0,1,0,0,0,-1
0.059726,0.008523,0.117961,-1,0,0,0,1,0,0,0,-1
0.059086,0.008301,0.118697,-1,0,0,0,1,0,0,0,-1
0.058441,0.008061,0.119422,-1,0,0,0,1,0,0,0,-1
0.057789,0.007801,0.120134,-1,0,0,0,1,0,0,0,-1
0.057131,0.007516,0.120831,-1,0,0,0,1,0,0,0,-1
0.056468,0.007203,0.121511,-1,0,0,0,1,0,0,0,-1
0.055802,0.006856,0.122171,-1,0,0,0,1,0,0,0,-1
0.055135,0.00647,0.122808,-1,0,0,0,1,0,0,0,-1
0.054472,0.006037,0.123419,-1,0,0,0,1,0,0,0,-1
0.053818,0.00555,0.123998,-1,0,0,0,1,0,0,0,-1
0.053183,0.004999,0.124539,-1,0,0,0,1,0,0,0,-1
0.052579,0.004376,0.125034,-1,0,0,0,1,0,0,0,-1
0.052024,0.00367,0.125473,-1,0,0,0,1,0,0,0,-1
0.051543,0.002875,0.12584,-1,0,0,0,1,0,0,0,-1
0.051167,0.001993,0.12612,-1,0,0,0,1,0,0,0,-1
0.051167,0.001993,0.12612,-1,0,0,0,1,0,0,0,-1
0.051037,0.001001,0.126117,-1,0,0,0,1,0,0,0,-1
0.050994,3e-06,0.126116,-1,0,0,0,1,0,0,0,-1
0.050994,-0,0.126116,-1,0,0,0,1,0,0,0,-1
0.050994,-0,0.126116,-1,0,0,0,1,0,0,0,-1
0.051037,-0.000999,0.126117,-1,0,0,0,1,0,0,0,-1
0.051167,-0.00199,0.12612,-1,0,0,0,1,0,0,0,-1
0.051167,-0.001993,0.12612,-1,0,0,0,1,0,0,0,-1
0.051167,-0.001993,0.12612,-1,0,0,0,1,0,0,0,-1
0.051543,-0.002874,0.12584,-1,0,0,0,1,0,0,0,-1
0.052024,-0.00367,0.125473,-1,0,0,0,1,0,0,0,-1
0.052579,-0.004376,0.125034,-1,0,0,0,1,0,0,0,-1
0.053183,-0.004999,0.124539,-1,0,0,0,1,0,0,0,-1
0.053819,-0.00555,0.123998,-1,0,0,0,1,0,0,0,-1
0.054472,-0.006037,0.123419,-1,0,0,0,1,0,0,0,-1
0.055135,-0.00647,0.122809,-1,0,0,0,1,0,0,0,-1
0.055802,-0.006856,0.122171,-1,0,0,0,1,0,0,0,-1
0.056468,-0.007203,0.121511,-1,0,0,0,1,0,0,0,-1
0.057131,-0.007517,0.120831,-1,0,0,0,1,0,0,0,-1
0.057789,-0.007801,0.120134,-1,0,0,0,1,0,0,0,-1
0.058441,-0.008061,0.119422,-1,0,0,0,1,0,0,0,-1
0.059086,-0.008301,0.118697,-1,0,0,0,1,0,0,0,-1
0.059725,-0.008524,0.117961,-1,0,0,0,1,0,0,0,-1
0.060358,-0.008732,0.117215,-1,0,0,0,1,0,0,0,-1
0.060986,-0.008929,0.116462,-1,0,0,0,1,0,0,0,-1
0.061608,-0.009117,0.115702,-1,0,0,0,1,0,0,0,-1
0.062225,-0.009299,0.114936,-1,0,0,0,1,0,0,0,-1
0.062839,-0.009477,0.114167,-1,0,0,0,1,0,0,0,-1
0.06345,-0.009652,0.113395,-1,0,0,0,1,0,0,0,-1
0.06406,-0.009827,0.112622,-1,0,0,0,1,0,0,0,-1
0.06467,-0.010005,0.11185,-1,0,0,0,1,0,0,0,-1
0.06528,-0.010185,0.111079,-1,0,0,0,1,0,0,0,-1
0.065894,-0.010372,0.110311,-1,0,0,0,1,0,0,0,-1
0.066511,-0.010566,0.109549,-1,0,0,0,1,0,0,0,-1
0.067134,-0.010769,0.108793,-1,0,0,0,1,0,0,0,-1
0.067764,-0.010983,0.108047,-1,0,0,0,1,0,0,0,-1
0.068403,-0.011209,0.107312,-1,0,0,0,1,0,0,0,-1
0.069052,-0.011449,0.10659,-1,0,0,0,1,0,0,0,-1
0.069714,-0.011704,0.105885,-1,0,0,0,1,0,0,0,-1
0.070388,-0.011976,0.105199,-1,0,0,0,1,0,0,0,-1
0.071078,-0.012265,0.104535,-1,0,0,0,1,0,0,0,-1
0.071784,-0.012574,0.103898,-1,0,0,0,1,0,0,0,-1
0.072507,-0.012902,0.10329,-1,0,0,0,1,0,0,0,-1
0.073249,-0.01325,0.102717,-1,0,0,0,1,0,0,0,-1
0.074009,-0.01362,0.102183,-1,0,0,0,1,0,0,0,-1
0.074787,-0.014011,0.101692,-1,0,0,0,1,0,0,0,-1
0.075584,-0.014423,0.101249,-1,0,0,0,1,0,0,0,-1
0.076396,-0.014856,0.100859,-1,0,0,0,1,0,0,0,-1
0.077222,-0.01531,0.100525,-1,0,0,0,1,0,0,0,-1
0.078059,-0.015782,0.10025,-1,0,0,0,1,0,0,0,-1
0.078905,-0.016271,0.100036,-1,0,0,0,1,0,0,0,-1
0.079755,-0.016775,0.099885,-1,0,0,0,1,0,0,0,-1
0.080607,-0.017291,0.099797,-1,0,0,0,1,0,0,0,-1
0.081457,-0.017816,0.099769,-1,0,0,0,1,0,0,0,-1
0.082304,-0.018347,0.0998,-1,0,0,0,1,0,0,0,-1
0.083145,-0.01888,0.099887,-1,0,0,0,1,0,0,0,-1
0.08398,-0.019411,0.100029,-1,0,0,0,1,0,0,0,-1
0.084809,-0.019936,0.100222,-1,0,0,0,1,0,0,0,-1
0.085631,-0.020452,0.100463,-1,0,0,0,1,0,0,0,-1
0.086445,-0.020956,0.100752,-1,0,0,0,1,0,0,0,-1
0.087251,-0.021444,0.101085,-1,0,0,0,1,0,0,0,-1
0.088048,-0.021917,0.101461,-1,0,0,0,1,0,0,0,-1
0.088835,-0.022372,0.101878,-1,0,0,0,1,0,0,0,-1
0.089611,-0.022809,0.102333,-1,0,0,0,1,0,0,0,-1
0.090374,-0.023229,0.102824,-1,0,0,0,1,0,0,0,-1
0.091124,-0.023632,0.103349,-1,0,0,0,1,0,0,0,-1
0.091859,-0.024019,0.103905,-1,0,0,0,1,0,0,0,-1
0.092579,-0.024391,0.104491,-1,0,0,0,1,0,0,0,-1
0.093283,-0.024748,0.105104,-1,0,0,0,1,0,0,0,-1
0.093972,-0.025092,0.105743,-1,0,0,0,1,0,0,0,-1
0.094645,-0.025423,0.106404,-1,0,0,0,1,0,0,0,-1
0.095302,-0.025743,0.107087,-1,0,0,0,1,0,0,0,-1
0.095943,-0.026052,0.10779,-1,0,0,0,1,0,0,0,-1
0.096569,-0.02635,0.10851,-1,0,0,0,1,0,0,0,-1
0.09718,-0.02664,0.109247,-1,0,0,0,1,0,0,0,-1
0.097776,-0.026921,0.109998,-1,0,0,0,1,0,0,0,-1
0.098359,-0.027194,0.110764,-1,0,0,0,1,0,0,0,-1
0.098929,-0.02746,0.111541,-1,0,0,0,1,0,0,0,-1
0.099487,-0.027721,0.112329,-1,0,0,0,1,0,0,0,-1
0.100034,-0.027976,0.113126,-1,0,0,0,1,0,0,0,-1
0.100572,-0.028227,0.113931,-1,0,0,0,1,0,0,0,-1
0.101102,-0.028475,0.114742,-1,0,0,0,1,0,0,0,-1
0.101626,-0.028721,0.115557,-1,0,0,0,1,0,0,0,-1
0.102146,-0.028967,0.116375,-1,0,0,0,1,0,0,0,-1
0.102665,-0.029214,0.117194,-1,0,0,0,1,0,0,0,-1
0.103184,-0.029464,0.118011,-1,0,0,0,1,0,0,0,-1
0.103707,-0.029719,0.118824,-1,0,0,0,1,0,0,0,-1
0.104238,-0.029982,0.11963,-1,0,0,0,1,0,0,0,-1
0.104779,-0.030256,0.120425,-1,0,0,0,1,0,0,0,-1
0.105335,-0.030545,0.121205,-1,0,0,0,1,0,0,0,-1
0.105908,-0.030852,0.121964,-1,0,0,0,1,0,0,0,-1
0.106503,-0.031182,0.122697,-1,0,0,0,1,0,0,0,-1
0.107121,-0.031541,0.123396,-1,0,0,0,1,0,0,0,-1
0.107764,-0.031936,0.124052,-1,0,0,0,1,0,0,0,-1
0.10843,-0.032372,0.124657,-1,0,0,0,1,0,0,0,-1
0.109113,-0.032858,0.125201,-1,0,0,0,1,0,0,0,-1
0.109804,-0.033402,0.125677,-1,0,0,0,1,0,0,0,-1
0.110487,-0.03401,0.126079,-1,0,0,0,1,0,0,0,-1
0.111142,-0.034691,0.126406,-1,0,0,0,1,0,0,0,-1
0.111289,-0.034863,0.126472,-1,0,0,0,1,0,0,0,-1
0.111289,-0.034863,0.126472,-1,0,0,0,1,0,0,0,-1
0.111869,-0.035677,0.126478,-1,0,0,0,1,0,0,0,-1
0.112329,-0.036563,0.126486,-1,0,0,0,1,0,0,0,-1
0.112634,-0.037514,0.126493,-1,0,0,0,1,0,0,0,-1
0.112755,-0.038505,0.126498,-1,0,0,0,1,0,0,0,-1
0.112693,-0.039502,0.126501,-1,0,0,0,1,0,0,0,-1
0.112471,-0.040476,0.126502,-1,0,0,0,1,0,0,0,-1
0.112334,-0.040886,0.126502,-1,0,0,0,1,0,0,0,-1
0.112334,-0.040886,0.126502,-1,0,0,0,1,0,0,0,-1
0.111932,-0.041801,0.126502,-1,0,0,0,1,0,0,0,-1
0.1114,-0.042646,0.1265,-1,0,0,0,1,0,0,0,-1
0.110728,-0.043385,0.126495,-1,0,0,0,1,0,0,0,-1
0.109929,-0.043983,0.126489,-1,0,0,0,1,0,0,0,-1
0.109035,-0.04443,0.126482,-1,0,0,0,1,0,0,0,-1
0.108084,-0.044735,0.126474,-1,0,0,0,1,0,0,0,-1
0.107662,-0.044828,0.126472,-1,0,0,0,1,0,0,0,-1
0.107662,-0.044828,0.126472,-1,0,0,0,1,0,0,0,-1
0.107439,-0.044866,0.126406,-1,0,0,0,1,0,0,0,-1
0.1065,-0.044967,0.126079,-1,0,0,0,1,0,0,0,-1
0.105585,-0.044993,0.125677,-1,0,0,0,1,0,0,0,-1
0.104706,-0.044965,0.125201,-1,0,0,0,1,0,0,0,-1
0.10387,-0.044898,0.124657,-1,0,0,0,1,0,0,0,-1
0.10308,-0.044805,0.124052,-1,0,0,0,1,0,0,0,-1
0.102334,-0.044694,0.123396,-1,0,0,0,1,0,0,0,-1
0.101629,-0.044572,0.122697,-1,0,0,0,1,0,0,0,-1
0.100961,-0.044443,0.121964,-1,0,0,0,1,0,0,0,-1
0.100325,-0.044309,0.121204,-1,0,0,0,1,0,0,0,-1
0.099714,-0.044173,0.120424,-1,0,0,0,1,0,0,0,-1
0.099123,-0.044035,0.11963,-1,0,0,0,1,0,0,0,-1
0.098548,-0.043896,0.118824,-1,0,0,0,1,0,0,0,-1
0.097982,-0.043755,0.118011,-1,0,0,0,1,0,0,0,-1
0.097424,-0.043613,0.117194,-1,0,0,0,1,0,0,0,-1
0.096868,-0.043468,0.116375,-1,0,0,0,1,0,0,0,-1
0.096312,-0.043322,0.115557,-1,0,0,0,1,0,0,0,-1
0.095752,-0.043174,0.114742,-1,0,0,0,1,0,0,0,-1
0.095187,-0.043024,0.113931,-1,0,0,0,1,0,0,0,-1
0.094614,-0.04287,0.113126,-1,0,0,0,1,0,0,0,-1
0.09403,-0.042714,0.112329,-1,0,0,0,1,0,0,0,-1
0.093435,-0.042555,0.111541,-1,0,0,0,1,0,0,0,-1
0.092827,-0.042392,0.110764,-1,0,0,0,1,0,0,0,-1
0.092205,-0.042227,0.109999,-1,0,0,0,1,0,0,0,-1
0.091568,-0.042059,0.109247,-1,0,0,0,1,0,0,0,-1
0.090914,-0.041888,0.10851,-1,0,0,0,1,0,0,0,-1
0.090242,-0.041714,0.10779,-1,0,0,0,1,0,0,0,-1
0.089552,-0.041539,0.107087,-1,0,0,0,1,0,0,0,-1
0.088844,-0.041361,0.106404,-1,0,0,0,1,0,0,0,-1
0.088115,-0.041183,0.105743,-1,0,0,0,1,0,0,0,-1
0.087367,-0.041003,0.105105,-1,0,0,0,1,0,0,0,-1
0.086597,-0.040824,0.104492,-1,0,0,0,1,0,0,0,-1
0.085807,-0.040646,0.103906,-1,0,0,0,1,0,0,0,-1
0.084995,-0.04047,0.103349,-1,0,0,0,1,0,0,0,-1
0.084162,-0.040297,0.102824,-1,0,0,0,1,0,0,0,-1
0.083307,-0.040128,0.102333,-1,0,0,0,1,0,0,0,-1
0.082432,-0.039965,0.101878,-1,0,0,0,1,0,0,0,-1
0.081537,-0.039807,0.101461,-1,0,0,0,1,0,0,0,-1
0.080623,-0.039657,0.101085,-1,0,0,0,1,0,0,0,-1
0.079691,-0.039513,0.100752,-1,0,0,0,1,0,0,0,-1
0.078744,-0.039375,0.100463,-1,0,0,0,1,0,0,0,-1
0.077782,-0.039242,0.100221,-1,0,0,0,1,0,0,0,-1
0.07681,-0.039112,0.100029,-1,0,0,0,1,0,0,0,-1
0.075829,-0.038981,0.099887,-1,0,0,0,1,0,0,0,-1
0.074842,-0.038849,0.0998,-1,0,0,0,1,0,0,0,-1
0.073852,-0.038711,0.099769,-1,0,0,0,1,0,0,0,-1
0.072863,-0.038567,0.099797,-1,0,0,0,1,0,0,0,-1
0.071879,-0.038415,0.099885,-1,0,0,0,1,0,0,0,-1
0.070903,-0.038255,0.100036,-1,0,0,0,1,0,0,0,-1
0.069941,-0.038086,0.10025,-1,0,0,0,1,0,0,0,-1
0.068996,-0.037909,0.100525,-1,0,0,0,1,0,0,0,-1
0.068072,-0.037726,0.100859,-1,0,0,0,1,0,0,0,-1
0.067171,-0.037535,0.101249,-1,0,0,0,1,0,0,0,-1
0.066297,-0.037339,0.101692,-1,0,0,0,1,0,0,0,-1
0.065449,-0.037139,0.102183,-1,0,0,0,1,0,0,0,-1
0.064629,-0.036933,0.102717,-1,0,0,0,1,0,0,0,-1
0.063837,-0.036724,0.10329,-1,0,0,0,1,0,0,0,-1
0.063072,-0.03651,0.103898,-1,0,0,0,1,0,0,0,-1
0.062333,-0.036292,0.104535,-1,0,0,0,1,0,0,0,-1
0.061618,-0.036071,0.105199,-1,0,0,0,1,0,0,0,-1
0.060927,-0.035845,0.105885,-1,0,0,0,1,0,0,0,-1
0.060256,-0.035616,0.10659,-1,0,0,0,1,0,0,0,-1
0.059605,-0.035382,0.107312,-1,0,0,0,1,0,0,0,-1
0.05897,-0.035145,0.108047,-1,0,0,0,1,0,0,0,-1
0.05835,-0.034903,0.108794,-1,0,0,0,1,0,0,0,-1
0.057742,-0.034659,0.109549,-1,0,0,0,1,0,0,0,-1
0.057145,-0.03441,0.110312,-1,0,0,0,1,0,0,0,-1
0.056555,-0.034159,0.111079,-1,0,0,0,1,0,0,0,-1
0.055971,-0.033905,0.11185,-1,0,0,0,1,0,0,0,-1
0.05539,-0.033649,0.112623,-1,0,0,0,1,0,0,0,-1
0.05481,-0.033391,0.113395,-1,0,0,0,1,0,0,0,-1
0.054229,-0.033133,0.114167,-1,0,0,0,1,0,0,0,-1
0.053644,-0.032874,0.114936,-1,0,0,0,1,0,0,0,-1
0.053054,-0.032617,0.115702,-1,0,0,0,1,0,0,0,-1
0.052457,-0.032361,0.116462,-1,0,0,0,1,0,0,0,-1
0.05185,-0.032109,0.117215,-1,0,0,0,1,0,0,0,-1
0.051231,-0.031862,0.117961,-1,0,0,0,1,0,0,0,-1
0.050598,-0.031621,0.118697,-1,0,0,0,1,0,0,0,-1
0.04995,-0.03139,0.119422,-1,0,0,0,1,0,0,0,-1
0.049283,-0.03117,0.120134,-1,0,0,0,1,0,0,0,-1
0.048596,-0.030965,0.120831,-1,0,0,0,1,0,0,0,-1
0.047887,-0.030779,0.121511,-1,0,0,0,1,0,0,0,-1
0.047154,-0.030616,0.122171,-1,0,0,0,1,0,0,0,-1
0.046395,-0.030484,0.122808,-1,0,0,0,1,0,0,0,-1
0.045608,-0.030389,0.123419,-1,0,0,0,1,0,0,0,-1
0.044795,-0.030343,0.123998,-1,0,0,0,1,0,0,0,-1
0.043954,-0.030356,0.124539,-1,0,0,0,1,0,0,0,-1
0.043091,-0.030445,0.125034,-1,0,0,0,1,0,0,0,-1
0.042212,-0.030629,0.125473,-1,0,0,0,1,0,0,0,-1
0.041332,-0.030929,0.12584,-1,0,0,0,1,0,0,0,-1
0.040477,-0.031363,0.12612,-1,0,0,0,1,0,0,0,-1
0.040477,-0.031363,0.12612,-1,0,0,0,1,0,0,0,-1
0.03974,-0.032039,0.126117,-1,0,0,0,1,0,0,0,-1
0.039066,-0.032776,0.126116,-1,0,0,0,1,0,0,0,-1
0.039064,-0.032779,0.126116,-1,0,0,0,1,0,0,0,-1
0.039064,-0.032779,0.126116,-1,0,0,0,1,0,0,0,-1
0.038454,-0.033571,0.126117,-1,0,0,0,1,0,0,0,-1
0.037917,-0.034414,0.12612,-1,0,0,0,1,0,0,0,-1
0.037915,-0.034416,0.12612,-1,0,0,0,1,0,0,0,-1
