0.137931,0.340933,-0.731662,1.78848,-0.0102208,6.2444
0.00152475,0.179299,-0.112882,3.1416,1.27862,6.2444
-0.000581029,0.17906,-0.114246,3.14159,1.27749,6.2444
-0.0026352,0.179217,-0.115356,3.14158,1.27623,6.2444
-0.00461341,0.179664,-0.116292,3.14158,1.27485,6.2444
-0.00650633,0.180339,-0.117096,3.14158,1.27337,6.2444
-0.00831392,0.181196,-0.117799,3.14157,1.27181,6.2444
-0.0100502,0.182252,-0.118289,3.14162,1.27034,6.2444
-0.0116807,0.183294,-0.119019,3.14157,1.26849,6.2444
-0.0132671,0.184553,-0.119423,3.14161,1.26689,6.2444
-0.0147552,0.185758,-0.120076,3.14157,1.26497,6.2444
-0.0162177,0.187142,-0.120442,3.14161,1.26328,6.2444
-0.0175895,0.188447,-0.121068,3.14157,1.26129,6.2444
-0.0189529,0.189917,-0.121412,3.14161,1.25954,6.2444
-0.020237,0.19128,-0.122037,3.14157,1.25748,6.2444
-0.0215219,0.192805,-0.122373,3.14161,1.25569,6.2444
-0.022737,0.194205,-0.123004,3.14157,1.25359,6.2444
-0.0239684,0.195767,-0.123333,3.14161,1.25177,6.2444
-0.0251383,0.197186,-0.123977,3.14157,1.24963,6.2444
-0.0263345,0.198768,-0.124306,3.14162,1.2478,6.2444
-0.0274822,0.200195,-0.124956,3.14157,1.24565,6.2444
-0.0286657,0.201788,-0.12528,3.14162,1.2438,6.2444
-0.0298096,0.203221,-0.12592,3.14157,1.24166,6.2444
-0.0310009,0.204814,-0.126236,3.14161,1.23982,6.2444
-0.0321615,0.206247,-0.12686,3.14157,1.23769,6.2444
-0.0333715,0.207871,-0.127103,3.14162,1.23591,6.2444
-0.0345805,0.209269,-0.127735,3.14157,1.2338,6.2444
-0.0358325,0.210784,-0.128081,3.14157,1.232,6.2444
-0.0371292,0.212351,-0.128361,3.14161,1.23016,6.2444
-0.0384456,0.213857,-0.128684,3.14161,1.22833,6.2444
-0.0398029,0.215344,-0.128985,3.14161,1.22654,6.2444
-0.0411956,0.216862,-0.129187,3.14161,1.22483,6.2444
-0.0426462,0.21834,-0.129373,3.14161,1.22316,6.2444
-0.0441431,0.219729,-0.129599,3.14157,1.22153,6.2444
-0.0456794,0.22125,-0.129573,3.1416,1.22003,6.2444
-0.0472985,0.222696,-0.129523,3.1416,1.21863,6.2444
-0.0489776,0.224111,-0.129401,3.1416,1.21732,6.2444
-0.050699,0.225503,-0.129182,3.1416,1.21613,6.2444
-0.0525022,0.226859,-0.128861,3.1416,1.21506,6.2444
-0.0543573,0.228183,-0.128424,3.1416,1.21414,6.2444
-0.0562614,0.229471,-0.127862,3.1416,1.21339,6.2444
-0.0582298,0.230738,-0.127058,3.14156,1.21297,6.2444
-0.0602146,0.231986,-0.126146,3.14157,1.21264,6.2444
-0.0622241,0.233155,-0.125148,3.14158,1.21247,6.2444
-0.0642635,0.234392,-0.123909,3.14158,1.21248,6.2444
-0.0663082,0.235469,-0.122657,3.14158,1.21266,6.2444
-0.0683551,0.236496,-0.121285,3.14159,1.21301,6.2444
-0.0703972,0.237473,-0.119807,3.14159,1.21351,6.2444
-0.0724247,0.238406,-0.118215,3.14159,1.21417,6.2444
-0.0744317,0.239303,-0.116513,3.14159,1.21498,6.2444
-0.0763992,0.24017,-0.11471,3.14159,1.21592,6.2444
-0.0783448,0.241012,-0.112787,3.14159,1.21701,6.2444
-0.0802415,0.241831,-0.110759,3.14159,1.21822,6.2444
-0.0820989,0.242646,-0.108619,3.14159,1.21954,6.2444
-0.0839052,0.24344,-0.106374,3.1416,1.22099,6.2444
-0.0856636,0.244217,-0.104039,3.1416,1.22254,6.2444
-0.0873768,0.244976,-0.10162,3.1416,1.2242,6.2444
-0.0890382,0.245716,-0.0991224,3.1416,1.22596,6.2444
-0.0906521,0.246436,-0.0965564,3.1416,1.2278,6.2444
-0.0922188,0.247129,-0.0939341,3.14159,1.22973,6.2444
-0.0937372,0.247798,-0.0912589,3.14159,1.23174,6.2444
-0.0952075,0.248443,-0.0885355,3.14159,1.23382,6.2444
-0.0966323,0.249062,-0.0857793,3.14159,1.23595,6.2444
-0.0980138,0.249658,-0.0829868,3.14159,1.23815,6.2444
-0.099355,0.25023,-0.0801655,3.14159,1.2404,6.2444
-0.100656,0.250778,-0.0773254,3.14159,1.24269,6.2444
-0.10192,0.251304,-0.0744627,3.14159,1.24503,6.2444
-0.103151,0.251811,-0.0715835,3.14159,1.2474,6.2444
-0.104349,0.252297,-0.0686886,3.14159,1.24981,6.2444
-0.105517,0.252762,-0.0657869,3.14159,1.25225,6.2444
-0.106659,0.253211,-0.0628742,3.14159,1.25471,6.2444
-0.107792,0.253654,-0.0599537,3.14158,1.25719,6.2444
-0.108892,0.254077,-0.0570234,3.14158,1.25969,6.2444
-0.109974,0.254491,-0.0540882,3.14158,1.26222,6.2444
-0.111043,0.254897,-0.0511519,3.14158,1.26475,6.2444
-0.112105,0.2553,-0.0482119,3.14158,1.26728,6.2444
-0.113168,0.255705,-0.0452678,3.14158,1.26982,6.2444
-0.114234,0.25612,-0.0423188,3.14158,1.27236,6.2444
-0.115314,0.256542,-0.0393741,3.14158,1.27488,6.2444
-0.116416,0.256984,-0.0364255,3.14158,1.27738,6.2444
-0.11753,0.257435,-0.033489,3.14159,1.27987,6.2444
-0.118704,0.257924,-0.0305605,3.14159,1.28231,6.2444
-0.119931,0.258445,-0.0276536,3.14159,1.2847,6.2444
-0.121222,0.259003,-0.024778,3.14159,1.28701,6.2444
-0.122593,0.259593,-0.0219636,3.14159,1.28924,6.2444
-0.124052,0.26022,-0.0192333,3.14159,1.29134,6.2444
-0.125612,0.26087,-0.0166247,3.14159,1.2933,6.2444
-0.127275,0.261514,-0.0142016,3.14159,1.29508,6.2444
-0.129052,0.262126,-0.0120176,3.14159,1.29666,6.2444
-0.130934,0.262669,-0.0101419,3.14159,1.29799,6.2444
-0.132924,0.263059,-0.00867666,3.14158,1.29907,6.2444
-0.133349,0.263016,-0.00860303,3.14169,1.2991,6.2444
-0.133403,0.263055,-0.00851897,3.1416,1.29918,6.2444
-0.135522,0.263203,-0.00831749,3.14159,1.29923,6.2444
-0.137648,0.263052,-0.00843945,3.14159,1.29932,6.2444
-0.139701,0.262425,-0.00923628,3.14162,1.29915,6.2444
-0.141663,0.261106,-0.0108609,3.14159,1.29884,6.2444
-0.143396,0.259436,-0.0129695,3.14158,1.2984,6.2444
-0.14492,0.257412,-0.0155185,3.14158,1.29787,6.2444
-0.145533,0.256456,-0.0167334,3.14155,1.2976,6.2444
-0.145518,0.256451,-0.0167353,3.14159,1.29761,6.2444
-0.14674,0.25409,-0.0197005,3.14158,1.29701,6.2444
-0.147692,0.251512,-0.0229452,3.14159,1.29634,6.2444
-0.148291,0.248754,-0.0264141,3.14159,1.29563,6.2444
-0.148497,0.245896,-0.0300111,3.14158,1.29488,6.2444
-0.148297,0.243043,-0.0335902,3.1416,1.29416,6.2444
-0.147785,0.240263,-0.0370639,3.1416,1.29347,6.2444
-0.147482,0.23909,-0.0385388,3.14163,1.29316,6.2444
-0.147482,0.239088,-0.0385338,3.1416,1.29317,6.2444
-0.147286,0.23853,-0.0394029,3.1416,1.29288,6.2444
-0.146398,0.236227,-0.0432431,3.1416,1.29132,6.2444
-0.145398,0.23415,-0.0470049,3.14161,1.28964,6.2444
-0.144351,0.232275,-0.0507295,3.1416,1.28779,6.2444
-0.143264,0.230601,-0.0544074,3.1416,1.28579,6.2444
-0.142174,0.229117,-0.0580301,3.14159,1.28365,6.2444
-0.141099,0.227814,-0.0615775,3.1416,1.28141,6.2444
-0.140056,0.226635,-0.0650949,3.1416,1.27908,6.2444
-0.139034,0.225579,-0.0685641,3.1416,1.27667,6.2444
-0.138036,0.224626,-0.0719897,3.1416,1.27419,6.2444
-0.137065,0.223762,-0.075368,3.1416,1.27168,6.2444
-0.13611,0.222963,-0.0787083,3.1416,1.26913,6.2444
-0.13517,0.222216,-0.0820208,3.1416,1.26657,6.2444
-0.134239,0.221512,-0.0853029,3.1416,1.26399,6.2444
-0.133312,0.220836,-0.0885626,3.1416,1.2614,6.2444
-0.132384,0.220174,-0.0918106,3.1416,1.25882,6.2444
-0.131448,0.219525,-0.0950419,3.1416,1.25623,6.2444
-0.130504,0.218877,-0.0982621,3.1416,1.25366,6.2444
-0.129546,0.218222,-0.101481,3.1416,1.2511,6.2444
-0.128572,0.21756,-0.104691,3.1416,1.24855,6.2444
-0.127578,0.216877,-0.107902,3.1416,1.24602,6.2444
-0.126565,0.216177,-0.11111,3.1416,1.24352,6.2444
-0.125528,0.215452,-0.114315,3.1416,1.24104,6.2444
-0.124465,0.214695,-0.117525,3.1416,1.23859,6.2444
-0.123376,0.213908,-0.120733,3.1416,1.23617,6.2444
-0.122262,0.213084,-0.123942,3.1416,1.23378,6.2444
-0.121121,0.212218,-0.127152,3.1416,1.23144,6.2444
-0.119948,0.211311,-0.130362,3.1416,1.22914,6.2444
-0.118746,0.210355,-0.133573,3.1416,1.22688,6.2444
-0.117515,0.209348,-0.136781,3.1416,1.22468,6.2444
-0.116261,0.20827,-0.140016,3.14159,1.22251,6.2444
-0.11497,0.207147,-0.143221,3.14159,1.22043,6.2444
-0.113649,0.205959,-0.146422,3.14159,1.21841,6.2444
-0.112306,0.204701,-0.149617,3.14159,1.21648,6.2444
-0.110935,0.203373,-0.152802,3.14159,1.21462,6.2444
-0.109546,0.201971,-0.155973,3.1416,1.21285,6.2444
-0.108136,0.200493,-0.159125,3.1416,1.21118,6.2444
-0.106708,0.198935,-0.162258,3.1416,1.2096,6.2444
-0.105266,0.197302,-0.165358,3.1416,1.20814,6.2444
-0.103809,0.195587,-0.168423,3.1416,1.20679,6.2444
-0.102337,0.193804,-0.171437,3.1416,1.20556,6.2444
-0.100854,0.191953,-0.174387,3.1416,1.20446,6.2444
-0.0993552,0.190034,-0.177263,3.1416,1.2035,6.2444
-0.0978398,0.188064,-0.180046,3.1416,1.20269,6.2444
-0.0962926,0.186048,-0.182714,3.14161,1.20203,6.2444
-0.0947531,0.183993,-0.185255,3.1416,1.20155,6.2444
-0.0931868,0.181918,-0.18764,3.1416,1.20124,6.2444
-0.09159,0.179819,-0.189869,3.14161,1.20111,6.2444
-0.0900054,0.177713,-0.191906,3.1416,1.20118,6.2444
-0.08841,0.175612,-0.193746,3.1416,1.20144,6.2444
-0.0868184,0.173521,-0.195383,3.1416,1.2019,6.2444
-0.0852371,0.171448,-0.196817,3.1416,1.20254,6.2444
-0.0836736,0.169403,-0.198045,3.1416,1.20336,6.2444
-0.0821186,0.16746,-0.199004,3.14163,1.20436,6.2444
-0.0806284,0.165504,-0.19975,3.14159,1.20563,6.2444
-0.0791116,0.163556,-0.200431,3.14158,1.20687,6.2444
-0.0776458,0.161639,-0.200967,3.14158,1.20823,6.2444
-0.0761979,0.159769,-0.201339,3.14159,1.20969,6.2444
-0.0747747,0.157947,-0.201563,3.14159,1.21125,6.2444
-0.0733668,0.156192,-0.201621,3.1416,1.21292,6.2444
-0.0719827,0.154492,-0.201543,3.1416,1.21467,6.2444
-0.0705995,0.152833,-0.201378,3.14157,1.21651,6.2444
-0.0692376,0.151267,-0.201026,3.14157,1.21843,6.2444
-0.0679067,0.149706,-0.200628,3.14157,1.22039,6.2444
-0.0666087,0.148259,-0.199992,3.14162,1.22254,6.2444
-0.0652731,0.146718,-0.199565,3.14157,1.22444,6.2444
-0.0639895,0.145332,-0.198807,3.14162,1.22666,6.2444
-0.062686,0.143908,-0.198146,3.14162,1.22874,6.2444
-0.0613827,0.142504,-0.197446,3.14162,1.23084,6.2444
-0.0600767,0.141119,-0.196719,3.14162,1.23296,6.2444
-0.0587688,0.139743,-0.195983,3.14162,1.23507,6.2444
-0.0574566,0.138374,-0.195238,3.14162,1.23718,6.2444
-0.0561356,0.137006,-0.194501,3.14162,1.23929,6.2444
-0.0548062,0.135632,-0.193778,3.14162,1.24138,6.2444
-0.0534712,0.134245,-0.193088,3.14162,1.24346,6.2444
-0.0521234,0.132841,-0.192436,3.14162,1.24551,6.2444
-0.0507445,0.13135,-0.191969,3.14157,1.2474,6.2444
-0.0494006,0.129957,-0.191287,3.14162,1.24955,6.2444
-0.048009,0.128411,-0.190928,3.14157,1.25139,6.2444
-0.0466273,0.126855,-0.190569,3.14157,1.2533,6.2444
-0.0452444,0.125263,-0.190282,3.14157,1.25519,6.2444
-0.0438819,0.123564,-0.190168,3.14158,1.257,6.2444
-0.0425206,0.121826,-0.190131,3.1416,1.25875,6.2444
-0.0411623,0.12001,-0.190265,3.1416,1.26047,6.2444
-0.0398395,0.118089,-0.190581,3.14158,1.26211,6.2444
-0.0385475,0.116066,-0.191099,3.14159,1.26365,6.2444
-0.0373282,0.113905,-0.191867,3.14158,1.2651,6.2444
-0.0362039,0.111456,-0.193185,3.14161,1.26616,6.2444
-0.0352532,0.108912,-0.194709,3.14161,1.26718,6.2444
-0.0345205,0.106198,-0.196635,3.1416,1.26796,6.2444
-0.0340739,0.103353,-0.198957,3.14162,1.26848,6.2444
-0.0340857,0.103355,-0.198951,3.1416,1.26849,6.2444
-0.0342824,0.100508,-0.202108,3.14159,1.26817,6.2444
-0.0346865,0.0976963,-0.205204,3.14158,1.26789,6.2444
-0.0346858,0.0976925,-0.205209,3.14159,1.2679,6.2444
-0.0346825,0.0976888,-0.205211,3.14159,1.2679,6.2444
-0.0353012,0.0949173,-0.208255,3.14158,1.26762,6.2444
-0.0361204,0.0922176,-0.211203,3.14158,1.26737,6.2444
-0.0361162,0.0922175,-0.211208,3.14158,1.26737,6.2444
-0.036111,0.0922141,-0.211207,3.14159,1.26738,6.2444
-0.037467,0.0901228,-0.214321,3.14159,1.26635,6.2444
-0.0390367,0.0883901,-0.217306,3.14159,1.2651,6.2444
-0.0407438,0.0870032,-0.220124,3.14159,1.26366,6.2444
-0.0425185,0.0859087,-0.222795,3.14159,1.26209,6.2444
-0.0443351,0.0850594,-0.225324,3.1416,1.26041,6.2444
-0.0461771,0.0844267,-0.227728,3.14159,1.25864,6.2444
-0.048016,0.0839834,-0.230026,3.14159,1.25679,6.2444
-0.0498391,0.0836983,-0.232236,3.14159,1.25486,6.2444
-0.0516371,0.0835452,-0.234374,3.14159,1.25287,6.2444
-0.0534088,0.0835063,-0.236446,3.14159,1.25084,6.2444
-0.0551555,0.0835573,-0.238471,3.14159,1.24876,6.2444
-0.0568725,0.0836921,-0.240454,3.14159,1.24665,6.2444
-0.0585654,0.083897,-0.242396,3.14159,1.2445,6.2444
-0.0602321,0.0841552,-0.244318,3.14159,1.24232,6.2444
-0.061875,0.084465,-0.246211,3.14159,1.24012,6.2444
-0.0634997,0.0848148,-0.248085,3.14159,1.23789,6.2444
-0.065106,0.085198,-0.249942,3.14159,1.23565,6.2444
-0.0666969,0.0856087,-0.251788,3.14159,1.2334,6.2444
-0.0682778,0.086037,-0.253624,3.14159,1.23113,6.2444
-0.0698536,0.0864805,-0.255454,3.14159,1.22886,6.2444
-0.0714221,0.0869328,-0.257281,3.14159,1.22658,6.2444
-0.0729936,0.0873896,-0.259101,3.14159,1.2243,6.2444
-0.0745712,0.0878393,-0.260924,3.14159,1.22203,6.2444
-0.0761595,0.0882872,-0.26274,3.14159,1.21977,6.2444
-0.0777594,0.0887172,-0.264559,3.14159,1.21752,6.2444
-0.0793811,0.0891326,-0.266377,3.14159,1.21528,6.2444
-0.0810272,0.0895236,-0.268195,3.14159,1.21307,6.2444
-0.0827005,0.0898885,-0.27001,3.14159,1.21089,6.2444
-0.0844088,0.0902233,-0.271816,3.14159,1.20875,6.2444
-0.0861575,0.0905211,-0.273615,3.14159,1.20666,6.2444
-0.0879492,0.0907772,-0.275404,3.14158,1.20461,6.2444
-0.0897894,0.0909864,-0.277176,3.14158,1.20263,6.2444
-0.0916831,0.0911468,-0.278923,3.14158,1.20072,6.2444
-0.0936306,0.0912499,-0.280644,3.14158,1.1989,6.2444
-0.095637,0.0912961,-0.282325,3.14158,1.19717,6.2444
-0.0977026,0.0912754,-0.28396,3.14159,1.19556,6.2444
-0.099828,0.0911854,-0.285543,3.14159,1.19407,6.2444
-0.102011,0.0910253,-0.287059,3.14159,1.19271,6.2444
-0.104249,0.0907958,-0.288482,3.14158,1.19152,6.2444
-0.106538,0.090474,-0.289851,3.14159,1.19047,6.2444
-0.108871,0.0900758,-0.291126,3.14159,1.18959,6.2444
-0.111247,0.0896035,-0.292281,3.14158,1.18891,6.2444
-0.113619,0.0891073,-0.293254,3.14165,1.18847,6.2444
-0.116029,0.0884807,-0.294208,3.14164,1.18815,6.2444
-0.118438,0.0877794,-0.29507,3.14161,1.18797,6.2444
-0.120866,0.0870204,-0.295722,3.14159,1.18813,6.2444
-0.123266,0.0862053,-0.296336,3.14159,1.18833,6.2444
-0.12565,0.0853409,-0.296851,3.14159,1.18867,6.2444
-0.128017,0.0844422,-0.297253,3.1416,1.18914,6.2444
-0.130363,0.0835286,-0.297528,3.1416,1.18976,6.2444
-0.132167,0.0827784,-0.297661,3.14163,1.19036,6.2444
-0.13219,0.0828111,-0.297648,3.14159,1.19034,6.2444
-0.13323,0.0823963,-0.297675,3.1416,1.19072,6.2444
-0.13551,0.0814748,-0.29765,3.1416,1.19164,6.2444
-0.13776,0.0805844,-0.297463,3.14158,1.19268,6.2444
-0.139999,0.0796884,-0.297158,3.1416,1.19388,6.2444
-0.142201,0.078879,-0.296642,3.14162,1.19522,6.2444
-0.144336,0.0780521,-0.29603,3.14162,1.19665,6.2444
-0.146421,0.0772635,-0.295224,3.14157,1.1983,6.2444
-0.148469,0.0764516,-0.294402,3.14156,1.19993,6.2444
-0.15047,0.0756558,-0.293471,3.14156,1.20166,6.2444
-0.152424,0.0748696,-0.292454,3.14156,1.20346,6.2444
-0.154319,0.074096,-0.291327,3.14158,1.20538,6.2444
-0.156179,0.0733346,-0.29014,3.14158,1.20732,6.2444
-0.157993,0.0725803,-0.288883,3.14158,1.20934,6.2444
-0.159764,0.0718326,-0.287561,3.14158,1.21141,6.2444
-0.161491,0.0710946,-0.286176,3.14158,1.21353,6.2444
-0.163173,0.0703628,-0.284739,3.14158,1.2157,6.2444
-0.164818,0.0696408,-0.283243,3.14159,1.21792,6.2444
-0.166425,0.0689228,-0.281709,3.14159,1.22017,6.2444
-0.167996,0.068212,-0.280131,3.14159,1.22246,6.2444
-0.169535,0.0675052,-0.27852,3.14159,1.22478,6.2444
-0.171044,0.0668059,-0.276874,3.14159,1.22712,6.2444
-0.172533,0.0661111,-0.275201,3.14159,1.22949,6.2444
-0.173999,0.0654225,-0.273507,3.14159,1.23187,6.2444
-0.175453,0.0647367,-0.271798,3.14159,1.23426,6.2444
-0.176897,0.0640554,-0.270077,3.14159,1.23667,6.2444
-0.178343,0.0633771,-0.268357,3.14159,1.23907,6.2444
-0.179796,0.0627002,-0.266639,3.14159,1.24146,6.2444
-0.181264,0.062023,-0.264937,3.14159,1.24384,6.2444
-0.182761,0.0613475,-0.263261,3.14159,1.24619,6.2444
-0.184297,0.0606661,-0.261626,3.14159,1.24851,6.2444
-0.18588,0.0599765,-0.260047,3.14159,1.25078,6.2444
-0.187527,0.0592748,-0.258547,3.14159,1.25298,6.2444
-0.189247,0.0585539,-0.257152,3.14159,1.25509,6.2444
-0.191054,0.0578068,-0.255894,3.14159,1.2571,6.2444
-0.192947,0.0570161,-0.25481,3.14159,1.25897,6.2444
-0.194956,0.0561729,-0.253973,3.14156,1.26064,6.2444
-0.197034,0.0552233,-0.253448,3.14162,1.26207,6.2444
-0.199151,0.0541419,-0.253214,3.1416,1.26337,6.2444
-0.201318,0.0530152,-0.253231,3.14159,1.26451,6.2444
-0.203455,0.0517001,-0.253602,3.14165,1.26554,6.2444
-0.203499,0.0517173,-0.253632,3.1416,1.26546,6.2444
-0.205648,0.0501475,-0.25527,3.14158,1.26539,6.2444
-0.207566,0.0482676,-0.257227,3.14158,1.26531,6.2444
-0.209192,0.0460452,-0.259535,3.14159,1.26522,6.2444
-0.21044,0.043532,-0.262149,3.14157,1.2651,6.2444
-0.211244,0.0408053,-0.26499,3.14157,1.26499,6.2444
-0.21165,0.0379666,-0.267938,3.14158,1.26489,6.2444
-0.211691,0.0367053,-0.269218,3.14157,1.26485,6.2444
-0.211714,0.0367208,-0.269227,3.14159,1.26485,6.2444
-0.211641,0.0338399,-0.272223,3.1416,1.26473,6.2444
-0.211183,0.0310137,-0.275143,3.14161,1.26463,6.2444
-0.210281,0.0283145,-0.277941,3.14161,1.26453,6.2444
-0.208936,0.0258555,-0.280482,3.14161,1.26445,6.2444
-0.207222,0.0236994,-0.282709,3.1416,1.26438,6.2444
-0.205224,0.0218695,-0.284608,3.1416,1.26432,6.2444
-0.204285,0.0212303,-0.285134,3.1416,1.26454,6.2444
-0.204298,0.0212143,-0.285247,3.14159,1.26438,6.2444
-0.203781,0.0209083,-0.285766,3.14162,1.26418,6.2444
-0.201611,0.0197815,-0.287921,3.1416,1.26309,6.2444
-0.199423,0.0189648,-0.289952,3.14159,1.26188,6.2444
-0.197259,0.0183726,-0.291964,3.14159,1.26046,6.2444
-0.195151,0.01798,-0.293975,3.14159,1.25884,6.2444
-0.193125,0.0177518,-0.296006,3.1416,1.25704,6.2444
-0.191192,0.0176603,-0.298053,3.1416,1.25508,6.2444
-0.189352,0.0176749,-0.300123,3.1416,1.253,6.2444
-0.187596,0.0177733,-0.30221,3.1416,1.25081,6.2444
-0.185911,0.0179403,-0.304309,3.1416,1.24854,6.2444
-0.184288,0.0181603,-0.306414,3.1416,1.24622,6.2444
-0.182709,0.0184239,-0.308517,3.1416,1.24385,6.2444
-0.181167,0.0187194,-0.310624,3.1416,1.24145,6.2444
-0.179649,0.0190439,-0.312724,3.1416,1.23902,6.2444
-0.178144,0.0193881,-0.314816,3.1416,1.23659,6.2444
-0.176645,0.019749,-0.316899,3.1416,1.23414,6.2444
-0.175142,0.0201226,-0.318966,3.1416,1.2317,6.2444
-0.173627,0.0205066,-0.321015,3.1416,1.22927,6.2444
-0.172096,0.0208959,-0.323047,3.1416,1.22685,6.2444
-0.17054,0.0212909,-0.325057,3.1416,1.22444,6.2444
-0.168961,0.0216846,-0.327045,3.1416,1.22206,6.2444
-0.167346,0.02208,-0.329006,3.1416,1.21971,6.2444
-0.1657,0.0224703,-0.330939,3.1416,1.21738,6.2444
-0.164012,0.022856,-0.332843,3.1416,1.21509,6.2444
-0.162284,0.023234,-0.334716,3.1416,1.21284,6.2444
-0.160512,0.0236018,-0.336556,3.14161,1.21063,6.2444
-0.158696,0.0239552,-0.338361,3.14161,1.20848,6.2444
-0.15683,0.0242931,-0.340131,3.14161,1.20637,6.2444
-0.154915,0.0246134,-0.34186,3.14161,1.20432,6.2444
-0.152952,0.0249089,-0.343549,3.14161,1.20234,6.2444
-0.150937,0.0251812,-0.345194,3.14161,1.20042,6.2444
-0.148868,0.0254197,-0.346799,3.14161,1.19858,6.2444
-0.146746,0.0256287,-0.348354,3.1416,1.19681,6.2444
-0.144573,0.0257955,-0.349865,3.1416,1.19513,6.2444
-0.14235,0.0259206,-0.351323,3.1416,1.19355,6.2444
-0.140074,0.0259964,-0.352731,3.1416,1.19207,6.2444
-0.137748,0.026034,-0.354054,3.14161,1.19072,6.2444
-0.135378,0.0259972,-0.355357,3.14161,1.18945,6.2444
-0.132965,0.0259034,-0.356595,3.1416,1.18831,6.2444
-0.130518,0.0257838,-0.357697,3.14154,1.18736,6.2444
-0.128014,0.0255829,-0.358777,3.14154,1.18648,6.2444
-0.125469,0.0253272,-0.359767,3.14155,1.18574,6.2444
-0.12295,0.0250019,-0.360714,3.14154,1.18511,6.2444
-0.120336,0.0246878,-0.36143,3.14161,1.18475,6.2444
-0.117741,0.0242973,-0.362096,3.1416,1.18447,6.2444
-0.115139,0.0238748,-0.362628,3.1416,1.18436,6.2444
-0.112528,0.0234203,-0.363024,3.1416,1.1844,6.2444
-0.109919,0.0229469,-0.363262,3.14159,1.18461,6.2444
-0.107324,0.0224588,-0.363326,3.14159,1.18501,6.2444
-0.104752,0.021958,-0.363213,3.14159,1.1856,6.2444
-0.102218,0.0214543,-0.362918,3.14159,1.18637,6.2444
-0.0997159,0.0209574,-0.362427,3.14159,1.18734,6.2444
-0.0972754,0.0205363,-0.361685,3.14156,1.18853,6.2444
-0.0949126,0.0200707,-0.360822,3.14156,1.18985,6.2444
-0.0926033,0.0196206,-0.359758,3.14162,1.19141,6.2444
-0.0903638,0.0191547,-0.358619,3.14162,1.19301,6.2444
-0.088192,0.0187122,-0.357322,3.14161,1.19476,6.2444
-0.086088,0.0182761,-0.35593,3.14161,1.19659,6.2444
-0.084046,0.0178546,-0.354436,3.14161,1.19851,6.2444
-0.082066,0.0174495,-0.352844,3.14161,1.20051,6.2444
-0.0801429,0.0170645,-0.351166,3.14161,1.20257,6.2444
-0.078269,0.0167008,-0.34941,3.14161,1.20469,6.2444
-0.0764444,0.0163574,-0.347583,3.14161,1.20686,6.2444
-0.0746616,0.0160336,-0.345699,3.14161,1.20907,6.2444
-0.0729124,0.0157327,-0.343756,3.14161,1.21131,6.2444
-0.0711947,0.0154542,-0.341767,3.1416,1.21358,6.2444
-0.0695032,0.0151949,-0.339736,3.1416,1.21587,6.2444
-0.0678276,0.0149541,-0.337676,3.1416,1.21817,6.2444
-0.0661683,0.0147288,-0.335589,3.1416,1.22048,6.2444
-0.0645143,0.0145227,-0.333478,3.1416,1.2228,6.2444
-0.0628637,0.0143288,-0.331358,3.1416,1.22511,6.2444
-0.0612114,0.0141432,-0.329232,3.1416,1.22743,6.2444
-0.0595521,0.0139705,-0.327103,3.1416,1.22973,6.2444
-0.0578782,0.0137984,-0.324984,3.1416,1.23202,6.2444
-0.0561873,0.0136291,-0.322881,3.1416,1.23429,6.2444
-0.0544771,0.013454,-0.320806,3.1416,1.23654,6.2444
-0.0527396,0.0132756,-0.318756,3.1416,1.23877,6.2444
-0.0509702,0.013078,-0.316757,3.1416,1.24097,6.2444
-0.0491662,0.0128646,-0.314807,3.1416,1.24313,6.2444
-0.0473226,0.0126218,-0.312927,3.1416,1.24525,6.2444
-0.0454372,0.012339,-0.311134,3.14161,1.24733,6.2444
-0.0435048,0.0120085,-0.30944,3.14161,1.24935,6.2444
-0.0415259,0.0116172,-0.307867,3.14161,1.25132,6.2444
-0.0394958,0.011143,-0.306448,3.1416,1.25321,6.2444
-0.0374201,0.0105703,-0.305205,3.1416,1.25502,6.2444
-0.0352852,0.00987039,-0.304208,3.14162,1.25671,6.2444
-0.0331237,0.00899519,-0.303523,3.14157,1.25822,6.2444
-0.0309405,0.00790609,-0.303144,3.14157,1.25969,6.2444
-0.0287903,0.00662818,-0.303093,3.14158,1.26103,6.2444
-0.0266829,0.00512593,-0.30346,3.14158,1.26222,6.2444
-0.0247181,0.00333574,-0.304268,3.14155,1.26334,6.2444
-0.024671,0.00326569,-0.304487,3.1416,1.26307,6.2444
-0.0230902,0.000902091,-0.306883,3.14161,1.263,6.2444
-0.0217156,-0.00157775,-0.309368,3.14162,1.263,6.2444
-0.021721,-0.00157998,-0.309376,3.14161,1.263,6.2444
-0.0217288,-0.00158652,-0.309377,3.1416,1.26301,6.2444
-0.0205308,-0.00418261,-0.311963,3.14162,1.26301,6.2444
-0.0195608,-0.00688898,-0.314647,3.14162,1.26303,6.2444
-0.0195653,-0.00689208,-0.314653,3.1416,1.26304,6.2444
-0.0195721,-0.00689658,-0.314653,3.1416,1.26304,6.2444
-0.0193134,-0.00950905,-0.318073,3.1416,1.26223,6.2444
-0.0194159,-0.0120041,-0.321641,3.14159,1.26116,6.2444
-0.0198109,-0.0143207,-0.325225,3.14158,1.25989,6.2444
-0.0204294,-0.0164705,-0.328816,3.14158,1.25845,6.2444
-0.0212191,-0.0184516,-0.332372,3.14158,1.25687,6.2444
-0.0221382,-0.0202678,-0.335876,3.14158,1.25519,6.2444
-0.0231525,-0.0219407,-0.339329,3.14158,1.25341,6.2444
-0.0242381,-0.0234784,-0.342731,3.14158,1.25154,6.2444
-0.0253764,-0.0248961,-0.34608,3.14158,1.24961,6.2444
-0.0265545,-0.0262095,-0.349386,3.14158,1.24762,6.2444
-0.0277648,-0.0274257,-0.352647,3.14158,1.24558,6.2444
-0.0289942,-0.0285604,-0.355873,3.14158,1.24349,6.2444
-0.0302427,-0.0296169,-0.359062,3.14158,1.24136,6.2444
-0.0314993,-0.0306103,-0.362223,3.14158,1.23919,6.2444
-0.0327639,-0.0315441,-0.365356,3.14158,1.23699,6.2444
-0.0340336,-0.0324284,-0.368463,3.14158,1.23477,6.2444
-0.0353027,-0.0332692,-0.37155,3.14158,1.23252,6.2444
-0.0365741,-0.0340814,-0.374627,3.14158,1.23026,6.2444
-0.0378453,-0.0348641,-0.377686,3.14158,1.22798,6.2444
-0.0391136,-0.0356321,-0.380741,3.14158,1.2257,6.2444
-0.0403847,-0.0363892,-0.383788,3.14158,1.22341,6.2444
-0.0416533,-0.0371432,-0.38683,3.14158,1.22112,6.2444
-0.0429254,-0.0379023,-0.389875,3.14158,1.21883,6.2444
-0.0441985,-0.038674,-0.392923,3.14158,1.21655,6.2444
-0.0454729,-0.0394692,-0.395977,3.14158,1.2143,6.2444
-0.0467548,-0.0402909,-0.399039,3.14158,1.21206,6.2444
-0.048082,-0.0411365,-0.402089,3.14159,1.20986,6.2444
-0.0493793,-0.0420471,-0.405175,3.14159,1.20769,6.2444
-0.0506911,-0.0430062,-0.408267,3.14159,1.20555,6.2444
-0.0520158,-0.0440295,-0.411369,3.14159,1.20347,6.2444
-0.053357,-0.0451188,-0.414477,3.14159,1.20146,6.2444
-0.0546852,-0.0462949,-0.417608,3.14158,1.19949,6.2444
-0.0560693,-0.0475493,-0.420724,3.14158,1.19763,6.2444
-0.0574756,-0.0488976,-0.423841,3.14157,1.19586,6.2444
-0.0589082,-0.0503471,-0.426946,3.14157,1.19421,6.2444
-0.0603644,-0.0519094,-0.430055,3.14158,1.19265,6.2444
-0.0618459,-0.0535756,-0.433114,3.14158,1.19125,6.2444
-0.063355,-0.0553548,-0.436133,3.14158,1.19001,6.2444
-0.0648805,-0.05725,-0.439098,3.14158,1.18894,6.2444
-0.0664255,-0.059258,-0.441995,3.14158,1.18806,6.2444
-0.0679845,-0.0613795,-0.444816,3.14158,1.18736,6.2444
-0.0695453,-0.0636028,-0.447542,3.14158,1.18685,6.2444
-0.0711079,-0.0659239,-0.450163,3.14158,1.18655,6.2444
-0.0726684,-0.0683288,-0.452665,3.14158,1.18645,6.2444
-0.0742203,-0.070804,-0.455045,3.14158,1.18655,6.2444
-0.0757594,-0.0733373,-0.457292,3.14158,1.18684,6.2444
-0.0772938,-0.0759008,-0.45939,3.14157,1.18731,6.2444
-0.0788202,-0.0785121,-0.461363,3.14157,1.18794,6.2444
-0.0803491,-0.0811394,-0.463187,3.14157,1.18874,6.2444
-0.0818687,-0.0837579,-0.464841,3.14157,1.18972,6.2444
-0.0834219,-0.0863383,-0.466292,3.14163,1.19088,6.2444
-0.0849435,-0.0889451,-0.467694,3.14159,1.19206,6.2444
-0.0864418,-0.0915253,-0.468818,3.14161,1.19357,6.2444
-0.0879774,-0.0940827,-0.469873,3.14161,1.19507,6.2444
-0.0895107,-0.0966171,-0.470796,3.14161,1.19667,6.2444
-0.0910387,-0.0991147,-0.471574,3.14161,1.19837,6.2444
-0.0925597,-0.101576,-0.472207,3.1416,1.20017,6.2444
-0.0940683,-0.103992,-0.472708,3.14161,1.20208,6.2444
-0.0955644,-0.106368,-0.473063,3.14161,1.20408,6.2444
-0.0970304,-0.108708,-0.473302,3.14161,1.20616,6.2444
-0.0984921,-0.110979,-0.473412,3.14161,1.20833,6.2444
-0.0999234,-0.11322,-0.47341,3.14161,1.21056,6.2444
-0.101333,-0.115421,-0.473302,3.14161,1.21286,6.2444
-0.102719,-0.117577,-0.473087,3.14161,1.21523,6.2444
-0.104097,-0.119638,-0.472721,3.14162,1.21767,6.2444
-0.105425,-0.12172,-0.472328,3.14162,1.22014,6.2444
-0.106708,-0.123801,-0.471924,3.14161,1.22263,6.2444
-0.107997,-0.125808,-0.471376,3.14162,1.22518,6.2444
-0.109245,-0.127708,-0.470644,3.14157,1.22785,6.2444
-0.110485,-0.129709,-0.47007,3.14162,1.23038,6.2444
-0.11169,-0.131551,-0.469225,3.14157,1.23311,6.2444
-0.112885,-0.133433,-0.468442,3.14157,1.23578,6.2444
-0.114066,-0.135294,-0.46762,3.14157,1.23846,6.2444
-0.115232,-0.13714,-0.466771,3.14157,1.24115,6.2444
-0.116395,-0.138969,-0.465897,3.14157,1.24386,6.2444
-0.117551,-0.140794,-0.465015,3.14157,1.24657,6.2444
-0.118713,-0.142622,-0.46414,3.14157,1.24927,6.2444
-0.119882,-0.144455,-0.463278,3.14157,1.25196,6.2444
-0.121062,-0.146311,-0.462455,3.14157,1.25464,6.2444
-0.122265,-0.14819,-0.461683,3.14157,1.25729,6.2444
-0.1235,-0.150179,-0.461096,3.14162,1.25983,6.2444
-0.124759,-0.152155,-0.460509,3.14162,1.26239,6.2444
-0.126051,-0.154193,-0.460048,3.14162,1.2649,6.2444
-0.127392,-0.156306,-0.459723,3.14162,1.26731,6.2444
-0.128741,-0.158521,-0.459632,3.14162,1.26964,6.2444
-0.130126,-0.160832,-0.459754,3.14161,1.27185,6.2444
-0.131507,-0.163257,-0.460139,3.14161,1.2739,6.2444
-0.132846,-0.165808,-0.460819,3.14161,1.27581,6.2444
-0.134115,-0.168489,-0.461823,3.14162,1.27751,6.2444
-0.13524,-0.17132,-0.463202,3.14163,1.27896,6.2444
-0.135445,-0.171984,-0.463527,3.14165,1.27934,6.2444
-0.135441,-0.172034,-0.463617,3.14161,1.27925,6.2444
-0.136169,-0.17502,-0.466076,3.14157,1.27974,6.2444
-0.136455,-0.178047,-0.468535,3.14159,1.28031,6.2444
-0.136198,-0.181081,-0.470999,3.1416,1.28088,6.2444
-0.135356,-0.184016,-0.473368,3.14162,1.28144,6.2444
-0.133961,-0.186745,-0.475571,3.14162,1.28198,6.2444
-0.132114,-0.189228,-0.477575,3.14162,1.28246,6.2444
-0.131243,-0.190232,-0.478299,3.14161,1.2828,6.2444
-0.131235,-0.190226,-0.478367,3.1416,1.28268,6.2444
-0.128895,-0.19233,-0.480075,3.14161,1.28306,6.2444
-0.126271,-0.194055,-0.481449,3.14157,1.28343,6.2444
-0.12337,-0.195351,-0.482465,3.14159,1.28374,6.2444
-0.120242,-0.196091,-0.4831,3.14159,1.28382,6.2444
-0.117031,-0.196284,-0.483303,3.14159,1.28379,6.2444
-0.113828,-0.195996,-0.483122,3.14159,1.28366,6.2444
-0.112455,-0.195739,-0.482942,3.14159,1.28357,6.2444
-0.112457,-0.195744,-0.482922,3.14159,1.28361,6.2444
-0.11182,-0.195531,-0.482928,3.14159,1.28341,6.2444
-0.108867,-0.194452,-0.483028,3.14158,1.28224,6.2444
-0.106144,-0.193174,-0.483186,3.14158,1.28082,6.2444
-0.103593,-0.191745,-0.483438,3.14157,1.27914,6.2444
-0.101233,-0.1902,-0.483798,3.14157,1.27725,6.2444
-0.0990168,-0.188673,-0.484359,3.14157,1.27514,6.2444
-0.0970085,-0.186994,-0.484924,3.14157,1.2729,6.2444
-0.0951085,-0.185363,-0.485675,3.14157,1.27053,6.2444
-0.0933371,-0.183799,-0.486629,3.14162,1.26798,6.2444
-0.091674,-0.182175,-0.487569,3.14162,1.26542,6.2444
-0.0900898,-0.180557,-0.488572,3.14162,1.2628,6.2444
-0.0885688,-0.178943,-0.489618,3.14162,1.26014,6.2444
-0.0870977,-0.177331,-0.4907,3.14162,1.25744,6.2444
-0.085655,-0.175739,-0.491832,3.14161,1.2547,6.2444
-0.0842536,-0.174089,-0.492899,3.14162,1.252,6.2444
-0.0828461,-0.17248,-0.494032,3.14161,1.24924,6.2444
-0.0814598,-0.170802,-0.495076,3.14162,1.24654,6.2444
-0.0800651,-0.169136,-0.496133,3.14162,1.24381,6.2444
-0.0786567,-0.167449,-0.49716,3.14162,1.2411,6.2444
-0.0772375,-0.165738,-0.498148,3.14162,1.2384,6.2444
-0.0757949,-0.164004,-0.499091,3.14162,1.23572,6.2444
-0.0743258,-0.162246,-0.499986,3.14162,1.23307,6.2444
-0.0728146,-0.16043,-0.500763,3.14156,1.23051,6.2444
-0.0712859,-0.158612,-0.501535,3.14156,1.22792,6.2444
-0.0697295,-0.156749,-0.502217,3.14156,1.22538,6.2444
-0.068129,-0.154882,-0.50286,3.14157,1.22286,6.2444
-0.0664886,-0.152992,-0.503431,3.14157,1.2204,6.2444
-0.0648043,-0.151075,-0.503927,3.14157,1.21798,6.2444
-0.0630543,-0.149193,-0.50442,3.14157,1.21561,6.2444
-0.061302,-0.147175,-0.504691,3.14157,1.21334,6.2444
-0.0594739,-0.14519,-0.504926,3.14157,1.21111,6.2444
-0.0575937,-0.1432,-0.505082,3.14157,1.20896,6.2444
-0.0556603,-0.141197,-0.505146,3.14157,1.20689,6.2444
-0.0536674,-0.139193,-0.505117,3.14157,1.2049,6.2444
-0.0516256,-0.137175,-0.50498,3.14158,1.20302,6.2444
-0.049523,-0.135164,-0.504742,3.14157,1.20124,6.2444
-0.0473661,-0.133163,-0.504402,3.14158,1.19957,6.2444
-0.0451487,-0.131172,-0.503955,3.14157,1.19801,6.2444
-0.0428768,-0.129206,-0.503402,3.14157,1.19658,6.2444
-0.0405537,-0.127259,-0.502734,3.14158,1.19529,6.2444
-0.038186,-0.12534,-0.501953,3.14158,1.19414,6.2444
-0.0357855,-0.123443,-0.501047,3.14158,1.19314,6.2444
-0.0333382,-0.121579,-0.499943,3.14161,1.19241,6.2444
-0.0308965,-0.119713,-0.498806,3.14158,1.19164,6.2444
-0.0284259,-0.117881,-0.497441,3.14156,1.1912,6.2444
-0.0259969,-0.116085,-0.495932,3.14156,1.19092,6.2444
-0.0235892,-0.114266,-0.494233,3.14161,1.19082,6.2444
-0.0212089,-0.112514,-0.492429,3.14162,1.19087,6.2444
-0.0188682,-0.110783,-0.490425,3.14161,1.19116,6.2444
-0.016586,-0.109113,-0.488299,3.14161,1.19161,6.2444
-0.0143692,-0.107492,-0.486029,3.14161,1.19226,6.2444
-0.0122236,-0.105922,-0.483624,3.14161,1.1931,6.2444
-0.0101607,-0.104412,-0.4811,3.1416,1.19411,6.2444
-0.00817719,-0.102962,-0.478469,3.1416,1.19529,6.2444
-0.00627817,-0.101572,-0.475744,3.1416,1.19662,6.2444
-0.00446615,-0.100243,-0.472942,3.1416,1.1981,6.2444
-0.00273741,-0.0989649,-0.470068,3.1416,1.19969,6.2444
-0.00107297,-0.097749,-0.467166,3.14162,1.20137,6.2444
0.000496697,-0.0965702,-0.464183,3.14162,1.20317,6.2444
0.00201169,-0.0954354,-0.461156,3.14159,1.20506,6.2444
0.00344146,-0.0943325,-0.458094,3.14159,1.20702,6.2444
0.00483206,-0.0932604,-0.45501,3.14161,1.20903,6.2444
0.0061362,-0.0922123,-0.451886,3.14161,1.21111,6.2444
0.00738824,-0.0911846,-0.448744,3.14161,1.21322,6.2444
0.00859286,-0.0901719,-0.445579,3.1416,1.21538,6.2444
0.0097592,-0.0891682,-0.4424,3.1416,1.21755,6.2444
0.0108902,-0.0881704,-0.439201,3.1416,1.21976,6.2444
0.0119991,-0.0871764,-0.435995,3.1416,1.22197,6.2444
0.013081,-0.086179,-0.432773,3.1416,1.22419,6.2444
0.014151,-0.0851776,-0.429542,3.1416,1.22642,6.2444
0.0152147,-0.0841632,-0.426303,3.1416,1.22865,6.2444
0.0162755,-0.0831432,-0.423058,3.1416,1.23087,6.2444
0.0173418,-0.0821091,-0.41981,3.1416,1.23309,6.2444
0.0184192,-0.0810611,-0.416558,3.1416,1.23529,6.2444
0.0195167,-0.0799971,-0.413309,3.1416,1.23747,6.2444
0.0206366,-0.0789164,-0.410066,3.1416,1.23964,6.2444
0.0217908,-0.0778222,-0.406831,3.1416,1.24178,6.2444
0.0229877,-0.0767093,-0.403609,3.1416,1.24388,6.2444
0.0242333,-0.0755828,-0.400408,3.1416,1.24596,6.2444
0.0255176,-0.0744439,-0.397228,3.14159,1.248,6.2444
0.0268552,-0.0732922,-0.394082,3.14161,1.25,6.2444
0.0283038,-0.0721454,-0.390995,3.14161,1.25194,6.2444
0.029842,-0.0709982,-0.387967,3.14162,1.25382,6.2444
0.0314666,-0.0698571,-0.384991,3.14159,1.25566,6.2444
0.0332233,-0.0687579,-0.38215,3.14159,1.2574,6.2444
0.035111,-0.067711,-0.379452,3.14159,1.25905,6.2444
0.0371503,-0.066741,-0.376939,3.14159,1.2606,6.2444
0.0393518,-0.0658918,-0.374674,3.14159,1.26201,6.2444
0.0417301,-0.0652117,-0.372734,3.14159,1.26328,6.2444
0.0442867,-0.064787,-0.371266,3.1416,1.26431,6.2444
0.0470383,-0.0647973,-0.370507,3.14167,1.26497,6.2444
0.0469722,-0.0646718,-0.370327,3.14159,1.26512,6.2444
0.04977,-0.0651124,-0.370693,3.14159,1.26525,6.2444
0.0525074,-0.0658222,-0.371329,3.1416,1.26535,6.2444
0.0525178,-0.0658451,-0.371375,3.14159,1.2653,6.2444
0.0525158,-0.0658714,-0.371422,3.14159,1.26526,6.2444
0.0551751,-0.0667924,-0.37229,3.14159,1.26532,6.2444
0.0577903,-0.0679959,-0.373369,3.14156,1.26547,6.2444
0.0577594,-0.068032,-0.373409,3.1416,1.26545,6.2444
0.0577671,-0.068062,-0.373452,3.1416,1.26542,6.2444
0.059877,-0.0697098,-0.375829,3.14161,1.26467,6.2444
0.0616572,-0.0715266,-0.378607,3.14161,1.26371,6.2444
0.0631389,-0.0734371,-0.381681,3.14161,1.26255,6.2444
0.0643583,-0.0753845,-0.384952,3.1416,1.26122,6.2444
0.0653596,-0.0773202,-0.388342,3.14161,1.25978,6.2444
0.0661739,-0.0792416,-0.391835,3.14161,1.2582,6.2444
0.0668355,-0.0811232,-0.395379,3.14161,1.25654,6.2444
0.0673676,-0.0829543,-0.398956,3.1416,1.2548,6.2444
0.0677996,-0.0847411,-0.402542,3.1416,1.253,6.2444
0.0681357,-0.0864727,-0.406155,3.1416,1.25112,6.2444
0.0684023,-0.0881625,-0.409769,3.1416,1.2492,6.2444
0.0686094,-0.0898117,-0.413387,3.1416,1.24723,6.2444
0.0687552,-0.091392,-0.41699,3.1416,1.24521,6.2444
0.0688608,-0.0929304,-0.420585,3.1416,1.24315,6.2444
0.0689304,-0.0944287,-0.424171,3.1416,1.24106,6.2444
0.0689732,-0.0958948,-0.427747,3.1416,1.23895,6.2444
0.0689938,-0.0973097,-0.431282,3.1416,1.23684,6.2444
0.0690069,-0.0987251,-0.434848,3.1416,1.23469,6.2444
0.0690117,-0.100116,-0.4384,3.1416,1.23252,6.2444
0.0690128,-0.101495,-0.441948,3.14159,1.23035,6.2444
0.0690128,-0.102887,-0.445491,3.14159,1.22821,6.2444
0.0690178,-0.10425,-0.449027,3.14159,1.22603,6.2444
0.0690312,-0.105618,-0.452557,3.1416,1.22387,6.2444
0.0690589,-0.106994,-0.456085,3.1416,1.22172,6.2444
0.0691011,-0.108371,-0.459608,3.14161,1.21957,6.2444
0.0691812,-0.109802,-0.463155,3.14159,1.21745,6.2444
0.0692779,-0.111255,-0.466684,3.14159,1.21537,6.2444
0.069403,-0.112747,-0.47021,3.14159,1.21334,6.2444
0.0695589,-0.114291,-0.473741,3.14159,1.21135,6.2444
0.0697523,-0.115888,-0.477265,3.14159,1.20943,6.2444
0.0699799,-0.117551,-0.480789,3.1416,1.20757,6.2444
0.0702377,-0.119262,-0.484297,3.1416,1.20577,6.2444
0.0705436,-0.121066,-0.4878,3.1416,1.20406,6.2444
0.0708994,-0.122968,-0.491289,3.1416,1.20248,6.2444
0.0713012,-0.124966,-0.494754,3.1416,1.20101,6.2444
0.0717465,-0.127057,-0.4982,3.1416,1.19965,6.2444
0.0722444,-0.129258,-0.501589,3.14161,1.19847,6.2444
0.072793,-0.131567,-0.504921,3.14161,1.19744,6.2444
0.0733958,-0.133985,-0.508183,3.14161,1.1966,6.2444
0.0740464,-0.136505,-0.511355,3.14161,1.19595,6.2444
0.0747539,-0.139119,-0.514437,3.1416,1.19548,6.2444
0.0755066,-0.141826,-0.517396,3.1416,1.19523,6.2444
0.0763002,-0.144614,-0.520225,3.1416,1.19518,6.2444
0.0771369,-0.147465,-0.522909,3.1416,1.19535,6.2444
0.0780075,-0.150374,-0.525453,3.1416,1.19571,6.2444
0.0789016,-0.153325,-0.527845,3.1416,1.19627,6.2444
0.0798058,-0.156306,-0.530068,3.14161,1.19704,6.2444
0.0807244,-0.159318,-0.532162,3.14161,1.19796,6.2444
0.0816338,-0.162347,-0.534108,3.14161,1.19904,6.2444
0.0825446,-0.165346,-0.535834,3.14156,1.20036,6.2444
0.0833983,-0.168394,-0.537456,3.14156,1.2018,6.2444
0.0842272,-0.171453,-0.538975,3.14156,1.20332,6.2444
0.0850127,-0.174491,-0.540348,3.14157,1.205,6.2444
0.0857539,-0.177532,-0.541578,3.14158,1.2068,6.2444
0.0864631,-0.180556,-0.542683,3.14158,1.20871,6.2444
0.08713,-0.183556,-0.543653,3.14158,1.21073,6.2444
0.0877631,-0.186527,-0.544488,3.14158,1.21285,6.2444
0.0883595,-0.189464,-0.545195,3.14158,1.21507,6.2444
0.0889298,-0.192366,-0.545774,3.14159,1.21738,6.2444
0.0894568,-0.195234,-0.546237,3.14158,1.21977,6.2444
0.0899627,-0.198071,-0.546598,3.14157,1.22222,6.2444
0.090448,-0.20085,-0.546836,3.14157,1.22474,6.2444
0.0909148,-0.20357,-0.546945,3.14158,1.22735,6.2444
0.0913598,-0.206255,-0.546966,3.14158,1.23,6.2444
0.0918004,-0.208863,-0.546854,3.14158,1.23274,6.2444
0.0922076,-0.21145,-0.546684,3.14159,1.23549,6.2444
0.0926046,-0.213994,-0.546433,3.14159,1.23827,6.2444
0.0930045,-0.216448,-0.546041,3.14159,1.24116,6.2444
0.0933807,-0.218898,-0.545623,3.14159,1.24402,6.2444
0.0937461,-0.221307,-0.545138,3.14159,1.24691,6.2444
0.0941102,-0.223681,-0.544595,3.1416,1.24983,6.2444
0.0944688,-0.226018,-0.543996,3.1416,1.25276,6.2444
0.0948371,-0.228287,-0.543306,3.14159,1.25576,6.2444
0.0951952,-0.23057,-0.542627,3.14159,1.25872,6.2444
0.0955567,-0.232832,-0.541922,3.14159,1.26169,6.2444
0.0959263,-0.235088,-0.541204,3.14159,1.26467,6.2444
0.0963047,-0.237341,-0.540487,3.14159,1.26763,6.2444
0.0966996,-0.239598,-0.539783,3.14159,1.2706,6.2444
0.097106,-0.241911,-0.539155,3.1416,1.27349,6.2444
0.0975522,-0.244211,-0.538529,3.14159,1.27642,6.2444
0.0980363,-0.246549,-0.537973,3.14159,1.27932,6.2444
0.0985673,-0.248934,-0.537511,3.14158,1.28218,6.2444
0.0991404,-0.251421,-0.537204,3.14158,1.28493,6.2444
0.099821,-0.253918,-0.536983,3.14157,1.28767,6.2444
0.100593,-0.25649,-0.536944,3.14157,1.29031,6.2444
0.101456,-0.259167,-0.53712,3.14157,1.29279,6.2444
0.102522,-0.26186,-0.537486,3.14157,1.29516,6.2444
0.103754,-0.264598,-0.538072,3.14157,1.29733,6.2444
0.105227,-0.267324,-0.538859,3.14156,1.29928,6.2444
0.106984,-0.26998,-0.539817,3.14155,1.30099,6.2444
0.107455,-0.270613,-0.540084,3.14157,1.30135,6.2444
0.107482,-0.270608,-0.540113,3.14159,1.3013,6.2444
0.109756,-0.272972,-0.541727,3.14157,1.30207,6.2444
0.112395,-0.275049,-0.543212,3.14157,1.30266,6.2444
0.115403,-0.276682,-0.544403,3.14158,1.30311,6.2444
0.118702,-0.277784,-0.545197,3.14158,1.30341,6.2444
0.122178,-0.27831,-0.545588,3.14159,1.30353,6.2444
0.1257,-0.278313,-0.545608,3.14159,1.3035,6.2444
0.12722,-0.278173,-0.54552,3.14159,1.30344,6.2444
0.127216,-0.278181,-0.545516,3.14159,1.30346,6.2444
0.130667,-0.277578,-0.545101,3.14159,1.30326,6.2444
0.133969,-0.276515,-0.544357,3.14158,1.30293,6.2444
0.137008,-0.27495,-0.543251,3.14157,1.30246,6.2444
0.139663,-0.272911,-0.541765,3.14157,1.30192,6.2444
0.14182,-0.270433,-0.54006,3.14157,1.30114,6.2444
0.143565,-0.267692,-0.538009,3.14162,1.30047,6.2444
0.144139,-0.266444,-0.537184,3.14161,1.30001,6.2444
0.144163,-0.266454,-0.537132,3.14159,1.3001,6.2444
0.144434,-0.265769,-0.536811,3.14158,1.29972,6.2444
0.145438,-0.262803,-0.53563,3.14157,1.29792,6.2444
0.146172,-0.25981,-0.534602,3.14157,1.29597,6.2444
0.14669,-0.256846,-0.5338,3.14158,1.29382,6.2444
0.147025,-0.253949,-0.533243,3.14158,1.2915,6.2444
0.147263,-0.251121,-0.532897,3.14159,1.28905,6.2444
0.147407,-0.248411,-0.532804,3.1416,1.28645,6.2444
0.147486,-0.245781,-0.532879,3.1416,1.28376,6.2444
0.147516,-0.243348,-0.53326,3.1416,1.28089,6.2444
0.147509,-0.240771,-0.533532,3.14159,1.27815,6.2444
0.147473,-0.238503,-0.534188,3.14159,1.27511,6.2444
0.147416,-0.236024,-0.534604,3.14159,1.27235,6.2444
0.147344,-0.233849,-0.5354,3.14159,1.26925,6.2444
0.147263,-0.231497,-0.536006,3.14159,1.26639,6.2444
0.147167,-0.229272,-0.536747,3.14158,1.26333,6.2444
0.147071,-0.226999,-0.537431,3.14158,1.2604,6.2444
0.146963,-0.224696,-0.5381,3.14158,1.2574,6.2444
0.146858,-0.222332,-0.538689,3.14158,1.25454,6.2444
0.146739,-0.220053,-0.539356,3.14159,1.2515,6.2444
0.146628,-0.217639,-0.539869,3.14158,1.24866,6.2444
0.146512,-0.215273,-0.540394,3.14158,1.24571,6.2444
0.146386,-0.212736,-0.540729,3.14159,1.24294,6.2444
0.146269,-0.210372,-0.541238,3.14158,1.23996,6.2444
0.146144,-0.207763,-0.541439,3.14159,1.23724,6.2444
0.146037,-0.205318,-0.541792,3.14157,1.23434,6.2444
0.145917,-0.202629,-0.541839,3.14158,1.23165,6.2444
0.145811,-0.20004,-0.541979,3.14156,1.22888,6.2444
0.1457,-0.197289,-0.541877,3.14158,1.22626,6.2444
0.145597,-0.194538,-0.541737,3.14158,1.22365,6.2444
0.145512,-0.191745,-0.541476,3.14158,1.2211,6.2444
0.145428,-0.188902,-0.541117,3.14158,1.21861,6.2444
0.145359,-0.186016,-0.54064,3.14159,1.21619,6.2444
0.145307,-0.183089,-0.540048,3.14159,1.21384,6.2444
0.145281,-0.18012,-0.539327,3.14159,1.21158,6.2444
0.145278,-0.177112,-0.538473,3.14159,1.20941,6.2444
0.145297,-0.174067,-0.537478,3.14159,1.20734,6.2444
0.145349,-0.170988,-0.536339,3.1416,1.20538,6.2444
0.145418,-0.167838,-0.534934,3.14162,1.20369,6.2444
0.145524,-0.164719,-0.533511,3.14164,1.20197,6.2444
0.145709,-0.161551,-0.531895,3.14159,1.20039,6.2444
0.145892,-0.158366,-0.530078,3.14159,1.19907,6.2444
0.14609,-0.155201,-0.528151,3.1416,1.19784,6.2444
0.146304,-0.152058,-0.526089,3.1416,1.19676,6.2444
0.146526,-0.148928,-0.523877,3.1416,1.19584,6.2444
0.146738,-0.145828,-0.521511,3.1416,1.19511,6.2444
0.146936,-0.142759,-0.518997,3.1416,1.19456,6.2444
0.147115,-0.139745,-0.516339,3.1416,1.1942,6.2444
0.147266,-0.136797,-0.513547,3.14159,1.19405,6.2444
0.14738,-0.133919,-0.510618,3.14159,1.1941,6.2444
0.14746,-0.131131,-0.507559,3.1416,1.19437,6.2444
0.14751,-0.128442,-0.504402,3.1416,1.19484,6.2444
0.147526,-0.12586,-0.501152,3.1416,1.19551,6.2444
0.147511,-0.123388,-0.497823,3.14159,1.19637,6.2444
0.147461,-0.121035,-0.494432,3.14159,1.1974,6.2444
0.147376,-0.118798,-0.490995,3.14159,1.1986,6.2444
0.147262,-0.116673,-0.487521,3.14159,1.19995,6.2444
0.147122,-0.114659,-0.484023,3.14159,1.20143,6.2444
0.146952,-0.112742,-0.480503,3.14159,1.20303,6.2444
0.146759,-0.110926,-0.47698,3.14159,1.20474,6.2444
0.146528,-0.109173,-0.473441,3.14159,1.20651,6.2444
0.146278,-0.107527,-0.469913,3.14159,1.2084,6.2444
0.14601,-0.105952,-0.466389,3.14159,1.21035,6.2444
0.145717,-0.104436,-0.462863,3.14159,1.21236,6.2444
0.145407,-0.102978,-0.459348,3.14159,1.21442,6.2444
0.145082,-0.101564,-0.455834,3.14159,1.21652,6.2444
0.144735,-0.100184,-0.452327,3.14159,1.21865,6.2444
0.144376,-0.0988289,-0.44882,3.14159,1.2208,6.2444
0.144006,-0.0974949,-0.445319,3.14159,1.22297,6.2444
0.143625,-0.0961733,-0.441816,3.14159,1.22515,6.2444
0.143237,-0.0948585,-0.438313,3.14159,1.22734,6.2444
0.142845,-0.0935393,-0.434808,3.14159,1.22952,6.2444
0.142453,-0.0922095,-0.431294,3.14159,1.23171,6.2444
0.142064,-0.090867,-0.427776,3.14159,1.23388,6.2444
0.141683,-0.089499,-0.424243,3.14159,1.23605,6.2444
0.141312,-0.088103,-0.420703,3.14159,1.23819,6.2444
0.140959,-0.0866719,-0.417153,3.14159,1.24031,6.2444
0.140628,-0.0851991,-0.413584,3.14159,1.2424,6.2444
0.140329,-0.0836781,-0.41,3.14159,1.24447,6.2444
0.140065,-0.0821069,-0.4064,3.14159,1.24649,6.2444
0.139848,-0.0804837,-0.402787,3.14159,1.24848,6.2444
0.139692,-0.0787983,-0.399154,3.14159,1.25043,6.2444
0.139598,-0.0770486,-0.395507,3.14159,1.25233,6.2444
0.139586,-0.0752189,-0.391849,3.14159,1.25417,6.2444
0.139667,-0.0733481,-0.388224,3.14159,1.25592,6.2444
0.13987,-0.0713881,-0.384594,3.1416,1.25759,6.2444
0.140221,-0.0693494,-0.380984,3.1416,1.25916,6.2444
0.140754,-0.0672537,-0.377416,3.14161,1.26063,6.2444
0.141508,-0.0651072,-0.373943,3.14161,1.26196,6.2444
0.14253,-0.0629335,-0.370605,3.1416,1.26313,6.2444
0.143868,-0.0607928,-0.367508,3.14161,1.26409,6.2444
0.145564,-0.0587715,-0.364757,3.14163,1.2648,6.2444
0.145546,-0.0587503,-0.364754,3.1416,1.26479,6.2444
0.147838,-0.0570467,-0.363178,3.14162,1.26466,6.2444
0.150237,-0.0555302,-0.36175,3.14161,1.26458,6.2444
0.150227,-0.0555257,-0.361737,3.1416,1.26457,6.2444
0.15022,-0.0555153,-0.361728,3.1416,1.26458,6.2444
0.152754,-0.0542445,-0.360546,3.14161,1.26447,6.2444
0.155317,-0.0532289,-0.359556,3.14159,1.26444,6.2444
0.15534,-0.0531702,-0.359517,3.14158,1.26443,6.2444
0.155339,-0.0531502,-0.359487,3.14159,1.26445,6.2444
0.158004,-0.0526439,-0.359794,3.14159,1.26369,6.2444
0.16059,-0.0525676,-0.360798,3.14155,1.26261,6.2444
0.163073,-0.0527562,-0.362326,3.14159,1.26123,6.2444
0.165417,-0.0531134,-0.364138,3.14159,1.25977,6.2444
0.16763,-0.0536234,-0.366232,3.14159,1.25819,6.2444
0.169718,-0.0542405,-0.36854,3.14159,1.2565,6.2444
0.171695,-0.0549371,-0.371015,3.14159,1.25472,6.2444
0.173567,-0.0556874,-0.373625,3.14159,1.25286,6.2444
0.175347,-0.0564772,-0.376337,3.14159,1.25094,6.2444
0.177044,-0.057286,-0.379127,3.14159,1.24896,6.2444
0.178667,-0.0581099,-0.381981,3.14159,1.24693,6.2444
0.18024,-0.058922,-0.384855,3.14161,1.24488,6.2444
0.181745,-0.0597514,-0.3878,3.14161,1.24276,6.2444
0.183202,-0.0605744,-0.390772,3.14161,1.24061,6.2444
0.184622,-0.0613918,-0.393768,3.14161,1.23843,6.2444
0.186004,-0.0621998,-0.396778,3.14161,1.23623,6.2444
0.187362,-0.0629958,-0.399797,3.14161,1.23401,6.2444
0.188702,-0.0637789,-0.402822,3.14161,1.23176,6.2444
0.190031,-0.0645497,-0.405845,3.14161,1.22951,6.2444
0.191354,-0.0653075,-0.408866,3.14161,1.22725,6.2444
0.192676,-0.0660549,-0.41188,3.14161,1.22498,6.2444
0.194008,-0.0667947,-0.414885,3.14161,1.22271,6.2444
0.195354,-0.0675229,-0.417877,3.14161,1.22045,6.2444
0.196719,-0.0682423,-0.420852,3.14161,1.2182,6.2444
0.198115,-0.0689591,-0.423807,3.14161,1.21596,6.2444
0.199543,-0.0696732,-0.426742,3.14161,1.21374,6.2444
0.201011,-0.0703886,-0.429649,3.14161,1.21155,6.2444
0.202527,-0.0711074,-0.432526,3.14161,1.20939,6.2444
0.204097,-0.0718331,-0.435372,3.14162,1.20727,6.2444
0.205726,-0.0725708,-0.438177,3.14162,1.2052,6.2444
0.20742,-0.073324,-0.44094,3.14162,1.20319,6.2444
0.209186,-0.0740994,-0.443658,3.14162,1.20125,6.2444
0.211005,-0.0749172,-0.446353,3.14159,1.19937,6.2444
0.212924,-0.0757417,-0.448949,3.14159,1.19759,6.2444
0.214927,-0.0766021,-0.451473,3.14159,1.19593,6.2444
0.217014,-0.0774962,-0.453911,3.14159,1.19439,6.2444
0.21919,-0.0784321,-0.456256,3.14159,1.19297,6.2444
0.221453,-0.0794091,-0.458494,3.1416,1.19171,6.2444
0.223795,-0.0804298,-0.460612,3.1416,1.19062,6.2444
0.226219,-0.0814932,-0.462597,3.1416,1.18969,6.2444
0.228712,-0.0825932,-0.464436,3.1416,1.18895,6.2444
0.231311,-0.083695,-0.465988,3.1416,1.18854,6.2444
0.233911,-0.0848669,-0.467506,3.14161,1.1882,6.2444
0.23651,-0.0860441,-0.468934,3.14156,1.18794,6.2444
0.239203,-0.0872822,-0.470084,3.14158,1.18803,6.2444
0.241867,-0.0885176,-0.471181,3.14157,1.18816,6.2444
0.244535,-0.0897906,-0.472015,3.14159,1.18863,6.2444
0.247211,-0.0910896,-0.472769,3.14159,1.18917,6.2444
0.249865,-0.0924206,-0.473401,3.14159,1.18986,6.2444
0.252489,-0.0937844,-0.473917,3.14158,1.19069,6.2444
0.25508,-0.0951786,-0.474313,3.14158,1.19168,6.2444
0.257627,-0.0966103,-0.474607,3.14158,1.1928,6.2444
0.260125,-0.0980723,-0.474797,3.14158,1.19406,6.2444
0.262579,-0.09956,-0.474882,3.14158,1.19545,6.2444
0.264968,-0.101078,-0.474877,3.14158,1.19697,6.2444
0.267312,-0.102596,-0.474762,3.14158,1.1986,6.2444
0.26958,-0.104154,-0.474572,3.14158,1.20033,6.2444
0.271792,-0.105715,-0.474291,3.14158,1.20217,6.2444
0.273949,-0.107277,-0.473921,3.14158,1.20409,6.2444
0.276068,-0.108756,-0.47338,3.14158,1.20614,6.2444
0.278108,-0.110309,-0.472833,3.14158,1.20824,6.2444
0.280079,-0.111931,-0.472307,3.14158,1.21038,6.2444
0.282022,-0.113472,-0.471618,3.14157,1.2126,6.2444
0.283904,-0.114917,-0.470726,3.14162,1.21497,6.2444
0.285757,-0.116462,-0.46996,3.14156,1.21726,6.2444
0.287533,-0.117916,-0.468985,3.14162,1.21971,6.2444
0.28928,-0.119388,-0.468022,3.14162,1.22215,6.2444
0.290994,-0.120819,-0.466961,3.14161,1.22465,6.2444
0.292665,-0.122256,-0.465888,3.14161,1.22716,6.2444
0.294301,-0.123672,-0.464763,3.14161,1.22971,6.2444
0.29591,-0.125069,-0.463594,3.14161,1.23227,6.2444
0.297496,-0.126449,-0.462385,3.14161,1.23486,6.2444
0.299063,-0.127808,-0.46114,3.14161,1.23747,6.2444
0.300614,-0.129152,-0.459869,3.14161,1.24008,6.2444
0.302162,-0.13048,-0.458576,3.14161,1.2427,6.2444
0.303714,-0.131793,-0.457266,3.14161,1.24532,6.2444
0.305273,-0.133092,-0.45595,3.14161,1.24794,6.2444
0.306856,-0.134378,-0.454634,3.14161,1.25054,6.2444
0.308476,-0.135656,-0.453333,3.14161,1.25312,6.2444
0.310142,-0.136924,-0.452056,3.14161,1.25567,6.2444
0.311873,-0.138179,-0.450812,3.14161,1.25816,6.2444
0.313686,-0.139423,-0.44962,3.14161,1.2606,6.2444
0.315595,-0.14065,-0.448492,3.14161,1.26295,6.2444
0.317618,-0.141872,-0.447475,3.14162,1.26518,6.2444
0.31979,-0.143067,-0.446582,3.14156,1.26724,6.2444
0.322093,-0.144203,-0.445765,3.14158,1.26919,6.2444
0.324554,-0.1452,-0.444995,3.14159,1.27096,6.2444
0.327169,-0.145985,-0.444224,3.14158,1.27252,6.2444
0.329933,-0.146722,-0.443655,3.14159,1.27381,6.2444
0.332822,-0.147128,-0.44303,3.14159,1.27485,6.2444
0.333358,-0.147186,-0.442926,3.1414,1.27496,6.2444
0.333493,-0.147156,-0.442833,3.14158,1.27509,6.2444
0.336554,-0.146951,-0.442632,3.14159,1.2751,6.2444
0.339553,-0.146352,-0.442121,3.14159,1.27499,6.2444
0.342398,-0.145262,-0.441197,3.14159,1.2748,6.2444
0.344983,-0.143654,-0.439803,3.14156,1.27461,6.2444
0.347192,-0.141551,-0.43795,3.14162,1.2744,6.2444
0.349029,-0.139158,-0.435895,3.14162,1.27406,6.2444
0.349678,-0.138052,-0.435059,3.14163,1.27371,6.2444
0.349683,-0.138057,-0.434973,3.14161,1.27386,6.2444
0.351046,-0.135343,-0.432612,3.14161,1.27353,6.2444
0.351961,-0.13249,-0.430155,3.14162,1.27313,6.2444
0.352343,-0.129514,-0.427592,3.14161,1.27272,6.2444
0.352163,-0.126528,-0.425006,3.14159,1.27232,6.2444
0.351452,-0.123625,-0.422502,3.14157,1.27192,6.2444
0.350312,-0.120858,-0.420105,3.14158,1.27156,6.2444
0.349748,-0.119739,-0.41925,3.14155,1.2712,6.2444
0.349738,-0.119745,-0.419166,3.14158,1.27135,6.2444
0.349389,-0.119125,-0.418815,3.1416,1.27108,6.2444
0.347791,-0.116637,-0.417572,3.14159,1.26984,6.2444
0.346162,-0.114258,-0.41672,3.14161,1.26828,6.2444
0.344432,-0.112001,-0.416118,3.1416,1.26667,6.2444
0.342691,-0.109869,-0.415807,3.14161,1.26487,6.2444
0.340989,-0.10785,-0.415783,3.14161,1.2629,6.2444
0.339331,-0.105939,-0.416013,3.14161,1.26078,6.2444
0.337706,-0.10419,-0.416533,3.14162,1.2585,6.2444
0.336187,-0.10239,-0.41708,3.14161,1.25616,6.2444
0.334696,-0.100803,-0.417983,3.14156,1.25363,6.2444
0.333257,-0.0991761,-0.418849,3.14156,1.25114,6.2444
0.331853,-0.0975828,-0.419786,3.14156,1.2486,6.2444
0.330474,-0.0960272,-0.420803,3.14157,1.24602,6.2444
0.329115,-0.0944706,-0.421827,3.14157,1.24344,6.2444
0.32777,-0.092925,-0.422871,3.14157,1.24085,6.2444
0.326428,-0.0913728,-0.423915,3.14157,1.23825,6.2444
0.325082,-0.0898215,-0.424955,3.14157,1.23566,6.2444
0.32373,-0.0882549,-0.425971,3.14157,1.23308,6.2444
0.322363,-0.0866762,-0.426963,3.14157,1.23051,6.2444
0.320981,-0.0850631,-0.427893,3.14156,1.22798,6.2444
0.319576,-0.0834465,-0.428806,3.14156,1.22545,6.2444
0.318146,-0.0818093,-0.429671,3.14156,1.22295,6.2444
0.316689,-0.0801448,-0.430478,3.14156,1.22048,6.2444
0.3152,-0.0784559,-0.431224,3.14157,1.21804,6.2444
0.313681,-0.0766568,-0.43177,3.14161,1.21574,6.2444
0.312132,-0.0749883,-0.432508,3.14157,1.21329,6.2444
0.310533,-0.073206,-0.433001,3.14161,1.21105,6.2444
0.308917,-0.0713931,-0.433442,3.14161,1.20879,6.2444
0.307293,-0.0694793,-0.433715,3.14161,1.20663,6.2444
0.305614,-0.0675992,-0.433961,3.14161,1.2045,6.2444
0.303904,-0.0656917,-0.434116,3.14161,1.20243,6.2444
0.30216,-0.0637517,-0.434165,3.14161,1.20043,6.2444
0.300389,-0.061777,-0.434097,3.14161,1.19851,6.2444
0.298585,-0.0597706,-0.433916,3.1416,1.19668,6.2444
0.296772,-0.057716,-0.433581,3.14161,1.19494,6.2444
0.294934,-0.0556333,-0.433125,3.1416,1.19331,6.2444
0.293068,-0.0535204,-0.432521,3.14161,1.19177,6.2444
0.29119,-0.0513765,-0.431775,3.14161,1.19036,6.2444
0.289301,-0.0492021,-0.430872,3.14161,1.18906,6.2444
0.287375,-0.0469933,-0.429716,3.14158,1.18805,6.2444
0.285474,-0.0447673,-0.42847,3.14158,1.18707,6.2444
0.283568,-0.0424851,-0.427044,3.14158,1.18622,6.2444
0.281657,-0.04024,-0.425467,3.14158,1.18557,6.2444
0.279745,-0.0380324,-0.423787,3.14157,1.18504,6.2444
0.277821,-0.0358418,-0.421934,3.14157,1.18471,6.2444
0.275893,-0.0337097,-0.419973,3.14157,1.18454,6.2444
0.273964,-0.0316153,-0.417868,3.14158,1.18455,6.2444
0.272019,-0.0296102,-0.415658,3.14158,1.18476,6.2444
0.270083,-0.0276861,-0.413332,3.14158,1.18516,6.2444
0.268159,-0.0258562,-0.410903,3.14158,1.18576,6.2444
0.266249,-0.0241242,-0.408382,3.14158,1.18654,6.2444
0.264365,-0.022499,-0.405785,3.14158,1.18752,6.2444
0.262514,-0.0209791,-0.403119,3.14158,1.18866,6.2444
0.260693,-0.0195678,-0.400397,3.14158,1.18997,6.2444
0.258914,-0.0182602,-0.39763,3.14159,1.19143,6.2444
0.25717,-0.0170559,-0.394835,3.14159,1.19302,6.2444
0.255466,-0.0159469,-0.392014,3.14159,1.19473,6.2444
0.253801,-0.0149296,-0.389178,3.14159,1.19655,6.2444
0.252169,-0.0139972,-0.386339,3.1416,1.19845,6.2444
0.250559,-0.0131582,-0.383525,3.14157,1.20042,6.2444
0.248991,-0.0123796,-0.380689,3.14158,1.20248,6.2444
0.247448,-0.0116626,-0.377855,3.14158,1.20459,6.2444
0.245927,-0.0110061,-0.375031,3.14158,1.20676,6.2444
0.244427,-0.0103956,-0.372214,3.14158,1.20897,6.2444
0.242944,-0.00983087,-0.369407,3.14158,1.21121,6.2444
0.241475,-0.00930094,-0.366611,3.14158,1.21348,6.2444
0.240018,-0.00879691,-0.363818,3.14158,1.21577,6.2444
0.238567,-0.00831466,-0.361035,3.14158,1.21807,6.2444
0.23712,-0.00784529,-0.358254,3.14158,1.22038,6.2444
0.235679,-0.00738109,-0.355473,3.14158,1.2227,6.2444
0.234235,-0.00691319,-0.352693,3.14157,1.22501,6.2444
0.232794,-0.00643473,-0.349903,3.14158,1.22732,6.2444
0.231349,-0.00593999,-0.347107,3.14158,1.22962,6.2444
0.2299,-0.00542214,-0.344298,3.14158,1.23191,6.2444
0.22845,-0.00487065,-0.341475,3.14158,1.23419,6.2444
0.226994,-0.00427987,-0.338634,3.14158,1.23644,6.2444
0.225536,-0.00364007,-0.335766,3.14158,1.23866,6.2444
0.224077,-0.00294351,-0.332871,3.14158,1.24086,6.2444
0.222619,-0.00217786,-0.329941,3.14158,1.24302,6.2444
0.221162,-0.00133869,-0.326976,3.14158,1.24515,6.2444
0.219713,-0.000411872,-0.323968,3.14158,1.24723,6.2444
0.218279,0.000617326,-0.320907,3.14158,1.24926,6.2444
0.216866,0.00176136,-0.31779,3.14158,1.25124,6.2444
0.215486,0.0030339,-0.314613,3.14158,1.25314,6.2444
0.214155,0.0044524,-0.311365,3.14158,1.25498,6.2444
0.212896,0.00603936,-0.308042,3.14157,1.25672,6.2444
0.21174,0.00781034,-0.304644,3.14157,1.25834,6.2444
0.210729,0.00978635,-0.301174,3.14157,1.25984,6.2444
0.209912,0.0119791,-0.297649,3.14157,1.26117,6.2444
0.209359,0.0143916,-0.294112,3.14158,1.2623,6.2444
0.209151,0.0169951,-0.290626,3.14157,1.26317,6.2444
0.209144,0.0170004,-0.290629,3.14159,1.26317,6.2444
0.209633,0.0198404,-0.287742,3.14161,1.26322,6.2444
0.210334,0.0226215,-0.284902,3.14161,1.26328,6.2444
0.21033,0.0226255,-0.284896,3.1416,1.26327,6.2444
0.210324,0.02263,-0.284896,3.1416,1.26327,6.2444
0.211246,0.0253355,-0.282119,3.14161,1.26335,6.2444
0.212358,0.0279385,-0.279437,3.14162,1.26343,6.2444
0.212351,0.0279402,-0.27943,3.14161,1.26342,6.2444
0.212343,0.0279453,-0.27943,3.1416,1.26342,6.2444
0.213979,0.0301846,-0.277965,3.1416,1.26264,6.2444
0.215798,0.0320882,-0.277093,3.14162,1.26159,6.2444
0.217678,0.0338294,-0.276618,3.14159,1.26033,6.2444
0.219654,0.0353581,-0.276467,3.14158,1.25899,6.2444
0.221659,0.0366707,-0.276675,3.14158,1.2575,6.2444
0.223654,0.0377589,-0.277251,3.14157,1.25585,6.2444
0.225604,0.0387083,-0.278129,3.14162,1.25397,6.2444
0.227534,0.0395861,-0.279118,3.14163,1.2521,6.2444
0.229415,0.0403716,-0.28029,3.1416,1.25013,6.2444
0.23128,0.0410879,-0.281572,3.1416,1.24813,6.2444
0.233108,0.0417485,-0.282963,3.1416,1.24608,6.2444
0.234905,0.042362,-0.284449,3.1416,1.24398,6.2444
0.236669,0.042942,-0.28601,3.1416,1.24184,6.2444
0.238405,0.0434942,-0.287633,3.1416,1.23967,6.2444
0.240113,0.0440269,-0.289307,3.1416,1.23746,6.2444
0.241801,0.0445458,-0.291017,3.1416,1.23523,6.2444
0.243467,0.0450566,-0.292757,3.1416,1.23298,6.2444
0.24512,0.0455669,-0.294517,3.1416,1.23071,6.2444
0.246759,0.0460777,-0.296286,3.1416,1.22843,6.2444
0.248391,0.0465935,-0.29806,3.1416,1.22614,6.2444
0.25002,0.0471204,-0.299826,3.1416,1.22385,6.2444
0.251651,0.0476582,-0.301578,3.1416,1.22156,6.2444
0.253285,0.0482161,-0.303307,3.1416,1.21927,6.2444
0.254931,0.0487926,-0.305008,3.1416,1.21699,6.2444
0.25659,0.0493887,-0.306672,3.1416,1.21473,6.2444
0.25827,0.0500098,-0.308292,3.1416,1.21249,6.2444
0.259976,0.0506574,-0.309854,3.1416,1.21028,6.2444
0.261708,0.0513344,-0.311354,3.1416,1.2081,6.2444
0.263476,0.0520388,-0.312786,3.1416,1.20597,6.2444
0.265286,0.0527725,-0.314137,3.1416,1.20388,6.2444
0.267136,0.0535369,-0.315398,3.1416,1.20186,6.2444
0.269034,0.054332,-0.316561,3.1416,1.1999,6.2444
0.270984,0.0551558,-0.317614,3.1416,1.19802,6.2444
0.272995,0.0560085,-0.318529,3.14162,1.19627,6.2444
0.275056,0.056886,-0.319331,3.14162,1.19459,6.2444
0.277178,0.0578013,-0.319934,3.14157,1.19312,6.2444
0.279356,0.0587259,-0.320441,3.14157,1.19168,6.2444
0.281562,0.0597222,-0.320731,3.14159,1.19042,6.2444
0.283848,0.0606513,-0.320935,3.14158,1.18927,6.2444
0.286155,0.0615949,-0.32096,3.14158,1.18828,6.2444
0.288516,0.062527,-0.320823,3.14158,1.18746,6.2444
0.290904,0.0634584,-0.320505,3.14159,1.18681,6.2444
0.293311,0.0643846,-0.320001,3.14159,1.18636,6.2444
0.295727,0.0653117,-0.319227,3.1416,1.18624,6.2444
0.298131,0.0662387,-0.31832,3.14159,1.18621,6.2444
0.300547,0.0671532,-0.317274,3.14156,1.18632,6.2444
0.302936,0.0681223,-0.315952,3.1416,1.18672,6.2444
0.3053,0.0689627,-0.314621,3.14161,1.18722,6.2444
0.307631,0.0697714,-0.313166,3.1416,1.18787,6.2444
0.30994,0.0705191,-0.311634,3.1416,1.18865,6.2444
0.312221,0.0712087,-0.310024,3.1416,1.18956,6.2444
0.314472,0.0718471,-0.308326,3.14159,1.19063,6.2444
0.316688,0.0724096,-0.306587,3.14159,1.1918,6.2444
0.318869,0.0729082,-0.304794,3.14159,1.1931,6.2444
0.321013,0.0733413,-0.302956,3.14159,1.1945,6.2444
0.323115,0.073711,-0.301078,3.14159,1.19601,6.2444
0.32517,0.0740209,-0.299161,3.1416,1.19762,6.2444
0.327182,0.0742805,-0.297204,3.1416,1.19931,6.2444
0.329144,0.0744882,-0.295213,3.1416,1.2011,6.2444
0.33106,0.0746513,-0.293188,3.1416,1.20296,6.2444
0.332926,0.0747724,-0.29113,3.1416,1.2049,6.2444
0.334745,0.0748611,-0.289042,3.1416,1.2069,6.2444
0.336518,0.0749157,-0.286925,3.1416,1.20896,6.2444
0.338245,0.0749432,-0.284778,3.1416,1.21108,6.2444
0.339926,0.0749458,-0.282608,3.1416,1.21325,6.2444
0.341566,0.0749259,-0.280412,3.1416,1.21546,6.2444
0.343164,0.0748882,-0.278194,3.1416,1.21772,6.2444
0.344725,0.0748338,-0.27595,3.1416,1.22002,6.2444
0.346246,0.0747677,-0.273688,3.1416,1.22234,6.2444
0.347736,0.0746899,-0.271407,3.1416,1.2247,6.2444
0.349197,0.0746092,-0.269103,3.1416,1.22709,6.2444
0.350634,0.0745218,-0.266784,3.1416,1.22949,6.2444
0.352047,0.0744356,-0.264448,3.1416,1.23191,6.2444
0.353444,0.0743518,-0.262099,3.1416,1.23435,6.2444
0.354829,0.0742757,-0.259733,3.1416,1.23679,6.2444
0.356209,0.0742114,-0.257354,3.1416,1.23923,6.2444
0.357594,0.0741619,-0.254965,3.1416,1.24167,6.2444
0.358988,0.0741398,-0.25256,3.1416,1.2441,6.2444
0.360402,0.0741478,-0.250145,3.1416,1.2465,6.2444
0.361846,0.0741938,-0.247723,3.1416,1.24888,6.2444
0.36333,0.0742932,-0.245291,3.1416,1.25121,6.2444
0.364864,0.0744575,-0.242853,3.1416,1.25349,6.2444
0.366458,0.0747035,-0.240406,3.1416,1.25569,6.2444
0.368118,0.0750485,-0.237956,3.1416,1.25779,6.2444
0.369848,0.0755136,-0.235505,3.1416,1.25978,6.2444
0.371644,0.0761201,-0.233049,3.14159,1.26163,6.2444
0.373499,0.0768955,-0.230587,3.14159,1.26331,6.2444
0.375398,0.0778689,-0.228114,3.14159,1.26482,6.2444
0.377305,0.079085,-0.225606,3.1416,1.26611,6.2444
0.379153,0.0805738,-0.223029,3.1416,1.2672,6.2444
0.379611,0.0809458,-0.222539,3.14163,1.26725,6.2444
0.379573,0.0809225,-0.222496,3.1416,1.26735,6.2444
0.381283,0.0830275,-0.220154,3.1416,1.26761,6.2444
0.382717,0.0853571,-0.217602,3.1416,1.26784,6.2444
0.383793,0.0879251,-0.214782,3.14161,1.2681,6.2444
0.38442,0.0906821,-0.211755,3.14161,1.26837,6.2444
0.384602,0.0935347,-0.208621,3.1416,1.26865,6.2444
0.384381,0.0963816,-0.205494,3.14159,1.26893,6.2444
0.384207,0.0975914,-0.204159,3.14157,1.26904,6.2444
0.384194,0.097595,-0.204164,3.14159,1.26904,6.2444
0.383527,0.100346,-0.201135,3.14158,1.26932,6.2444
0.382531,0.102955,-0.198267,3.14158,1.26959,6.2444
0.381178,0.105316,-0.195667,3.14159,1.26981,6.2444
0.379473,0.107336,-0.193449,3.14158,1.27001,6.2444
0.377484,0.108966,-0.191663,3.14158,1.27016,6.2444
0.375326,0.110228,-0.190282,3.14158,1.27028,6.2444
0.374352,0.110615,-0.189944,3.14158,1.27015,6.2444
0.374361,0.110638,-0.189858,3.14159,1.27026,6.2444
0.372168,0.111591,-0.189686,3.1416,1.26952,6.2444
0.369994,0.112382,-0.18989,3.14158,1.26859,6.2444
0.367833,0.11294,-0.190641,3.14156,1.26724,6.2444
0.365802,0.113414,-0.191697,3.14157,1.26569,6.2444
0.363881,0.113866,-0.192975,3.14159,1.26396,6.2444
0.362041,0.114267,-0.194442,3.14159,1.26209,6.2444
0.360295,0.114645,-0.19607,3.14159,1.26008,6.2444
0.358639,0.115016,-0.197815,3.14159,1.25797,6.2444
0.357055,0.115382,-0.19965,3.14159,1.25577,6.2444
0.355536,0.115747,-0.20155,3.14159,1.2535,6.2444
0.354063,0.116114,-0.203498,3.14159,1.25119,6.2444
0.352629,0.116482,-0.205477,3.14159,1.24884,6.2444
0.351223,0.116858,-0.207477,3.14159,1.24646,6.2444
0.349833,0.117236,-0.209487,3.14159,1.24408,6.2444
0.348449,0.117617,-0.211503,3.14159,1.24168,6.2444
0.347066,0.118,-0.213515,3.14159,1.23928,6.2444
0.345674,0.118387,-0.215521,3.14159,1.23689,6.2444
0.344268,0.118773,-0.217514,3.14159,1.23451,6.2444
0.342844,0.119163,-0.21949,3.14159,1.23215,6.2444
0.341398,0.119552,-0.221443,3.14159,1.2298,6.2444
0.339923,0.11994,-0.223371,3.14159,1.22749,6.2444
0.338414,0.120328,-0.225271,3.14159,1.2252,6.2444
0.336871,0.120717,-0.227135,3.14159,1.22294,6.2444
0.335292,0.121102,-0.228964,3.14159,1.22073,6.2444
0.333671,0.121489,-0.23075,3.14159,1.21856,6.2444
0.33201,0.121875,-0.232489,3.14159,1.21643,6.2444
0.330304,0.122263,-0.234175,3.14159,1.21436,6.2444
0.328552,0.122647,-0.235807,3.14159,1.21234,6.2444
0.326756,0.123033,-0.237375,3.14159,1.21039,6.2444
0.324909,0.123418,-0.238876,3.14159,1.2085,6.2444
0.323015,0.123808,-0.2403,3.14159,1.20669,6.2444
0.321072,0.124198,-0.241647,3.14159,1.20495,6.2444
0.319079,0.124593,-0.242898,3.14159,1.2033,6.2444
0.317026,0.124983,-0.24404,3.14156,1.20178,6.2444
0.314937,0.125386,-0.245094,3.14157,1.20032,6.2444
0.312804,0.125796,-0.246037,3.14157,1.19897,6.2444
0.310616,0.126273,-0.246729,3.14162,1.19786,6.2444
0.308388,0.126747,-0.247357,3.14159,1.19676,6.2444
0.306152,0.127091,-0.248023,3.14163,1.19575,6.2444
0.305125,0.127371,-0.248175,3.14159,1.19531,6.2444
0.305131,0.127295,-0.248271,3.14159,1.19526,6.2444
0.303331,0.127654,-0.248521,3.14159,1.19468,6.2444
0.301003,0.128074,-0.248782,3.14159,1.194,6.2444
0.29865,0.128452,-0.248958,3.14159,1.19343,6.2444
0.296278,0.12879,-0.249027,3.14159,1.19301,6.2444
0.293889,0.129094,-0.248976,3.14159,1.19273,6.2444
0.291492,0.129345,-0.248813,3.14159,1.19262,6.2444
0.28909,0.129538,-0.248537,3.14159,1.19268,6.2444
0.286697,0.129665,-0.248145,3.14159,1.19292,6.2444
0.28432,0.129725,-0.247643,3.14158,1.19335,6.2444
0.282,0.129805,-0.246896,3.14165,1.19405,6.2444
0.279704,0.129766,-0.246129,3.14163,1.19485,6.2444
0.277384,0.129637,-0.245229,3.14157,1.19592,6.2444
0.275176,0.129435,-0.244273,3.14158,1.19709,6.2444
0.273017,0.129167,-0.243248,3.14157,1.19838,6.2444
0.270919,0.128836,-0.242144,3.14157,1.19981,6.2444
0.268884,0.128448,-0.24097,3.14156,1.20137,6.2444
0.266928,0.128,-0.239724,3.14159,1.20307,6.2444
0.265018,0.127516,-0.23844,3.14159,1.20484,6.2444
0.263166,0.126986,-0.237118,3.14159,1.20669,6.2444
0.26137,0.126418,-0.23576,3.14159,1.20862,6.2444
0.259624,0.125813,-0.234375,3.14159,1.21061,6.2444
0.257924,0.125176,-0.23297,3.14159,1.21265,6.2444
0.256266,0.124514,-0.231546,3.14159,1.21474,6.2444
0.254645,0.123825,-0.230111,3.14159,1.21686,6.2444
0.253054,0.123114,-0.228668,3.14159,1.21902,6.2444
0.251488,0.122386,-0.227219,3.14159,1.22119,6.2444
0.249944,0.121647,-0.225761,3.14159,1.22339,6.2444
0.248413,0.120896,-0.224304,3.14159,1.2256,6.2444
0.246896,0.120141,-0.222843,3.14159,1.22781,6.2444
0.24538,0.119383,-0.221378,3.14159,1.23004,6.2444
0.243867,0.118628,-0.219911,3.14159,1.23226,6.2444
0.242351,0.117877,-0.218439,3.14159,1.23448,6.2444
0.240827,0.117142,-0.216962,3.14159,1.23669,6.2444
0.239289,0.116425,-0.215474,3.14159,1.2389,6.2444
0.237735,0.115729,-0.213979,3.14159,1.24109,6.2444
0.236158,0.115062,-0.212475,3.14159,1.24326,6.2444
0.23456,0.11443,-0.210954,3.14159,1.24541,6.2444
0.232932,0.113842,-0.209412,3.14159,1.24754,6.2444
0.231271,0.113306,-0.207847,3.14159,1.24964,6.2444
0.229578,0.112832,-0.206251,3.14159,1.25171,6.2444
0.227847,0.112431,-0.20462,3.14159,1.25375,6.2444
0.226079,0.11212,-0.202938,3.14159,1.25574,6.2444
0.224272,0.111913,-0.201205,3.14159,1.25768,6.2444
0.222426,0.111832,-0.199397,3.14159,1.25957,6.2444
0.220548,0.111901,-0.197504,3.14159,1.26139,6.2444
0.218642,0.112149,-0.195507,3.14159,1.26314,6.2444
0.216726,0.112612,-0.193382,3.14159,1.2648,6.2444
0.214814,0.113325,-0.191104,3.1416,1.26637,6.2444
0.21293,0.11434,-0.188659,3.14159,1.2678,6.2444
0.211132,0.115733,-0.186018,3.14159,1.26905,6.2444
0.209478,0.117491,-0.183197,3.14155,1.27011,6.2444
0.209507,0.117518,-0.183186,3.14159,1.27009,6.2444
0.208323,0.12001,-0.180403,3.14159,1.27039,6.2444
0.207333,0.122611,-0.177482,3.14158,1.27071,6.2444
0.207338,0.12261,-0.177477,3.14159,1.27071,6.2444
0.207342,0.122614,-0.177476,3.14159,1.27071,6.2444
0.206537,0.125309,-0.174437,3.14158,1.27106,6.2444
0.20595,0.128072,-0.171306,3.14158,1.27143,6.2444
0.205954,0.128072,-0.171302,3.14158,1.27142,6.2444
0.205958,0.128075,-0.171302,3.14159,1.27142,6.2444
0.206013,0.130957,-0.168876,3.1416,1.27096,6.2444
0.206377,0.133777,-0.166758,3.1416,1.27027,6.2444
0.20698,0.136462,-0.165008,3.1416,1.26933,6.2444
0.207756,0.139017,-0.163562,3.14161,1.26821,6.2444
0.208691,0.141355,-0.162528,3.14158,1.26687,6.2444
0.209682,0.14367,-0.161584,3.1416,1.26552,6.2444
0.210708,0.145859,-0.160915,3.14159,1.26398,6.2444
0.211811,0.147969,-0.160377,3.14159,1.26243,6.2444
0.212934,0.149998,-0.159984,3.14158,1.26081,6.2444
0.21409,0.151958,-0.159723,3.14158,1.25915,6.2444
0.215268,0.153838,-0.159608,3.14159,1.25742,6.2444
0.216452,0.155648,-0.159621,3.1416,1.25562,6.2444
0.217648,0.157345,-0.159805,3.14161,1.25372,6.2444
0.218824,0.159055,-0.160013,3.14161,1.25181,6.2444
0.220004,0.160795,-0.160179,3.14157,1.2499,6.2444
0.221184,0.162428,-0.160515,3.14157,1.24793,6.2444
0.222345,0.164062,-0.160873,3.14157,1.24594,6.2444
0.223479,0.165592,-0.161439,3.14162,1.24377,6.2444
0.224649,0.167261,-0.161729,3.14157,1.24187,6.2444
0.225773,0.168805,-0.16228,3.14162,1.23971,6.2444
0.226934,0.17048,-0.162569,3.14157,1.23781,6.2444
0.228048,0.172036,-0.163104,3.14162,1.23566,6.2444
0.229194,0.173768,-0.163312,3.14157,1.2338,6.2444
0.230334,0.175416,-0.16366,3.14157,1.2318,6.2444
0.231465,0.177092,-0.163967,3.14157,1.22981,6.2444
0.232594,0.178796,-0.164223,3.14157,1.22785,6.2444
0.233714,0.180497,-0.164473,3.14161,1.22591,6.2444
0.234834,0.182336,-0.164505,3.1416,1.22405,6.2444
0.235981,0.18416,-0.164504,3.1416,1.22222,6.2444
0.237132,0.186027,-0.164405,3.1416,1.22044,6.2444
0.238289,0.187942,-0.16419,3.14159,1.21871,6.2444
0.239462,0.189896,-0.163863,3.14158,1.21706,6.2444
0.240659,0.191893,-0.163405,3.14159,1.21549,6.2444
0.241869,0.19394,-0.162799,3.14159,1.21401,6.2444
0.243095,0.19604,-0.162027,3.14158,1.21265,6.2444
0.24438,0.198225,-0.160976,3.14158,1.21153,6.2444
0.245597,0.200562,-0.159607,3.14161,1.21062,6.2444
0.246858,0.20285,-0.158177,3.1416,1.20976,6.2444
0.248131,0.205175,-0.156535,3.1416,1.20908,6.2444
0.249413,0.207528,-0.154686,3.1416,1.20858,6.2444
0.250696,0.209906,-0.152623,3.1416,1.20827,6.2444
0.251975,0.212293,-0.15036,3.1416,1.20814,6.2444
0.253245,0.214681,-0.1479,3.1416,1.20822,6.2444
0.254486,0.217059,-0.145261,3.1416,1.20848,6.2444
0.255731,0.219421,-0.142449,3.1416,1.20893,6.2444
0.256959,0.221754,-0.139495,3.1416,1.20955,6.2444
0.258153,0.224038,-0.136426,3.1416,1.21033,6.2444
0.259346,0.226282,-0.133233,3.1416,1.21128,6.2444
0.260525,0.228474,-0.129948,3.1416,1.21237,6.2444
0.261693,0.230597,-0.126598,3.1416,1.2136,6.2444
0.262856,0.232653,-0.123184,3.1416,1.21496,6.2444
0.264011,0.234637,-0.119722,3.1416,1.21644,6.2444
0.26516,0.23654,-0.11623,3.1416,1.21803,6.2444
0.2663,0.238365,-0.112707,3.1416,1.21972,6.2444
0.267432,0.240109,-0.109169,3.1416,1.22152,6.2444
0.26855,0.241776,-0.105618,3.1416,1.2234,6.2444
0.269656,0.243366,-0.102058,3.1416,1.22537,6.2444
0.270754,0.244866,-0.0985136,3.14161,1.22742,6.2444
0.271822,0.24631,-0.0949508,3.14161,1.22953,6.2444
0.27287,0.24769,-0.0913877,3.1416,1.23171,6.2444
0.273895,0.249004,-0.0878296,3.1416,1.23396,6.2444
0.274899,0.25026,-0.0842773,3.1416,1.23625,6.2444
0.275882,0.251462,-0.0807269,3.1416,1.2386,6.2444
0.276843,0.252611,-0.0771837,3.1416,1.24099,6.2444
0.27778,0.253713,-0.0736479,3.1416,1.24342,6.2444
0.278697,0.25477,-0.0701186,3.1416,1.2459,6.2444
0.279593,0.255785,-0.0665988,3.1416,1.2484,6.2444
0.280467,0.256764,-0.0630795,3.1416,1.25094,6.2444
0.281321,0.257706,-0.0595731,3.1416,1.25351,6.2444
0.282154,0.258619,-0.0560716,3.1416,1.2561,6.2444
0.282968,0.25951,-0.0525721,3.1416,1.25871,6.2444
0.283771,0.260379,-0.0490765,3.1416,1.26133,6.2444
0.284556,0.261238,-0.0455769,3.1416,1.26398,6.2444
0.28533,0.262087,-0.0420793,3.1416,1.26662,6.2444
0.286097,0.262936,-0.0385723,3.1416,1.26928,6.2444
0.286855,0.263796,-0.0350502,3.1416,1.27194,6.2444
0.287613,0.264671,-0.0315156,3.1416,1.2746,6.2444
0.288371,0.265574,-0.0279576,3.1416,1.27726,6.2444
0.289134,0.266521,-0.0243655,3.1416,1.2799,6.2444
0.289904,0.267518,-0.0207434,3.1416,1.28253,6.2444
0.290685,0.268588,-0.0170727,3.1416,1.28513,6.2444
0.291481,0.269744,-0.0133535,3.1416,1.28769,6.2444
0.292293,0.271003,-0.00957696,3.1416,1.29021,6.2444
0.293124,0.272393,-0.00573135,3.1416,1.29267,6.2444
0.293971,0.273941,-0.0018138,3.1416,1.29504,6.2444
0.294815,0.275661,0.00217302,3.1416,1.29731,6.2444
0.295637,0.277563,0.00621277,3.1416,1.29945,6.2444
0.296416,0.279659,0.0103027,3.1416,1.30144,6.2444
0.297113,0.281947,0.0144251,3.1416,1.30327,6.2444
0.297686,0.284421,0.0185694,3.1416,1.30495,6.2444
0.297774,0.285037,0.0195448,3.14162,1.3053,6.2444
0.297794,0.285024,0.0195414,3.14159,1.30531,6.2444
0.298105,0.287884,0.0232407,3.1416,1.30616,6.2444
0.298116,0.29078,0.0270084,3.14159,1.30703,6.2444
0.297773,0.293629,0.0307078,3.14159,1.30788,6.2444
0.29706,0.296348,0.0342483,3.14159,1.3087,6.2444
0.296002,0.29884,0.0374916,3.14158,1.30945,6.2444
0.294675,0.301065,0.0403873,3.14158,1.31011,6.2444
0.294016,0.301943,0.0415393,3.14154,1.3104,6.2444
0.294033,0.30195,0.0415434,3.14159,1.31039,6.2444
0.292436,0.303793,0.0439401,3.14158,1.31094,6.2444
0.290662,0.305289,0.0458869,3.14157,1.31139,6.2444
0.288724,0.306333,0.0472258,3.14159,1.31167,6.2444
0.286699,0.306729,0.0476737,3.14159,1.31165,6.2444
0.28463,0.306824,0.0478129,3.14159,1.31174,6.2444
0.282585,0.306549,0.0475043,3.14159,1.31181,6.2444
0.281696,0.306281,0.0472069,3.14156,1.31184,6.2444
0.281714,0.306239,0.0470945,3.14159,1.31171,6.2444
0.281265,0.306098,0.0467365,3.14152,1.31151,6.2444
0.279425,0.3052,0.0445333,3.14159,1.31013,6.2444
0.277696,0.304279,0.0421357,3.14159,1.30864,6.2444
0.276082,0.303296,0.0394537,3.1416,1.30695,6.2444
0.274583,0.3023,0.0365521,3.1416,1.30505,6.2444
0.273184,0.301324,0.0334978,3.1416,1.30297,6.2444
0.271881,0.30039,0.0303447,3.14159,1.30075,6.2444
0.270666,0.299508,0.0271285,3.14159,1.29842,6.2444
0.269524,0.298677,0.023877,3.14159,1.296,6.2444
0.268446,0.297893,0.0206082,3.14159,1.29351,6.2444
0.267416,0.29715,0.0173337,3.14159,1.29098,6.2444
0.266423,0.296442,0.0140634,3.14159,1.28842,6.2444
0.265444,0.295752,0.0107932,3.14158,1.28584,6.2444
0.2645,0.295092,0.00752579,3.14158,1.28324,6.2444
0.263568,0.294447,0.00426649,3.14158,1.28062,6.2444
0.26264,0.29381,0.00101126,3.14158,1.278,6.2444
0.261713,0.293175,-0.00223822,3.14158,1.27539,6.2444
0.26078,0.292537,-0.00548441,3.14158,1.27278,6.2444
0.259836,0.291889,-0.00873173,3.14158,1.27018,6.2444
0.258878,0.29123,-0.0119767,3.14158,1.26759,6.2444
0.257901,0.290556,-0.0152178,3.14158,1.26503,6.2444
0.256904,0.289864,-0.0184558,3.14158,1.26248,6.2444
0.255884,0.289152,-0.0216886,3.14158,1.25996,6.2444
0.254837,0.288414,-0.0249192,3.14158,1.25747,6.2444
0.253772,0.287653,-0.0281578,3.14159,1.25499,6.2444
0.252664,0.286861,-0.0313762,3.14159,1.25256,6.2444
0.251523,0.28604,-0.034581,3.14159,1.25018,6.2444
0.250346,0.285187,-0.0377766,3.14159,1.24784,6.2444
0.249134,0.284303,-0.0409533,3.14159,1.24554,6.2444
0.247881,0.283389,-0.0441044,3.14159,1.24331,6.2444
0.24659,0.282442,-0.0472304,3.1416,1.24113,6.2444
0.245255,0.281466,-0.0503209,3.1416,1.23901,6.2444
0.243873,0.28046,-0.0533694,3.1416,1.23697,6.2444
0.242444,0.27942,-0.0563747,3.1416,1.235,6.2444
0.240967,0.278351,-0.0593205,3.1416,1.23312,6.2444
0.239439,0.277252,-0.0622006,3.14159,1.23134,6.2444
0.237866,0.276125,-0.0650084,3.14159,1.22966,6.2444
0.236246,0.274969,-0.0677368,3.14159,1.22809,6.2444
0.234579,0.273791,-0.0703717,3.14159,1.22664,6.2444
0.232872,0.272592,-0.072903,3.14159,1.2253,6.2444
0.231109,0.271369,-0.0753362,3.14158,1.22409,6.2444
0.229332,0.270111,-0.0776639,3.14159,1.22302,6.2444
0.227522,0.268823,-0.0798807,3.14158,1.2221,6.2444
0.225676,0.2675,-0.0819941,3.14158,1.22131,6.2444
0.223832,0.266132,-0.0839937,3.14158,1.22068,6.2444
0.221978,0.264712,-0.0858904,3.14158,1.2202,6.2444
0.220124,0.263246,-0.0876682,3.14159,1.21989,6.2444
0.218281,0.261728,-0.0893303,3.14159,1.21975,6.2444
0.216461,0.260161,-0.0908617,3.14158,1.21978,6.2444
0.214671,0.25855,-0.0922587,3.14158,1.22,6.2444
0.212918,0.256898,-0.0935194,3.14158,1.22039,6.2444
0.211212,0.255212,-0.0946431,3.14159,1.22096,6.2444
0.209547,0.253567,-0.0955701,3.14155,1.22168,6.2444
0.207945,0.25184,-0.0964053,3.14154,1.22258,6.2444
0.206424,0.250113,-0.0970428,3.1416,1.22372,6.2444
0.20491,0.248352,-0.0976586,3.1416,1.22486,6.2444
0.203479,0.246573,-0.0981837,3.1416,1.22609,6.2444
0.202098,0.24479,-0.098612,3.1416,1.22742,6.2444
0.200771,0.243007,-0.0989462,3.1416,1.22885,6.2444
0.199492,0.241229,-0.0991896,3.14159,1.23035,6.2444
0.198254,0.239467,-0.099342,3.14158,1.23194,6.2444
0.197064,0.237706,-0.0994336,3.14159,1.2336,6.2444
0.195915,0.235951,-0.0994639,3.14159,1.23531,6.2444
0.1948,0.234201,-0.0994437,3.14159,1.23707,6.2444
0.193695,0.232542,-0.0992617,3.14157,1.23894,6.2444
0.192663,0.230739,-0.0992349,3.14159,1.24074,6.2444
0.191603,0.229082,-0.099004,3.14157,1.24265,6.2444
0.190588,0.227354,-0.0988344,3.14157,1.24455,6.2444
0.189583,0.225627,-0.0986588,3.14157,1.24646,6.2444
0.188582,0.223902,-0.098473,3.14157,1.24837,6.2444
0.187584,0.222178,-0.0982863,3.14157,1.25028,6.2444
0.18658,0.220459,-0.0980929,3.14157,1.25219,6.2444
0.185571,0.218742,-0.0979018,3.14157,1.2541,6.2444
0.184546,0.217029,-0.0977136,3.14157,1.256,6.2444
0.1835,0.215322,-0.0975325,3.14157,1.25788,6.2444
0.182432,0.213623,-0.0973612,3.14157,1.25976,6.2444
0.181334,0.211935,-0.0971963,3.14157,1.26161,6.2444
0.180218,0.210189,-0.0971355,3.14159,1.26338,6.2444
0.179016,0.208609,-0.0969008,3.14157,1.26523,6.2444
0.177813,0.206907,-0.0968443,3.14159,1.26696,6.2444
0.176507,0.205382,-0.0966217,3.14157,1.26873,6.2444
0.175182,0.20376,-0.0965608,3.14159,1.27039,6.2444
0.173741,0.20233,-0.0963302,3.14157,1.27208,6.2444
0.172264,0.200832,-0.096246,3.14159,1.27364,6.2444
0.170652,0.199576,-0.0959505,3.14157,1.27521,6.2444
0.168969,0.198367,-0.0956814,3.14157,1.27669,6.2444
0.16718,0.19732,-0.0953415,3.14158,1.27807,6.2444
0.165283,0.19648,-0.0948929,3.14159,1.27935,6.2444
0.163277,0.195926,-0.0942017,3.14157,1.28065,6.2444
0.161193,0.195736,-0.0933265,3.14158,1.28172,6.2444
0.159071,0.196001,-0.0921736,3.14156,1.28262,6.2444
0.159075,0.19598,-0.0921854,3.14159,1.28263,6.2444
0.157007,0.197103,-0.0908598,3.14158,1.28282,6.2444
0.155035,0.198474,-0.0892151,3.14158,1.2831,6.2444
0.155037,0.198477,-0.0892057,3.14159,1.2831,6.2444
0.155039,0.198481,-0.0891998,3.14159,1.28311,6.2444
0.153159,0.200063,-0.0873002,3.14158,1.28343,6.2444
0.151409,0.201852,-0.0851357,3.14159,1.2838,6.2444
0.151417,0.201852,-0.085132,3.14159,1.28381,6.2444
0.151418,0.201855,-0.0851272,3.14159,1.28381,6.2444
0.15016,0.204225,-0.0830984,3.14159,1.28347,6.2444
0.149209,0.206765,-0.0811155,3.14158,1.28291,6.2444
0.148514,0.209389,-0.0792367,3.14159,1.28217,6.2444
0.148025,0.212041,-0.0774786,3.14158,1.28128,6.2444
0.147725,0.214683,-0.0758694,3.14158,1.28025,6.2444
0.147567,0.217292,-0.0744077,3.14159,1.2791,6.2444
0.147522,0.219807,-0.0731573,3.14159,1.27787,6.2444
0.147565,0.222342,-0.0719411,3.1416,1.27655,6.2444
0.147677,0.224832,-0.0708355,3.14161,1.27515,6.2444
0.147835,0.22724,-0.0699387,3.14162,1.27362,6.2444
0.14806,0.229579,-0.0691793,3.14161,1.27199,6.2444
0.148316,0.231962,-0.0683144,3.14162,1.27051,6.2444
0.148614,0.234253,-0.0676578,3.1416,1.26883,6.2444
0.148927,0.236533,-0.0670204,3.1416,1.26719,6.2444
0.149262,0.238791,-0.0664261,3.1416,1.26552,6.2444
0.149613,0.24103,-0.0658714,3.14159,1.26384,6.2444
0.149973,0.243251,-0.0653546,3.14159,1.26215,6.2444
0.150336,0.245459,-0.0648682,3.14159,1.26043,6.2444
0.150701,0.247656,-0.0644028,3.14158,1.25871,6.2444
0.151068,0.249846,-0.0639528,3.14158,1.25697,6.2444
0.151431,0.252032,-0.0635084,3.14158,1.25523,6.2444
0.151789,0.254219,-0.0630599,3.14158,1.25349,6.2444
0.15214,0.256412,-0.0625988,3.14158,1.25176,6.2444
0.152482,0.258616,-0.0621149,3.14159,1.25003,6.2444
0.152812,0.260837,-0.0615903,3.14159,1.24832,6.2444
0.153131,0.263085,-0.0610133,3.1416,1.24665,6.2444
0.153438,0.26536,-0.060368,3.1416,1.24501,6.2444
0.153731,0.267673,-0.0596405,3.1416,1.24342,6.2444
0.154049,0.270016,-0.05883,3.14158,1.24187,6.2444
0.154305,0.272562,-0.0575775,3.1416,1.24066,6.2444
0.154527,0.274954,-0.0566189,3.14162,1.23923,6.2444
0.154784,0.277536,-0.0552442,3.1416,1.23802,6.2444
0.155,0.280101,-0.0538535,3.1416,1.23684,6.2444
0.155198,0.282723,-0.0522975,3.1416,1.23578,6.2444
0.155376,0.285396,-0.0505651,3.1416,1.23484,6.2444
0.155538,0.288119,-0.0486443,3.1416,1.23404,6.2444
0.155677,0.290891,-0.0465264,3.1416,1.23338,6.2444
0.155799,0.293711,-0.0441921,3.1416,1.2329,6.2444
0.155902,0.296566,-0.0416505,3.1416,1.23259,6.2444
0.15598,0.299447,-0.0388951,3.14159,1.23246,6.2444
0.156038,0.302353,-0.0359205,3.1416,1.23253,6.2444
0.156074,0.305255,-0.0327725,3.14159,1.23277,6.2444
0.156086,0.308158,-0.0294086,3.14159,1.23323,6.2444
0.15608,0.311045,-0.0258748,3.14159,1.23388,6.2444
0.156056,0.313906,-0.0221877,3.14159,1.23471,6.2444
0.156019,0.31673,-0.0183658,3.14159,1.23571,6.2444
0.155971,0.319507,-0.0144318,3.14159,1.23687,6.2444
0.155923,0.322232,-0.0103962,3.14159,1.23817,6.2444
0.155877,0.324902,-0.00627709,3.14159,1.23962,6.2444
0.15584,0.327518,-0.00207808,3.14159,1.2412,6.2444
0.155818,0.330075,0.00219547,3.14159,1.24292,6.2444
0.155814,0.332574,0.00652547,3.14159,1.24475,6.2444
0.155828,0.334985,0.0108716,3.14159,1.24669,6.2444
0.155864,0.337337,0.0152691,3.14159,1.24873,6.2444
0.155915,0.339616,0.0196833,3.14159,1.25087,6.2444
0.155985,0.341824,0.0241142,3.1416,1.25309,6.2444
0.15607,0.343957,0.0285496,3.1416,1.25539,6.2444
0.156167,0.346022,0.0329879,3.1416,1.25777,6.2444
0.156275,0.348017,0.0374259,3.1416,1.26021,6.2444
0.15639,0.349942,0.0418505,3.1416,1.26271,6.2444
0.156511,0.351802,0.0462649,3.1416,1.26526,6.2444
0.156639,0.353594,0.0506557,3.1416,1.26786,6.2444
0.156771,0.355326,0.0550342,3.1416,1.2705,6.2444
0.156902,0.357003,0.0593975,3.1416,1.27319,6.2444
0.157036,0.358628,0.0637285,3.1416,1.27589,6.2444
0.157178,0.360224,0.0680605,3.14161,1.27863,6.2444
0.157305,0.361732,0.0723675,3.1416,1.28143,6.2444
0.157434,0.363206,0.0766536,3.1416,1.28425,6.2444
0.157562,0.364645,0.0809215,3.1416,1.28708,6.2444
0.157691,0.366049,0.0851703,3.1416,1.28992,6.2444
0.157819,0.367416,0.0893974,3.1416,1.29279,6.2444
0.157943,0.368761,0.0936203,3.14161,1.29567,6.2444
0.158062,0.370084,0.0978305,3.14161,1.29856,6.2444
0.158177,0.371402,0.102046,3.1416,1.30146,6.2444
0.158289,0.372715,0.106263,3.1416,1.30436,6.2444
0.158397,0.374039,0.110497,3.1416,1.30727,6.2444
0.158501,0.375384,0.114754,3.1416,1.31018,6.2444
0.158599,0.376757,0.119038,3.1416,1.31309,6.2444
0.158689,0.378172,0.12336,3.1416,1.31599,6.2444
0.15877,0.379646,0.127733,3.1416,1.31889,6.2444
0.158845,0.381185,0.132153,3.1416,1.32177,6.2444
0.158912,0.382833,0.136629,3.1416,1.32459,6.2444
0.158949,0.384551,0.141177,3.1416,1.32741,6.2444
0.158967,0.386421,0.145834,3.14159,1.33021,6.2444
0.158949,0.388431,0.150546,3.14159,1.33291,6.2444
0.158885,0.390595,0.155328,3.14159,1.33554,6.2444
0.158751,0.3929,0.160124,3.14159,1.33802,6.2444
0.158532,0.39535,0.164927,3.14159,1.34038,6.2444
0.1582,0.397914,0.169678,3.14159,1.34257,6.2444
0.157726,0.400544,0.174303,3.14159,1.34455,6.2444
0.157587,0.40117,0.175376,3.14157,1.34501,6.2444
0.157586,0.40117,0.175372,3.14159,1.345,6.2444
0.156814,0.403922,0.179233,3.14159,1.34611,6.2444
0.155803,0.406489,0.182847,3.14159,1.34715,6.2444
0.154533,0.408754,0.18604,3.14159,1.34808,6.2444
0.153017,0.410612,0.18866,3.14158,1.34884,6.2444
0.15131,0.412008,0.190629,3.14157,1.34941,6.2444
0.149472,0.412958,0.191958,3.14158,1.34978,6.2444
0.148723,0.413052,0.192061,3.14174,1.34971,6.2444
0.148655,0.413168,0.192227,3.1416,1.34979,6.2444
0.14679,0.413582,0.192865,3.14163,1.35007,6.2444
0.144844,0.413636,0.192917,3.14159,1.35006,6.2444
0.142966,0.41324,0.192351,3.14161,1.34993,6.2444
0.141158,0.412025,0.190633,3.14157,1.34941,6.2444
0.139515,0.410444,0.188392,3.14158,1.34875,6.2444
0.138042,0.408493,0.185629,3.14158,1.34794,6.2444
0.137439,0.407564,0.184311,3.14153,1.34753,6.2444
0.137452,0.407561,0.184309,3.14158,1.34754,6.2444
0.137146,0.407085,0.183466,3.14157,1.3472,6.2444
0.136031,0.40495,0.179502,3.14158,1.34535,6.2444
0.135042,0.402793,0.175305,3.14158,1.34331,6.2444
0.134175,0.400675,0.170947,3.14159,1.34107,6.2444
0.1334,0.398639,0.166506,3.14158,1.33866,6.2444
0.132732,0.396703,0.16203,3.14158,1.33612,6.2444
0.132136,0.394879,0.157562,3.14158,1.33348,6.2444
0.131602,0.393167,0.153128,3.14158,1.33076,6.2444
0.131117,0.391554,0.148734,3.14158,1.32798,6.2444
0.130648,0.390029,0.144394,3.14156,1.32517,6.2444
0.130244,0.388562,0.140052,3.14158,1.32228,6.2444
0.129836,0.387206,0.135836,3.14156,1.31943,6.2444
0.129464,0.385872,0.13161,3.14156,1.31654,6.2444
0.1291,0.384577,0.127421,3.14156,1.31364,6.2444
0.128745,0.383305,0.123253,3.14156,1.31075,6.2444
0.128394,0.382044,0.119095,3.14157,1.30785,6.2444
0.128044,0.380789,0.114948,3.14157,1.30496,6.2444
0.127694,0.379529,0.110805,3.14157,1.30207,6.2444
0.12734,0.378258,0.106658,3.14157,1.2992,6.2444
0.126981,0.376971,0.102507,3.14157,1.29633,6.2444
0.126614,0.375636,0.0983167,3.14157,1.29347,6.2444
0.126243,0.374291,0.0941388,3.14157,1.29064,6.2444
0.125865,0.372915,0.0899496,3.14158,1.28783,6.2444
0.125472,0.371506,0.0857488,3.14158,1.28503,6.2444
0.125061,0.370059,0.0815366,3.14158,1.28227,6.2444
0.124632,0.368562,0.0773068,3.14157,1.27954,6.2444
0.124204,0.36703,0.0730813,3.14156,1.27686,6.2444
0.123762,0.365442,0.0688078,3.14158,1.27417,6.2444
0.123287,0.363798,0.064533,3.14158,1.27153,6.2444
0.122794,0.362098,0.0602506,3.14158,1.26895,6.2444
0.122278,0.360344,0.0559635,3.14158,1.26642,6.2444
0.121738,0.358535,0.0516788,3.14158,1.26394,6.2444
0.121171,0.356667,0.0473968,3.14158,1.26153,6.2444
0.120576,0.354742,0.0431256,3.14159,1.25918,6.2444
0.119951,0.352757,0.0388715,3.14159,1.25691,6.2444
0.119292,0.350717,0.0346453,3.14159,1.25473,6.2444
0.118599,0.348618,0.0304514,3.14159,1.25263,6.2444
0.11787,0.346466,0.0263011,3.14159,1.25063,6.2444
0.117104,0.34426,0.0222045,3.14159,1.24874,6.2444
0.116307,0.342003,0.018171,3.14159,1.24696,6.2444
0.115477,0.339695,0.0142061,3.14158,1.2453,6.2444
0.114623,0.337337,0.0103184,3.14158,1.24377,6.2444
0.113747,0.33493,0.00651827,3.14158,1.24238,6.2444
0.11286,0.332476,0.00281233,3.14158,1.24113,6.2444
0.111968,0.329975,-0.000787313,3.14159,1.24003,6.2444
0.111081,0.327427,-0.00427623,3.14159,1.23909,6.2444
0.1102,0.32484,-0.00763422,3.14159,1.23832,6.2444
0.109336,0.322214,-0.0108562,3.14159,1.23773,6.2444
0.108477,0.319552,-0.0139382,3.14158,1.2373,6.2444
0.107662,0.316875,-0.0168365,3.14159,1.23708,6.2444
0.106876,0.314193,-0.0195545,3.14159,1.23705,6.2444
0.106121,0.311512,-0.0220872,3.14159,1.23719,6.2444
0.105403,0.308844,-0.0244294,3.14159,1.23752,6.2444
0.104723,0.306195,-0.0265802,3.14159,1.23802,6.2444
0.104073,0.30357,-0.0285521,3.14159,1.23867,6.2444
0.103475,0.300982,-0.0303352,3.14159,1.23948,6.2444
0.102905,0.298428,-0.0319569,3.14159,1.24041,6.2444
0.102372,0.295915,-0.0334133,3.14159,1.24147,6.2444
0.101829,0.293579,-0.0344714,3.14162,1.24282,6.2444
0.101417,0.290999,-0.0359089,3.14158,1.24389,6.2444
0.100971,0.288719,-0.0367188,3.14161,1.24542,6.2444
0.100556,0.286353,-0.0376777,3.14161,1.24682,6.2444
0.100219,0.284036,-0.0384815,3.14161,1.24837,6.2444
0.0998772,0.281725,-0.0392644,3.14161,1.24989,6.2444
0.0995974,0.279375,-0.0401151,3.14156,1.25131,6.2444
0.0992926,0.277127,-0.0407308,3.14159,1.25299,6.2444
0.099013,0.274882,-0.0413323,3.14159,1.25463,6.2444
0.0987445,0.272643,-0.0419135,3.14159,1.25629,6.2444
0.0984888,0.270416,-0.0424657,3.14159,1.25796,6.2444
0.0982369,0.268194,-0.0429984,3.14159,1.25965,6.2444
0.0979912,0.265979,-0.0435193,3.14159,1.26134,6.2444
0.097743,0.263765,-0.0440323,3.14159,1.26304,6.2444
0.0974936,0.261551,-0.0445483,3.14159,1.26474,6.2444
0.0972336,0.259334,-0.0450713,3.14159,1.26643,6.2444
0.0969616,0.25711,-0.0456125,3.14159,1.26812,6.2444
0.096671,0.254879,-0.0461776,3.14159,1.26979,6.2444
0.0963548,0.252636,-0.0467723,3.14159,1.27144,6.2444
0.0960113,0.25038,-0.0474058,3.14159,1.27307,6.2444
0.0955927,0.248099,-0.0481079,3.1416,1.27464,6.2444
0.0951641,0.245816,-0.0488428,3.1416,1.2762,6.2444
0.0946773,0.243522,-0.0496302,3.14161,1.27771,6.2444
0.0941118,0.241186,-0.0505608,3.14161,1.27909,6.2444
0.0934943,0.238861,-0.0515026,3.14161,1.28047,6.2444
0.0927876,0.236548,-0.0524896,3.14161,1.2818,6.2444
0.0919762,0.234253,-0.0535277,3.14161,1.28306,6.2444
0.091051,0.231942,-0.0547131,3.14159,1.28415,6.2444
0.0899681,0.229765,-0.0557554,3.14161,1.28533,6.2444
0.0887541,0.227542,-0.0570538,3.14157,1.28621,6.2444
0.0873234,0.225568,-0.0581752,3.14158,1.28707,6.2444
0.0856667,0.223903,-0.0591557,3.14155,1.28775,6.2444
0.083853,0.22256,-0.0597848,3.14164,1.28864,6.2444
0.0838233,0.222416,-0.0601114,3.14159,1.2883,6.2444
0.0816901,0.221883,-0.0608039,3.14162,1.28813,6.2444
0.0794865,0.221523,-0.0611906,3.14159,1.28815,6.2444
0.0794733,0.22149,-0.0612442,3.1416,1.28811,6.2444
0.0794708,0.221455,-0.0613101,3.1416,1.28806,6.2444
0.0772764,0.221355,-0.0614288,3.14159,1.28804,6.2444
0.0750757,0.221454,-0.0613285,3.14159,1.288,6.2444
0.0750659,0.221459,-0.0613212,3.1416,1.288,6.2444
0.0750663,0.221467,-0.0613073,3.14159,1.28802,6.2444
0.0730742,0.222438,-0.0609717,3.1416,1.28735,6.2444
0.0712503,0.223777,-0.0604464,3.1416,1.2865,6.2444
0.0695884,0.22543,-0.0596651,3.14155,1.28567,6.2444
0.0681311,0.227258,-0.0589439,3.14161,1.28451,6.2444
0.0668006,0.22925,-0.0580436,3.14159,1.28346,6.2444
0.0656469,0.231334,-0.0571826,3.14158,1.28226,6.2444
0.0646398,0.233417,-0.0564707,3.1416,1.28083,6.2444
0.0636712,0.235605,-0.055601,3.14158,1.27957,6.2444
0.0628538,0.237764,-0.0549264,3.1416,1.27805,6.2444
0.0620767,0.239943,-0.0542417,3.1416,1.27656,6.2444
0.06137,0.24214,-0.0535752,3.14159,1.27504,6.2444
0.06072,0.24434,-0.0529431,3.14159,1.27349,6.2444
0.0601218,0.246527,-0.0523603,3.14159,1.27189,6.2444
0.0595612,0.248705,-0.051817,3.14159,1.27025,6.2444
0.0590339,0.250876,-0.0513067,3.14159,1.26859,6.2444
0.0585312,0.253042,-0.0508211,3.1416,1.26691,6.2444
0.0580495,0.2552,-0.0503607,3.1416,1.26522,6.2444
0.057582,0.257352,-0.0499217,3.1416,1.26351,6.2444
0.0571241,0.259499,-0.0494951,3.1416,1.26179,6.2444
0.0566774,0.261642,-0.0490817,3.14161,1.26006,6.2444
0.0562284,0.263784,-0.0486695,3.14161,1.25833,6.2444
0.0557699,0.265928,-0.0482478,3.1416,1.25661,6.2444
0.0553119,0.268074,-0.0478187,3.1416,1.25489,6.2444
0.0548389,0.270228,-0.0473695,3.1416,1.25318,6.2444
0.0543507,0.272388,-0.0468919,3.1416,1.2515,6.2444
0.0538425,0.274563,-0.0463739,3.14159,1.24984,6.2444
0.0533092,0.276753,-0.0458025,3.14159,1.24822,6.2444
0.0527498,0.278961,-0.04517,3.14159,1.24664,6.2444
0.0521644,0.281181,-0.0444792,3.1416,1.2451,6.2444
0.0515282,0.283462,-0.0436154,3.14159,1.2437,6.2444
0.0508772,0.285748,-0.0427151,3.14159,1.24231,6.2444
0.0501852,0.288049,-0.0417344,3.1416,1.24098,6.2444
0.0494494,0.290364,-0.0406583,3.14161,1.23972,6.2444
0.0487317,0.292874,-0.039176,3.14159,1.23875,6.2444
0.0479266,0.295287,-0.0377574,3.14159,1.23775,6.2444
0.0470756,0.297726,-0.0361805,3.14159,1.23689,6.2444
0.0461641,0.300188,-0.0344368,3.14158,1.23617,6.2444
0.0452315,0.302676,-0.032512,3.14159,1.23561,6.2444
0.0442478,0.305171,-0.0304123,3.14159,1.23521,6.2444
0.0432202,0.307671,-0.0281328,3.14158,1.23499,6.2444
0.042179,0.310159,-0.0256901,3.14158,1.23495,6.2444
0.0410871,0.312639,-0.0230665,3.14158,1.23509,6.2444
0.0399678,0.31509,-0.0202851,3.14158,1.23542,6.2444
0.0388267,0.317509,-0.0173527,3.14158,1.23593,6.2444
0.0376695,0.319887,-0.0142887,3.14158,1.23662,6.2444
0.0365038,0.322223,-0.0110987,3.14158,1.23747,6.2444
0.0353392,0.32451,-0.00780128,3.14159,1.23848,6.2444
0.0341785,0.326748,-0.00440052,3.14159,1.23965,6.2444
0.0330557,0.328935,-0.000914376,3.14159,1.24095,6.2444
0.0319399,0.331083,0.00267215,3.14159,1.24238,6.2444
0.0308532,0.333185,0.00634385,3.14159,1.24395,6.2444
0.0298035,0.335244,0.0100922,3.14159,1.24564,6.2444
0.0287886,0.337257,0.0139117,3.14159,1.24745,6.2444
0.0278142,0.339224,0.0177945,3.14159,1.24937,6.2444
0.0268627,0.341138,0.021728,3.14158,1.25139,6.2444
0.0259683,0.343006,0.0257034,3.14158,1.2535,6.2444
0.0251111,0.344824,0.0297149,3.14158,1.25569,6.2444
0.0242897,0.346588,0.0337486,3.14158,1.25796,6.2444
0.0235019,0.348299,0.0378028,3.14158,1.2603,6.2444
0.0227476,0.349957,0.0418667,3.14158,1.26271,6.2444
0.0220223,0.351565,0.0459422,3.14158,1.26517,6.2444
0.021326,0.353124,0.0500166,3.14158,1.26769,6.2444
0.0206547,0.354632,0.0540894,3.14158,1.27025,6.2444
0.020008,0.356093,0.0581569,3.14158,1.27285,6.2444
0.0193855,0.35751,0.062217,3.14158,1.27549,6.2444
0.0187554,0.358883,0.0662566,3.14155,1.27816,6.2444
0.0181721,0.360217,0.0703032,3.14156,1.28087,6.2444
0.0176045,0.361509,0.0743349,3.14156,1.28361,6.2444
0.0170535,0.362767,0.0783534,3.14156,1.28638,6.2444
0.0165141,0.363994,0.0823613,3.14156,1.28916,6.2444
0.0160043,0.365213,0.0863804,3.14158,1.29195,6.2444
0.0154861,0.366396,0.0903762,3.14158,1.29477,6.2444
0.0149756,0.36756,0.0943653,3.14158,1.29759,6.2444
0.0144706,0.368712,0.098351,3.14158,1.30043,6.2444
0.0139667,0.369861,0.10234,3.14158,1.30327,6.2444
0.0134619,0.371015,0.106338,3.14158,1.30611,6.2444
0.0129522,0.372178,0.110343,3.14158,1.30895,6.2444
0.0124337,0.373363,0.114366,3.14158,1.31179,6.2444
0.0119004,0.374582,0.118416,3.14158,1.31462,6.2444
0.0113465,0.375843,0.122491,3.14158,1.31743,6.2444
0.0107647,0.377163,0.126602,3.14158,1.32022,6.2444
0.010149,0.378547,0.130744,3.14158,1.32298,6.2444
0.00948738,0.380015,0.134927,3.14158,1.3257,6.2444
0.00876662,0.381576,0.13914,3.14158,1.32835,6.2444
0.00797522,0.383239,0.143367,3.14158,1.33092,6.2444
0.00711971,0.385013,0.147596,3.14159,1.33338,6.2444
0.00615795,0.386847,0.15173,3.14159,1.33568,6.2444
0.00508517,0.388735,0.155743,3.14159,1.3378,6.2444
0.00389059,0.390631,0.15955,3.14158,1.33971,6.2444
0.00255636,0.392471,0.163064,3.14158,1.34139,6.2444
0.00218205,0.392765,0.163516,3.14155,1.34139,6.2444
0.0022027,0.392803,0.163666,3.1416,1.34159,6.2444
0.000630586,0.394623,0.166261,3.14158,1.34243,6.2444
-0.00109622,0.395994,0.168192,3.14157,1.34298,6.2444
-0.00295828,0.396906,0.169471,3.14158,1.34334,6.2444
-0.0048742,0.397161,0.169802,3.14159,1.34335,6.2444
-0.00681537,0.397115,0.169794,3.14159,1.34346,6.2444
-0.008703,0.396613,0.169093,3.14161,1.34329,6.2444
-0.00952986,0.396259,0.168743,3.14158,1.34344,6.2444
-0.00952085,0.396205,0.168597,3.14159,1.34327,6.2444
-0.0113088,0.39492,0.166758,3.14157,1.34264,6.2444
-0.0129689,0.393351,0.164574,3.14158,1.34203,6.2444
-0.0144294,0.391363,0.161798,3.14158,1.34124,6.2444
-0.0156225,0.388996,0.158499,3.14159,1.3403,6.2444
-0.0165265,0.386346,0.154809,3.14159,1.33926,6.2444
-0.0171567,0.383523,0.150886,3.14159,1.33816,6.2444
-0.0173569,0.382262,0.149136,3.14157,1.33766,6.2444
-0.0173536,0.382264,0.14914,3.14159,1.33767,6.2444
-0.0174404,0.38162,0.148063,3.14159,1.33724,6.2444
-0.0176735,0.378948,0.14342,3.14159,1.33526,6.2444
-0.0177532,0.376372,0.138698,3.14159,1.33312,6.2444
-0.0177244,0.373928,0.133943,3.14159,1.33081,6.2444
-0.0176187,0.371648,0.129218,3.1416,1.32836,6.2444
-0.0174603,0.369532,0.124541,3.1416,1.3258,6.2444
-0.0172667,0.367576,0.11994,3.1416,1.32316,6.2444
-0.0170469,0.365763,0.115407,3.1416,1.32044,6.2444
-0.016809,0.364082,0.110972,3.14161,1.3177,6.2444
-0.0165556,0.362497,0.106575,3.14161,1.31487,6.2444
-0.016315,0.361021,0.102255,3.1416,1.31202,6.2444
-0.0160513,0.359616,0.0980047,3.14161,1.30918,6.2444
-0.0157867,0.35828,0.0938063,3.14162,1.30631,6.2444
-0.0155213,0.356977,0.0896348,3.14162,1.30344,6.2444
-0.0152603,0.355714,0.0855083,3.14161,1.30059,6.2444
-0.0149857,0.354456,0.0813842,3.14161,1.29773,6.2444
-0.014709,0.353206,0.0772726,3.14161,1.29486,6.2444
-0.0144271,0.351951,0.0731639,3.14161,1.29201,6.2444
-0.0141325,0.350681,0.0690459,3.14162,1.28914,6.2444
-0.013842,0.349393,0.0649243,3.14162,1.28631,6.2444
-0.0135446,0.348081,0.0607944,3.14161,1.2835,6.2444
-0.0132422,0.346741,0.0566535,3.14161,1.2807,6.2444
-0.0129308,0.345368,0.0525008,3.14161,1.27792,6.2444
-0.0126111,0.34396,0.0483352,3.14161,1.27516,6.2444
-0.0122805,0.342507,0.0441531,3.14161,1.27244,6.2444
-0.0119445,0.341001,0.0399499,3.14162,1.26975,6.2444
-0.0116175,0.339463,0.035739,3.14161,1.26709,6.2444
-0.0112842,0.337855,0.0314774,3.1416,1.26442,6.2444
-0.0109366,0.33619,0.0272145,3.1416,1.26182,6.2444
-0.0105894,0.334459,0.0229314,3.1416,1.25927,6.2444
-0.010238,0.332668,0.0186378,3.1416,1.25677,6.2444
-0.00988869,0.330806,0.0143271,3.1416,1.25432,6.2444
-0.009541,0.328878,0.0100112,3.14159,1.25193,6.2444
-0.00918746,0.32688,0.00568459,3.1416,1.2496,6.2444
-0.00884752,0.324807,0.00136154,3.1416,1.24735,6.2444
-0.00851438,0.322656,-0.00296049,3.1416,1.24518,6.2444
-0.00819299,0.320431,-0.0072685,3.1416,1.24309,6.2444
-0.00788155,0.318131,-0.011558,3.1416,1.2411,6.2444
-0.00758817,0.315755,-0.0158185,3.1416,1.23922,6.2444
-0.00730241,0.313307,-0.020044,3.1416,1.23744,6.2444
-0.00702788,0.310792,-0.0242213,3.1416,1.23578,6.2444
-0.00676408,0.308207,-0.0283457,3.1416,1.23424,6.2444
-0.00650844,0.305572,-0.032372,3.1416,1.23285,6.2444
-0.00624656,0.302876,-0.0363274,3.1416,1.23159,6.2444
-0.00598201,0.30013,-0.0401766,3.1416,1.23049,6.2444
-0.0057037,0.297342,-0.0439064,3.1416,1.22954,6.2444
-0.00541192,0.294519,-0.0474952,3.1416,1.22878,6.2444
-0.00510333,0.291673,-0.0509269,3.1416,1.22819,6.2444
-0.00476995,0.288803,-0.0541999,3.1416,1.22779,6.2444
-0.00442734,0.285945,-0.0572505,3.1416,1.2276,6.2444
-0.00405964,0.28309,-0.0601094,3.1416,1.2276,6.2444
-0.00367745,0.280257,-0.062756,3.1416,1.22778,6.2444
-0.0032762,0.277453,-0.0651897,3.1416,1.22815,6.2444
-0.00286285,0.274691,-0.0674011,3.1416,1.2287,6.2444
-0.00243644,0.271971,-0.0694098,3.14159,1.22941,6.2444
-0.00199144,0.269305,-0.0712179,3.14161,1.23027,6.2444
-0.00155215,0.266698,-0.0728192,3.1416,1.23128,6.2444
-0.00109051,0.264144,-0.074245,3.1416,1.23241,6.2444
-0.000578453,0.261768,-0.0752834,3.14157,1.23381,6.2444
-0.00014362,0.259204,-0.0766116,3.1416,1.23498,6.2444
0.000359791,0.256905,-0.0773885,3.14158,1.23655,6.2444
0.000858057,0.254583,-0.078193,3.14158,1.23808,6.2444
0.00136258,0.252278,-0.0789432,3.14158,1.23962,6.2444
0.00187243,0.250006,-0.0796156,3.14159,1.24121,6.2444
0.00239255,0.247775,-0.0801958,3.14159,1.24285,6.2444
0.00292098,0.245582,-0.0806987,3.14159,1.24454,6.2444
0.00346446,0.243417,-0.0811392,3.14158,1.24625,6.2444
0.00401599,0.241273,-0.081536,3.14158,1.24799,6.2444
0.00457676,0.239146,-0.0818937,3.14158,1.24975,6.2444
0.00514424,0.237033,-0.0822199,3.14158,1.25152,6.2444
0.00571764,0.234934,-0.082526,3.14158,1.25331,6.2444
0.00629223,0.232839,-0.082821,3.14158,1.2551,6.2444
0.0068698,0.230743,-0.0831205,3.14158,1.2569,6.2444
0.00744413,0.228641,-0.0834316,3.14158,1.2587,6.2444
0.00801753,0.226531,-0.083765,3.14158,1.26048,6.2444
0.00858392,0.224405,-0.0841313,3.14158,1.26225,6.2444
0.00914193,0.222257,-0.0845378,3.14158,1.26401,6.2444
0.00969057,0.22008,-0.085,3.14158,1.26573,6.2444
0.010222,0.217866,-0.0855354,3.14159,1.26742,6.2444
0.0107338,0.215606,-0.0861612,3.14159,1.26906,6.2444
0.011214,0.213306,-0.0868755,3.14158,1.27066,6.2444
0.0116504,0.210965,-0.0876789,3.14158,1.27222,6.2444
0.0120242,0.208431,-0.0888889,3.14161,1.27348,6.2444
0.0123447,0.206064,-0.089753,3.14158,1.27507,6.2444
0.0125705,0.203369,-0.0913129,3.1416,1.27611,6.2444
0.0126923,0.200755,-0.0927457,3.1416,1.27729,6.2444
0.0126837,0.198072,-0.0943664,3.14159,1.27835,6.2444
0.0125032,0.195364,-0.0961512,3.14159,1.27928,6.2444
0.0121151,0.19263,-0.0981182,3.14159,1.28005,6.2444
0.0114605,0.189925,-0.10026,3.14159,1.28061,6.2444
0.0104687,0.187338,-0.102519,3.14154,1.28094,6.2444
0.0105032,0.18733,-0.102522,3.14159,1.28094,6.2444
0.00898479,0.185212,-0.105048,3.14158,1.28054,6.2444
0.00732693,0.183272,-0.107352,3.14158,1.28018,6.2444
0.00731697,0.18327,-0.107355,3.14159,1.28018,6.2444
0.00731887,0.183266,-0.107363,3.14159,1.28017,6.2444
0.00551317,0.181509,-0.109437,3.14159,1.27986,6.2444
0.0036021,0.179967,-0.111253,3.14158,1.27958,6.2444
0.00360852,0.179961,-0.111263,3.14159,1.27958,6.2444
