1.50519,-0.239519,0.443027,-0.000796344,1,0,1,0,0,-0.41534,-0.000330754,-0.909666
1.39305,-0.239608,0.197417,-0.000796344,1,0,1,0,0,-0.41534,-0.000330754,-0.909666
1.38059,-0.239618,0.170127,-0.000796344,1,0,1,0,0,-0.41534,-0.000330754,-0.909666
1.37059,-0.239626,0.174454,-0.000796344,1,0,1,0,0,-0.335729,-0.000267356,-0.941959
1.36059,-0.239634,0.178018,-0.000796344,1,0,1,0,0,-0.335729,-0.000267356,-0.941959
1.35059,-0.239642,0.181223,-0.000796344,1,0,1,0,0,-0.242731,-0.000193297,-0.970094
1.34059,-0.23965,0.183725,-0.000796344,1,0,1,0,0,-0.242731,-0.000193297,-0.970094
1.33059,-0.239658,0.185966,-0.000796344,1,0,1,0,0,-0.17267,-0.000137505,-0.98498
1.32059,-0.239666,0.187719,-0.000796344,1,0,1,0,0,-0.17267,-0.000137505,-0.98498
1.31059,-0.239674,0.189472,-0.000796344,1,0,1,0,0,-0.17267,-0.000137505,-0.98498
1.30059,-0.239682,0.190806,-0.000796344,1,0,1,0,0,-0.100396,-7.99497e-05,-0.994948
1.29059,-0.23969,0.191815,-0.000796344,1,0,1,0,0,-0.100396,-7.99497e-05,-0.994948
1.28059,-0.239698,0.192591,-0.000796344,1,0,1,0,0,-0.0290405,-2.31262e-05,-0.999578
1.27059,-0.239706,0.192882,-0.000796344,1,0,1,0,0,-0.0290405,-2.31262e-05,-0.999578
1.26059,-0.239714,0.193172,-0.000796344,1,0,1,0,0,-0.0290405,-2.31262e-05,-0.999578
1.25059,-0.239722,0.193093,-0.000796344,1,0,1,0,0,0.0275557,2.19438e-05,-0.99962
1.24059,-0.239729,0.192818,-0.000796344,1,0,1,0,0,0.0275557,2.19438e-05,-0.99962
1.23059,-0.239737,0.192542,-0.000796344,1,0,1,0,0,0.0275557,2.19438e-05,-0.99962
1.22059,-0.239745,0.192266,-0.000796344,1,0,1,0,0,0.0275557,2.19438e-05,-0.99962
1.21059,-0.239753,0.191991,-0.000796344,1,0,1,0,0,0.0275557,2.19438e-05,-0.99962
1.20059,-0.239761,0.191386,-0.000796344,1,0,1,0,0,0.0718851,5.72453e-05,-0.997413
1.19059,-0.239769,0.190665,-0.000796344,1,0,1,0,0,0.0718851,5.72453e-05,-0.997413
1.18059,-0.239777,0.189944,-0.000796344,1,0,1,0,0,0.0718851,5.72453e-05,-0.997413
1.17059,-0.239785,0.189224,-0.000796344,1,0,1,0,0,0.0718851,5.72453e-05,-0.997413
1.16059,-0.239793,0.188503,-0.000796344,1,0,1,0,0,0.0718851,5.72453e-05,-0.997413
1.15059,-0.239801,0.187413,-0.000796344,1,0,1,0,0,0.114011,9.07921e-05,-0.993479
1.14059,-0.239809,0.186266,-0.000796344,1,0,1,0,0,0.114011,9.07921e-05,-0.993479
1.13059,-0.239817,0.185118,-0.000796344,1,0,1,0,0,0.114011,9.07921e-05,-0.993479
1.12059,-0.239825,0.183971,-0.000796344,1,0,1,0,0,0.114011,9.07921e-05,-0.993479
1.11059,-0.239833,0.182823,-0.000796344,1,0,1,0,0,0.114011,9.07921e-05,-0.993479
1.10059,-0.239841,0.181372,-0.000796344,1,0,1,0,0,0.146959,0.00011703,-0.989143
1.09059,-0.239849,0.179887,-0.000796344,1,0,1,0,0,0.146959,0.00011703,-0.989143
1.08059,-0.239857,0.178401,-0.000796344,1,0,1,0,0,0.146959,0.00011703,-0.989143
1.07059,-0.239865,0.176915,-0.000796344,1,0,1,0,0,0.146959,0.00011703,-0.989143
1.06059,-0.239873,0.17543,-0.000796344,1,0,1,0,0,0.146959,0.00011703,-0.989143
1.05059,-0.239881,0.173944,-0.000796344,1,0,1,0,0,0.146959,0.00011703,-0.989143
1.04059,-0.239888,0.172246,-0.000796344,1,0,1,0,0,0.173589,0.000138236,-0.984818
1.03059,-0.239896,0.170483,-0.000796344,1,0,1,0,0,0.173589,0.000138236,-0.984818
1.02059,-0.239904,0.168721,-0.000796344,1,0,1,0,0,0.173589,0.000138236,-0.984818
1.01059,-0.239912,0.166958,-0.000796344,1,0,1,0,0,0.173589,0.000138236,-0.984818
1.00059,-0.23992,0.165195,-0.000796344,1,0,1,0,0,0.173589,0.000138236,-0.984818
0.990588,-0.239928,0.163433,-0.000796344,1,0,1,0,0,0.173589,0.000138236,-0.984818
0.980588,-0.239936,0.16167,-0.000796344,1,0,1,0,0,0.173589,0.000138236,-0.984818
0.970588,-0.239944,0.159908,-0.000796344,1,0,1,0,0,0.173589,0.000138236,-0.984818
0.960588,-0.239952,0.158029,-0.000796344,1,0,1,0,0,0.200526,0.000159687,-0.979688
0.950588,-0.23996,0.155983,-0.000796344,1,0,1,0,0,0.200526,0.000159687,-0.979688
0.940588,-0.239968,0.153936,-0.000796344,1,0,1,0,0,0.200526,0.000159687,-0.979688
0.930588,-0.239976,0.151889,-0.000796344,1,0,1,0,0,0.200526,0.000159687,-0.979688
0.920588,-0.239984,0.149842,-0.000796344,1,0,1,0,0,0.200526,0.000159687,-0.979688
0.92058,-0.229984,0.149842,-0.000796344,1,0,1,0,0,0.200526,0.000159687,-0.979688
0.920572,-0.219984,0.149842,-0.000796344,1,0,1,0,0,0.200526,0.000159687,-0.979688
0.920564,-0.209984,0.149842,-0.000796344,1,0,1,0,0,0.200526,0.000159687,-0.979688
0.920557,-0.199984,0.149842,-0.000796344,1,0,1,0,0,0.200526,0.000159687,-0.979688
0.920549,-0.189984,0.149842,-0.000796344,1,0,1,0,0,0.200526,0.000159687,-0.979688
0.920541,-0.179984,0.149842,-0.000796344,1,0,1,0,0,0.200526,0.000159687,-0.979688
0.920533,-0.169984,0.149842,-0.000796344,1,0,1,0,0,0.200526,0.000159687,-0.979688
0.930533,-0.169976,0.151889,-0.000796344,1,0,1,0,0,0.200526,0.000159687,-0.979688
0.940533,-0.169968,0.153936,-0.000796344,1,0,1,0,0,0.200526,0.000159687,-0.979688
0.950533,-0.16996,0.155983,-0.000796344,1,0,1,0,0,0.200526,0.000159687,-0.979688
0.960533,-0.169952,0.158029,-0.000796344,1,0,1,0,0,0.200526,0.000159687,-0.979688
0.970533,-0.169944,0.159908,-0.000796344,1,0,1,0,0,0.173589,0.000138236,-0.984818
0.980533,-0.169936,0.16167,-0.000796344,1,0,1,0,0,0.173589,0.000138236,-0.984818
0.990533,-0.169928,0.163433,-0.000796344,1,0,1,0,0,0.173589,0.000138236,-0.984818
1.00053,-0.16992,0.165195,-0.000796344,1,0,1,0,0,0.173589,0.000138236,-0.984818
1.01053,-0.169912,0.166958,-0.000796344,1,0,1,0,0,0.173589,0.000138236,-0.984818
1.02053,-0.169904,0.168721,-0.000796344,1,0,1,0,0,0.173589,0.000138236,-0.984818
1.03053,-0.169896,0.170483,-0.000796344,1,0,1,0,0,0.173589,0.000138236,-0.984818
1.04053,-0.169888,0.172246,-0.000796344,1,0,1,0,0,0.173589,0.000138236,-0.984818
1.05053,-0.169881,0.173944,-0.000796344,1,0,1,0,0,0.146959,0.00011703,-0.989143
1.06053,-0.169873,0.17543,-0.000796344,1,0,1,0,0,0.146959,0.00011703,-0.989143
1.07053,-0.169865,0.176915,-0.000796344,1,0,1,0,0,0.146959,0.00011703,-0.989143
1.08053,-0.169857,0.178401,-0.000796344,1,0,1,0,0,0.146959,0.00011703,-0.989143
1.09053,-0.169849,0.179887,-0.000796344,1,0,1,0,0,0.146959,0.00011703,-0.989143
1.10053,-0.169841,0.181372,-0.000796344,1,0,1,0,0,0.146959,0.00011703,-0.989143
1.11053,-0.169833,0.182823,-0.000796344,1,0,1,0,0,0.114011,9.07921e-05,-0.993479
1.12053,-0.169825,0.183971,-0.000796344,1,0,1,0,0,0.114011,9.07921e-05,-0.993479
1.13053,-0.169817,0.185118,-0.000796344,1,0,1,0,0,0.114011,9.07921e-05,-0.993479
1.14053,-0.169809,0.186266,-0.000796344,1,0,1,0,0,0.114011,9.07921e-05,-0.993479
1.15053,-0.169801,0.187413,-0.000796344,1,0,1,0,0,0.114011,9.07921e-05,-0.993479
1.16053,-0.169793,0.188503,-0.000796344,1,0,1,0,0,0.0718851,5.72453e-05,-0.997413
1.17053,-0.169785,0.189224,-0.000796344,1,0,1,0,0,0.0718851,5.72453e-05,-0.997413
1.18053,-0.169777,0.189944,-0.000796344,1,0,1,0,0,0.0718851,5.72453e-05,-0.997413
1.19053,-0.169769,0.190665,-0.000796344,1,0,1,0,0,0.0718851,5.72453e-05,-0.997413
1.20053,-0.169761,0.191386,-0.000796344,1,0,1,0,0,0.0718851,5.72453e-05,-0.997413
1.21053,-0.169753,0.191991,-0.000796344,1,0,1,0,0,0.0275557,2.19438e-05,-0.99962
1.22053,-0.169745,0.192266,-0.000796344,1,0,1,0,0,0.0275557,2.19438e-05,-0.99962
1.23053,-0.169737,0.192542,-0.000796344,1,0,1,0,0,0.0275557,2.19438e-05,-0.99962
1.24053,-0.169729,0.192818,-0.000796344,1,0,1,0,0,0.0275557,2.19438e-05,-0.99962
1.25053,-0.169722,0.193093,-0.000796344,1,0,1,0,0,0.0275557,2.19438e-05,-0.99962
1.26053,-0.169714,0.193172,-0.000796344,1,0,1,0,0,-0.0290405,-2.31262e-05,-0.999578
1.27053,-0.169706,0.192882,-0.000796344,1,0,1,0,0,-0.0290405,-2.31262e-05,-0.999578
1.28053,-0.169698,0.192591,-0.000796344,1,0,1,0,0,-0.0290405,-2.31262e-05,-0.999578
1.29053,-0.16969,0.191815,-0.000796344,1,0,1,0,0,-0.100396,-7.99497e-05,-0.994948
1.30053,-0.169682,0.190806,-0.000796344,1,0,1,0,0,-0.100396,-7.99497e-05,-0.994948
1.31053,-0.169674,0.189472,-0.000796344,1,0,1,0,0,-0.17267,-0.000137505,-0.98498
1.32053,-0.169666,0.187719,-0.000796344,1,0,1,0,0,-0.17267,-0.000137505,-0.98498
1.33053,-0.169658,0.185966,-0.000796344,1,0,1,0,0,-0.17267,-0.000137505,-0.98498
1.34053,-0.16965,0.183725,-0.000796344,1,0,1,0,0,-0.242731,-0.000193297,-0.970094
1.35053,-0.169642,0.181223,-0.000796344,1,0,1,0,0,-0.242731,-0.000193297,-0.970094
1.36053,-0.169634,0.178018,-0.000796344,1,0,1,0,0,-0.335729,-0.000267356,-0.941959
1.37053,-0.169626,0.174454,-0.000796344,1,0,1,0,0,-0.335729,-0.000267356,-0.941959
1.38053,-0.169618,0.170127,-0.000796344,1,0,1,0,0,-0.41534,-0.000330754,-0.909666
1.38052,-0.159618,0.170127,-0.000796344,1,0,1,0,0,-0.41534,-0.000330754,-0.909666
1.38052,-0.149618,0.170127,-0.000796344,1,0,1,0,0,-0.41534,-0.000330754,-0.909666
1.38051,-0.139618,0.170127,-0.000796344,1,0,1,0,0,-0.41534,-0.000330754,-0.909666
1.3805,-0.129618,0.170127,-0.000796344,1,0,1,0,0,-0.41534,-0.000330754,-0.909666
1.38049,-0.119618,0.170127,-0.000796344,1,0,1,0,0,-0.41534,-0.000330754,-0.909666
1.38048,-0.109618,0.170127,-0.000796344,1,0,1,0,0,-0.41534,-0.000330754,-0.909666
1.38048,-0.0996182,0.170127,-0.000796344,1,0,1,0,0,-0.41534,-0.000330754,-0.909666
1.37048,-0.0996262,0.174454,-0.000796344,1,0,1,0,0,-0.335729,-0.000267356,-0.941959
1.36048,-0.0996341,0.178018,-0.000796344,1,0,1,0,0,-0.335729,-0.000267356,-0.941959
1.35048,-0.0996421,0.181223,-0.000796344,1,0,1,0,0,-0.242731,-0.000193297,-0.970094
1.34048,-0.09965,0.183725,-0.000796344,1,0,1,0,0,-0.242731,-0.000193297,-0.970094
1.33048,-0.099658,0.185966,-0.000796344,1,0,1,0,0,-0.17267,-0.000137505,-0.98498
1.32048,-0.0996659,0.187719,-0.000796344,1,0,1,0,0,-0.17267,-0.000137505,-0.98498
1.31048,-0.0996739,0.189472,-0.000796344,1,0,1,0,0,-0.17267,-0.000137505,-0.98498
1.30048,-0.0996818,0.190806,-0.000796344,1,0,1,0,0,-0.100396,-7.99497e-05,-0.994948
1.29048,-0.0996898,0.191815,-0.000796344,1,0,1,0,0,-0.100396,-7.99497e-05,-0.994948
1.28048,-0.0996977,0.192591,-0.000796344,1,0,1,0,0,-0.0290405,-2.31262e-05,-0.999578
1.27048,-0.0997057,0.192882,-0.000796344,1,0,1,0,0,-0.0290405,-2.31262e-05,-0.999578
1.26048,-0.0997136,0.193172,-0.000796344,1,0,1,0,0,-0.0290405,-2.31262e-05,-0.999578
1.25048,-0.0997216,0.193093,-0.000796344,1,0,1,0,0,0.0275557,2.19438e-05,-0.99962
1.24048,-0.0997295,0.192818,-0.000796344,1,0,1,0,0,0.0275557,2.19438e-05,-0.99962
1.23048,-0.0997375,0.192542,-0.000796344,1,0,1,0,0,0.0275557,2.19438e-05,-0.99962
1.22048,-0.0997454,0.192266,-0.000796344,1,0,1,0,0,0.0275557,2.19438e-05,-0.99962
1.21048,-0.0997534,0.191991,-0.000796344,1,0,1,0,0,0.0275557,2.19438e-05,-0.99962
1.20048,-0.0997613,0.191386,-0.000796344,1,0,1,0,0,0.0718851,5.72453e-05,-0.997413
1.19048,-0.0997693,0.190665,-0.000796344,1,0,1,0,0,0.0718851,5.72453e-05,-0.997413
1.18048,-0.0997772,0.189944,-0.000796344,1,0,1,0,0,0.0718851,5.72453e-05,-0.997413
1.17048,-0.0997852,0.189224,-0.000796344,1,0,1,0,0,0.0718851,5.72453e-05,-0.997413
1.16048,-0.0997931,0.188503,-0.000796344,1,0,1,0,0,0.0718851,5.72453e-05,-0.997413
1.15048,-0.0998011,0.187414,-0.000796344,1,0,1,0,0,0.114011,9.07921e-05,-0.993479
1.14048,-0.099809,0.186266,-0.000796344,1,0,1,0,0,0.114011,9.07921e-05,-0.993479
1.13048,-0.099817,0.185118,-0.000796344,1,0,1,0,0,0.114011,9.07921e-05,-0.993479
1.12048,-0.0998249,0.183971,-0.000796344,1,0,1,0,0,0.114011,9.07921e-05,-0.993479
1.11048,-0.0998329,0.182823,-0.000796344,1,0,1,0,0,0.114011,9.07921e-05,-0.993479
1.10048,-0.0998408,0.181372,-0.000796344,1,0,1,0,0,0.146959,0.00011703,-0.989143
1.09048,-0.0998488,0.179887,-0.000796344,1,0,1,0,0,0.146959,0.00011703,-0.989143
1.08048,-0.0998567,0.178401,-0.000796344,1,0,1,0,0,0.146959,0.00011703,-0.989143
1.07048,-0.0998647,0.176915,-0.000796344,1,0,1,0,0,0.146959,0.00011703,-0.989143
1.06048,-0.0998726,0.17543,-0.000796344,1,0,1,0,0,0.146959,0.00011703,-0.989143
1.05048,-0.0998806,0.173944,-0.000796344,1,0,1,0,0,0.146959,0.00011703,-0.989143
1.04048,-0.0998885,0.172246,-0.000796344,1,0,1,0,0,0.173589,0.000138236,-0.984818
1.03048,-0.0998965,0.170483,-0.000796344,1,0,1,0,0,0.173589,0.000138236,-0.984818
1.02048,-0.0999044,0.168721,-0.000796344,1,0,1,0,0,0.173589,0.000138236,-0.984818
1.01048,-0.0999124,0.166958,-0.000796344,1,0,1,0,0,0.173589,0.000138236,-0.984818
1.00048,-0.0999203,0.165196,-0.000796344,1,0,1,0,0,0.173589,0.000138236,-0.984818
0.990477,-0.0999283,0.163433,-0.000796344,1,0,1,0,0,0.173589,0.000138236,-0.984818
0.980477,-0.0999362,0.16167,-0.000796344,1,0,1,0,0,0.173589,0.000138236,-0.984818
0.970477,-0.0999442,0.159908,-0.000796344,1,0,1,0,0,0.173589,0.000138236,-0.984818
0.960477,-0.0999521,0.15803,-0.000796344,1,0,1,0,0,0.200526,0.000159687,-0.979688
0.950477,-0.0999601,0.155983,-0.000796344,1,0,1,0,0,0.200526,0.000159687,-0.979688
0.940477,-0.099968,0.153936,-0.000796344,1,0,1,0,0,0.200526,0.000159687,-0.979688
0.930477,-0.099976,0.151889,-0.000796344,1,0,1,0,0,0.200526,0.000159687,-0.979688
0.920477,-0.0999839,0.149842,-0.000796344,1,0,1,0,0,0.200526,0.000159687,-0.979688
0.920469,-0.0899839,0.149842,-0.000796344,1,0,1,0,0,0.200526,0.000159687,-0.979688
0.920461,-0.0799839,0.149842,-0.000796344,1,0,1,0,0,0.200526,0.000159687,-0.979688
0.920453,-0.0699839,0.149842,-0.000796344,1,0,1,0,0,0.200526,0.000159687,-0.979688
0.920445,-0.0599839,0.149842,-0.000796344,1,0,1,0,0,0.200526,0.000159687,-0.979688
0.920437,-0.0499839,0.149842,-0.000796344,1,0,1,0,0,0.200526,0.000159687,-0.979688
0.920429,-0.0399839,0.149842,-0.000796344,1,0,1,0,0,0.200526,0.000159687,-0.979688
0.920421,-0.0299839,0.149842,-0.000796344,1,0,1,0,0,0.200526,0.000159687,-0.979688
0.930421,-0.029976,0.151889,-0.000796344,1,0,1,0,0,0.200526,0.000159687,-0.979688
0.940421,-0.029968,0.153936,-0.000796344,1,0,1,0,0,0.200526,0.000159687,-0.979688
0.950421,-0.0299601,0.155983,-0.000796344,1,0,1,0,0,0.200526,0.000159687,-0.979688
0.960421,-0.0299521,0.15803,-0.000796344,1,0,1,0,0,0.200526,0.000159687,-0.979688
0.970421,-0.0299442,0.159908,-0.000796344,1,0,1,0,0,0.173589,0.000138236,-0.984818
0.980421,-0.0299362,0.16167,-0.000796344,1,0,1,0,0,0.173589,0.000138236,-0.984818
0.990421,-0.0299283,0.163433,-0.000796344,1,0,1,0,0,0.173589,0.000138236,-0.984818
1.00042,-0.0299203,0.165196,-0.000796344,1,0,1,0,0,0.173589,0.000138236,-0.984818
1.01042,-0.0299124,0.166958,-0.000796344,1,0,1,0,0,0.173589,0.000138236,-0.984818
1.02042,-0.0299044,0.168721,-0.000796344,1,0,1,0,0,0.173589,0.000138236,-0.984818
1.03042,-0.0298965,0.170483,-0.000796344,1,0,1,0,0,0.173589,0.000138236,-0.984818
1.04042,-0.0298885,0.172246,-0.000796344,1,0,1,0,0,0.173589,0.000138236,-0.984818
1.05042,-0.0298806,0.173944,-0.000796344,1,0,1,0,0,0.146959,0.00011703,-0.989143
1.06042,-0.0298726,0.17543,-0.000796344,1,0,1,0,0,0.146959,0.00011703,-0.989143
1.07042,-0.0298647,0.176915,-0.000796344,1,0,1,0,0,0.146959,0.00011703,-0.989143
1.08042,-0.0298567,0.178401,-0.000796344,1,0,1,0,0,0.146959,0.00011703,-0.989143
1.09042,-0.0298488,0.179887,-0.000796344,1,0,1,0,0,0.146959,0.00011703,-0.989143
1.10042,-0.0298408,0.181372,-0.000796344,1,0,1,0,0,0.146959,0.00011703,-0.989143
1.11042,-0.0298329,0.182823,-0.000796344,1,0,1,0,0,0.114011,9.07921e-05,-0.993479
1.12042,-0.0298249,0.183971,-0.000796344,1,0,1,0,0,0.114011,9.07921e-05,-0.993479
1.13042,-0.029817,0.185118,-0.000796344,1,0,1,0,0,0.114011,9.07921e-05,-0.993479
1.14042,-0.029809,0.186266,-0.000796344,1,0,1,0,0,0.114011,9.07921e-05,-0.993479
1.15042,-0.0298011,0.187414,-0.000796344,1,0,1,0,0,0.114011,9.07921e-05,-0.993479
1.16042,-0.0297931,0.188503,-0.000796344,1,0,1,0,0,0.0718851,5.72453e-05,-0.997413
1.17042,-0.0297852,0.189224,-0.000796344,1,0,1,0,0,0.0718851,5.72453e-05,-0.997413
1.18042,-0.0297772,0.189944,-0.000796344,1,0,1,0,0,0.0718851,5.72453e-05,-0.997413
1.19042,-0.0297693,0.190665,-0.000796344,1,0,1,0,0,0.0718851,5.72453e-05,-0.997413
1.20042,-0.0297613,0.191386,-0.000796344,1,0,1,0,0,0.0718851,5.72453e-05,-0.997413
1.21042,-0.0297534,0.191991,-0.000796344,1,0,1,0,0,0.0275557,2.19438e-05,-0.99962
1.22042,-0.0297454,0.192266,-0.000796344,1,0,1,0,0,0.0275557,2.19438e-05,-0.99962
1.23042,-0.0297375,0.192542,-0.000796344,1,0,1,0,0,0.0275557,2.19438e-05,-0.99962
1.24042,-0.0297295,0.192818,-0.000796344,1,0,1,0,0,0.0275557,2.19438e-05,-0.99962
1.25042,-0.0297216,0.193093,-0.000796344,1,0,1,0,0,0.0275557,2.19438e-05,-0.99962
1.26042,-0.0297136,0.193172,-0.000796344,1,0,1,0,0,-0.0290405,-2.31262e-05,-0.999578
1.27042,-0.0297057,0.192882,-0.000796344,1,0,1,0,0,-0.0290405,-2.31262e-05,-0.999578
1.28042,-0.0296977,0.192591,-0.000796344,1,0,1,0,0,-0.0290405,-2.31262e-05,-0.999578
1.29042,-0.0296898,0.191815,-0.000796344,1,0,1,0,0,-0.100396,-7.99497e-05,-0.994948
1.30042,-0.0296818,0.190806,-0.000796344,1,0,1,0,0,-0.100396,-7.99497e-05,-0.994948
1.31042,-0.0296739,0.189472,-0.000796344,1,0,1,0,0,-0.17267,-0.000137505,-0.98498
1.32042,-0.0296659,0.187719,-0.000796344,1,0,1,0,0,-0.17267,-0.000137505,-0.98498
1.33042,-0.029658,0.185966,-0.000796344,1,0,1,0,0,-0.17267,-0.000137505,-0.98498
1.34042,-0.02965,0.183725,-0.000796344,1,0,1,0,0,-0.242731,-0.000193297,-0.970094
1.35042,-0.0296421,0.181223,-0.000796344,1,0,1,0,0,-0.242731,-0.000193297,-0.970094
1.36042,-0.0296341,0.178018,-0.000796344,1,0,1,0,0,-0.335729,-0.000267356,-0.941959
1.37042,-0.0296262,0.174454,-0.000796344,1,0,1,0,0,-0.335729,-0.000267356,-0.941959
1.38042,-0.0296182,0.170127,-0.000796344,1,0,1,0,0,-0.41534,-0.000330754,-0.909666
1.38041,-0.0196182,0.170127,-0.000796344,1,0,1,0,0,-0.41534,-0.000330754,-0.909666
1.38041,-0.00961823,0.170127,-0.000796344,1,0,1,0,0,-0.41534,-0.000330754,-0.909666
1.3804,0.000381766,0.170127,-0.000796344,1,0,1,0,0,-0.41534,-0.000330754,-0.909666
1.38039,0.0103818,0.170127,-0.000796344,1,0,1,0,0,-0.41534,-0.000330754,-0.909666
1.38038,0.0203818,0.170127,-0.000796344,1,0,1,0,0,-0.41534,-0.000330754,-0.909666
1.38037,0.0303818,0.170127,-0.000796344,1,0,1,0,0,-0.41534,-0.000330754,-0.909666
1.38037,0.0403818,0.170127,-0.000796344,1,0,1,0,0,-0.41534,-0.000330754,-0.909666
1.37037,0.0403738,0.174454,-0.000796344,1,0,1,0,0,-0.335729,-0.000267356,-0.941959
1.36037,0.0403659,0.178018,-0.000796344,1,0,1,0,0,-0.335729,-0.000267356,-0.941959
1.35037,0.0403579,0.181223,-0.000796344,1,0,1,0,0,-0.242731,-0.000193297,-0.970094
1.34037,0.04035,0.183725,-0.000796344,1,0,1,0,0,-0.242731,-0.000193297,-0.970094
1.33037,0.040342,0.185966,-0.000796344,1,0,1,0,0,-0.17267,-0.000137505,-0.98498
1.32037,0.0403341,0.187719,-0.000796344,1,0,1,0,0,-0.17267,-0.000137505,-0.98498
1.31037,0.0403261,0.189472,-0.000796344,1,0,1,0,0,-0.17267,-0.000137505,-0.98498
1.30037,0.0403182,0.190806,-0.000796344,1,0,1,0,0,-0.100396,-7.99497e-05,-0.994948
1.29037,0.0403102,0.191815,-0.000796344,1,0,1,0,0,-0.100396,-7.99497e-05,-0.994948
1.28037,0.0403023,0.192591,-0.000796344,1,0,1,0,0,-0.0290405,-2.31262e-05,-0.999578
1.27037,0.0402943,0.192882,-0.000796344,1,0,1,0,0,-0.0290405,-2.31262e-05,-0.999578
1.26037,0.0402864,0.193172,-0.000796344,1,0,1,0,0,-0.0290405,-2.31262e-05,-0.999578
1.25037,0.0402784,0.193093,-0.000796344,1,0,1,0,0,0.0275557,2.19438e-05,-0.99962
1.24037,0.0402705,0.192818,-0.000796344,1,0,1,0,0,0.0275557,2.19438e-05,-0.99962
1.23037,0.0402625,0.192542,-0.000796344,1,0,1,0,0,0.0275557,2.19438e-05,-0.99962
1.22037,0.0402546,0.192266,-0.000796344,1,0,1,0,0,0.0275557,2.19438e-05,-0.99962
1.21037,0.0402466,0.191991,-0.000796344,1,0,1,0,0,0.0275557,2.19438e-05,-0.99962
1.20037,0.0402387,0.191386,-0.000796344,1,0,1,0,0,0.0718851,5.72453e-05,-0.997413
1.19037,0.0402307,0.190665,-0.000796344,1,0,1,0,0,0.0718851,5.72453e-05,-0.997413
1.18037,0.0402228,0.189944,-0.000796344,1,0,1,0,0,0.0718851,5.72453e-05,-0.997413
1.17037,0.0402148,0.189224,-0.000796344,1,0,1,0,0,0.0718851,5.72453e-05,-0.997413
1.16037,0.0402068,0.188503,-0.000796344,1,0,1,0,0,0.0718851,5.72453e-05,-0.997413
1.15037,0.0401989,0.187414,-0.000796344,1,0,1,0,0,0.114011,9.07921e-05,-0.993479
1.14037,0.0401909,0.186266,-0.000796344,1,0,1,0,0,0.114011,9.07921e-05,-0.993479
1.13037,0.040183,0.185118,-0.000796344,1,0,1,0,0,0.114011,9.07921e-05,-0.993479
1.12037,0.040175,0.183971,-0.000796344,1,0,1,0,0,0.114011,9.07921e-05,-0.993479
1.11037,0.0401671,0.182823,-0.000796344,1,0,1,0,0,0.114011,9.07921e-05,-0.993479
1.10037,0.0401591,0.181373,-0.000796344,1,0,1,0,0,0.146959,0.00011703,-0.989143
1.09037,0.0401512,0.179887,-0.000796344,1,0,1,0,0,0.146959,0.00011703,-0.989143
1.08037,0.0401432,0.178401,-0.000796344,1,0,1,0,0,0.146959,0.00011703,-0.989143
1.07037,0.0401353,0.176915,-0.000796344,1,0,1,0,0,0.146959,0.00011703,-0.989143
1.06037,0.0401273,0.17543,-0.000796344,1,0,1,0,0,0.146959,0.00011703,-0.989143
1.05037,0.0401194,0.173944,-0.000796344,1,0,1,0,0,0.146959,0.00011703,-0.989143
1.04037,0.0401114,0.172246,-0.000796344,1,0,1,0,0,0.173589,0.000138236,-0.984818
1.03037,0.0401035,0.170483,-0.000796344,1,0,1,0,0,0.173589,0.000138236,-0.984818
1.02037,0.0400955,0.168721,-0.000796344,1,0,1,0,0,0.173589,0.000138236,-0.984818
1.01037,0.0400876,0.166958,-0.000796344,1,0,1,0,0,0.173589,0.000138236,-0.984818
1.00037,0.0400796,0.165196,-0.000796344,1,0,1,0,0,0.173589,0.000138236,-0.984818
0.990366,0.0400717,0.163433,-0.000796344,1,0,1,0,0,0.173589,0.000138236,-0.984818
0.980366,0.0400637,0.16167,-0.000796344,1,0,1,0,0,0.173589,0.000138236,-0.984818
0.970366,0.0400558,0.159908,-0.000796344,1,0,1,0,0,0.173589,0.000138236,-0.984818
0.960366,0.0400478,0.15803,-0.000796344,1,0,1,0,0,0.200526,0.000159687,-0.979688
0.950366,0.0400399,0.155983,-0.000796344,1,0,1,0,0,0.200526,0.000159687,-0.979688
0.940366,0.0400319,0.153936,-0.000796344,1,0,1,0,0,0.200526,0.000159687,-0.979688
0.930366,0.040024,0.151889,-0.000796344,1,0,1,0,0,0.200526,0.000159687,-0.979688
0.920366,0.040016,0.149842,-0.000796344,1,0,1,0,0,0.200526,0.000159687,-0.979688
0.920358,0.050016,0.149842,-0.000796344,1,0,1,0,0,0.200526,0.000159687,-0.979688
0.92035,0.060016,0.149842,-0.000796344,1,0,1,0,0,0.200526,0.000159687,-0.979688
0.920342,0.070016,0.149842,-0.000796344,1,0,1,0,0,0.200526,0.000159687,-0.979688
0.920334,0.080016,0.149842,-0.000796344,1,0,1,0,0,0.200526,0.000159687,-0.979688
0.920326,0.090016,0.149842,-0.000796344,1,0,1,0,0,0.200526,0.000159687,-0.979688
0.920318,0.100016,0.149842,-0.000796344,1,0,1,0,0,0.200526,0.000159687,-0.979688
0.92031,0.110016,0.149842,-0.000796344,1,0,1,0,0,0.200526,0.000159687,-0.979688
0.93031,0.110024,0.151889,-0.000796344,1,0,1,0,0,0.200526,0.000159687,-0.979688
0.94031,0.110032,0.153936,-0.000796344,1,0,1,0,0,0.200526,0.000159687,-0.979688
0.95031,0.11004,0.155983,-0.000796344,1,0,1,0,0,0.200526,0.000159687,-0.979688
0.96031,0.110048,0.15803,-0.000796344,1,0,1,0,0,0.200526,0.000159687,-0.979688
0.97031,0.110056,0.159908,-0.000796344,1,0,1,0,0,0.173589,0.000138236,-0.984818
0.98031,0.110064,0.16167,-0.000796344,1,0,1,0,0,0.173589,0.000138236,-0.984818
0.99031,0.110072,0.163433,-0.000796344,1,0,1,0,0,0.173589,0.000138236,-0.984818
1.00031,0.11008,0.165196,-0.000796344,1,0,1,0,0,0.173589,0.000138236,-0.984818
1.01031,0.110088,0.166958,-0.000796344,1,0,1,0,0,0.173589,0.000138236,-0.984818
1.02031,0.110096,0.168721,-0.000796344,1,0,1,0,0,0.173589,0.000138236,-0.984818
1.03031,0.110103,0.170483,-0.000796344,1,0,1,0,0,0.173589,0.000138236,-0.984818
1.04031,0.110111,0.172246,-0.000796344,1,0,1,0,0,0.173589,0.000138236,-0.984818
1.05031,0.110119,0.173944,-0.000796344,1,0,1,0,0,0.146959,0.00011703,-0.989143
1.06031,0.110127,0.17543,-0.000796344,1,0,1,0,0,0.146959,0.00011703,-0.989143
1.07031,0.110135,0.176915,-0.000796344,1,0,1,0,0,0.146959,0.00011703,-0.989143
1.08031,0.110143,0.178401,-0.000796344,1,0,1,0,0,0.146959,0.00011703,-0.989143
1.09031,0.110151,0.179887,-0.000796344,1,0,1,0,0,0.146959,0.00011703,-0.989143
1.10031,0.110159,0.181373,-0.000796344,1,0,1,0,0,0.146959,0.00011703,-0.989143
1.11031,0.110167,0.182823,-0.000796344,1,0,1,0,0,0.114011,9.07921e-05,-0.993479
1.12031,0.110175,0.183971,-0.000796344,1,0,1,0,0,0.114011,9.07921e-05,-0.993479
1.13031,0.110183,0.185118,-0.000796344,1,0,1,0,0,0.114011,9.07921e-05,-0.993479
1.14031,0.110191,0.186266,-0.000796344,1,0,1,0,0,0.114011,9.07921e-05,-0.993479
1.15031,0.110199,0.187414,-0.000796344,1,0,1,0,0,0.114011,9.07921e-05,-0.993479
1.16031,0.110207,0.188503,-0.000796344,1,0,1,0,0,0.0718851,5.72453e-05,-0.997413
1.17031,0.110215,0.189224,-0.000796344,1,0,1,0,0,0.0718851,5.72453e-05,-0.997413
1.18031,0.110223,0.189944,-0.000796344,1,0,1,0,0,0.0718851,5.72453e-05,-0.997413
1.19031,0.110231,0.190665,-0.000796344,1,0,1,0,0,0.0718851,5.72453e-05,-0.997413
1.20031,0.110239,0.191386,-0.000796344,1,0,1,0,0,0.0718851,5.72453e-05,-0.997413
1.21031,0.110247,0.191991,-0.000796344,1,0,1,0,0,0.0275557,2.19438e-05,-0.99962
1.22031,0.110255,0.192266,-0.000796344,1,0,1,0,0,0.0275557,2.19438e-05,-0.99962
1.23031,0.110262,0.192542,-0.000796344,1,0,1,0,0,0.0275557,2.19438e-05,-0.99962
1.24031,0.11027,0.192818,-0.000796344,1,0,1,0,0,0.0275557,2.19438e-05,-0.99962
1.25031,0.110278,0.193093,-0.000796344,1,0,1,0,0,0.0275557,2.19438e-05,-0.99962
1.26031,0.110286,0.193172,-0.000796344,1,0,1,0,0,-0.0290405,-2.31262e-05,-0.999578
1.27031,0.110294,0.192882,-0.000796344,1,0,1,0,0,-0.0290405,-2.31262e-05,-0.999578
1.28031,0.110302,0.192591,-0.000796344,1,0,1,0,0,-0.0290405,-2.31262e-05,-0.999578
1.29031,0.11031,0.191815,-0.000796344,1,0,1,0,0,-0.100396,-7.99497e-05,-0.994948
1.30031,0.110318,0.190806,-0.000796344,1,0,1,0,0,-0.100396,-7.99497e-05,-0.994948
1.31031,0.110326,0.189472,-0.000796344,1,0,1,0,0,-0.17267,-0.000137505,-0.98498
1.32031,0.110334,0.187719,-0.000796344,1,0,1,0,0,-0.17267,-0.000137505,-0.98498
1.33031,0.110342,0.185966,-0.000796344,1,0,1,0,0,-0.17267,-0.000137505,-0.98498
1.34031,0.11035,0.183725,-0.000796344,1,0,1,0,0,-0.242731,-0.000193297,-0.970094
1.35031,0.110358,0.181223,-0.000796344,1,0,1,0,0,-0.242731,-0.000193297,-0.970094
1.36031,0.110366,0.178018,-0.000796344,1,0,1,0,0,-0.335729,-0.000267356,-0.941959
1.37031,0.110374,0.174454,-0.000796344,1,0,1,0,0,-0.335729,-0.000267356,-0.941959
1.38031,0.110382,0.170127,-0.000796344,1,0,1,0,0,-0.41534,-0.000330754,-0.909666
1.3803,0.120382,0.170127,-0.000796344,1,0,1,0,0,-0.41534,-0.000330754,-0.909666
1.38029,0.130382,0.170127,-0.000796344,1,0,1,0,0,-0.41534,-0.000330754,-0.909666
1.38029,0.140382,0.170127,-0.000796344,1,0,1,0,0,-0.41534,-0.000330754,-0.909666
1.38028,0.150382,0.170127,-0.000796344,1,0,1,0,0,-0.41534,-0.000330754,-0.909666
1.38027,0.160382,0.170127,-0.000796344,1,0,1,0,0,-0.41534,-0.000330754,-0.909666
1.38026,0.170382,0.170127,-0.000796344,1,0,1,0,0,-0.41534,-0.000330754,-0.909666
1.38025,0.180382,0.170127,-0.000796344,1,0,1,0,0,-0.41534,-0.000330754,-0.909666
1.37025,0.180374,0.174454,-0.000796344,1,0,1,0,0,-0.335729,-0.000267356,-0.941959
1.36025,0.180366,0.178018,-0.000796344,1,0,1,0,0,-0.335729,-0.000267356,-0.941959
1.35025,0.180358,0.181223,-0.000796344,1,0,1,0,0,-0.242731,-0.000193297,-0.970094
1.34025,0.18035,0.183725,-0.000796344,1,0,1,0,0,-0.242731,-0.000193297,-0.970094
1.33025,0.180342,0.185966,-0.000796344,1,0,1,0,0,-0.17267,-0.000137505,-0.98498
1.32025,0.180334,0.187719,-0.000796344,1,0,1,0,0,-0.17267,-0.000137505,-0.98498
1.31025,0.180326,0.189472,-0.000796344,1,0,1,0,0,-0.17267,-0.000137505,-0.98498
1.30025,0.180318,0.190806,-0.000796344,1,0,1,0,0,-0.100396,-7.99497e-05,-0.994948
1.29025,0.18031,0.191815,-0.000796344,1,0,1,0,0,-0.100396,-7.99497e-05,-0.994948
1.28025,0.180302,0.192591,-0.000796344,1,0,1,0,0,-0.0290405,-2.31262e-05,-0.999578
1.27025,0.180294,0.192882,-0.000796344,1,0,1,0,0,-0.0290405,-2.31262e-05,-0.999578
1.26025,0.180286,0.193172,-0.000796344,1,0,1,0,0,-0.0290405,-2.31262e-05,-0.999578
1.25025,0.180278,0.193093,-0.000796344,1,0,1,0,0,0.0275557,2.19438e-05,-0.99962
1.24025,0.18027,0.192818,-0.000796344,1,0,1,0,0,0.0275557,2.19438e-05,-0.99962
1.23025,0.180262,0.192542,-0.000796344,1,0,1,0,0,0.0275557,2.19438e-05,-0.99962
1.22025,0.180255,0.192266,-0.000796344,1,0,1,0,0,0.0275557,2.19438e-05,-0.99962
1.21025,0.180247,0.191991,-0.000796344,1,0,1,0,0,0.0275557,2.19438e-05,-0.99962
1.20025,0.180239,0.191386,-0.000796344,1,0,1,0,0,0.0718851,5.72453e-05,-0.997413
1.19025,0.180231,0.190665,-0.000796344,1,0,1,0,0,0.0718851,5.72453e-05,-0.997413
1.18025,0.180223,0.189944,-0.000796344,1,0,1,0,0,0.0718851,5.72453e-05,-0.997413
1.17025,0.180215,0.189224,-0.000796344,1,0,1,0,0,0.0718851,5.72453e-05,-0.997413
1.16025,0.180207,0.188503,-0.000796344,1,0,1,0,0,0.0718851,5.72453e-05,-0.997413
1.15025,0.180199,0.187414,-0.000796344,1,0,1,0,0,0.114011,9.07921e-05,-0.993479
1.14025,0.180191,0.186266,-0.000796344,1,0,1,0,0,0.114011,9.07921e-05,-0.993479
1.13025,0.180183,0.185118,-0.000796344,1,0,1,0,0,0.114011,9.07921e-05,-0.993479
1.12025,0.180175,0.183971,-0.000796344,1,0,1,0,0,0.114011,9.07921e-05,-0.993479
1.11025,0.180167,0.182823,-0.000796344,1,0,1,0,0,0.114011,9.07921e-05,-0.993479
1.10025,0.180159,0.181373,-0.000796344,1,0,1,0,0,0.146959,0.00011703,-0.989143
1.09025,0.180151,0.179887,-0.000796344,1,0,1,0,0,0.146959,0.00011703,-0.989143
1.08025,0.180143,0.178401,-0.000796344,1,0,1,0,0,0.146959,0.00011703,-0.989143
1.07025,0.180135,0.176915,-0.000796344,1,0,1,0,0,0.146959,0.00011703,-0.989143
1.06025,0.180127,0.17543,-0.000796344,1,0,1,0,0,0.146959,0.00011703,-0.989143
1.05025,0.180119,0.173944,-0.000796344,1,0,1,0,0,0.146959,0.00011703,-0.989143
1.04025,0.180111,0.172246,-0.000796344,1,0,1,0,0,0.173589,0.000138236,-0.984818
1.03025,0.180103,0.170484,-0.000796344,1,0,1,0,0,0.173589,0.000138236,-0.984818
1.02025,0.180096,0.168721,-0.000796344,1,0,1,0,0,0.173589,0.000138236,-0.984818
1.01025,0.180088,0.166958,-0.000796344,1,0,1,0,0,0.173589,0.000138236,-0.984818
1.00025,0.18008,0.165196,-0.000796344,1,0,1,0,0,0.173589,0.000138236,-0.984818
0.990254,0.180072,0.163433,-0.000796344,1,0,1,0,0,0.173589,0.000138236,-0.984818
0.980254,0.180064,0.16167,-0.000796344,1,0,1,0,0,0.173589,0.000138236,-0.984818
0.970254,0.180056,0.159908,-0.000796344,1,0,1,0,0,0.173589,0.000138236,-0.984818
0.960254,0.180048,0.15803,-0.000796344,1,0,1,0,0,0.200526,0.000159687,-0.979688
0.950254,0.18004,0.155983,-0.000796344,1,0,1,0,0,0.200526,0.000159687,-0.979688
0.940254,0.180032,0.153936,-0.000796344,1,0,1,0,0,0.200526,0.000159687,-0.979688
0.930254,0.180024,0.151889,-0.000796344,1,0,1,0,0,0.200526,0.000159687,-0.979688
0.920254,0.180016,0.149842,-0.000796344,1,0,1,0,0,0.200526,0.000159687,-0.979688
0.920246,0.190016,0.149842,-0.000796344,1,0,1,0,0,0.200526,0.000159687,-0.979688
0.920238,0.200016,0.149842,-0.000796344,1,0,1,0,0,0.200526,0.000159687,-0.979688
0.920231,0.210016,0.149842,-0.000796344,1,0,1,0,0,0.200526,0.000159687,-0.979688
0.920223,0.220016,0.149842,-0.000796344,1,0,1,0,0,0.200526,0.000159687,-0.979688
0.920215,0.230016,0.149842,-0.000796344,1,0,1,0,0,0.200526,0.000159687,-0.979688
0.920207,0.240016,0.149842,-0.000796344,1,0,1,0,0,0.200526,0.000159687,-0.979688
0.920199,0.250016,0.149842,-0.000796344,1,0,1,0,0,0.200526,0.000159687,-0.979688
0.930199,0.250024,0.151889,-0.000796344,1,0,1,0,0,0.200526,0.000159687,-0.979688
0.940199,0.250032,0.153936,-0.000796344,1,0,1,0,0,0.200526,0.000159687,-0.979688
0.950199,0.25004,0.155983,-0.000796344,1,0,1,0,0,0.200526,0.000159687,-0.979688
0.960199,0.250048,0.15803,-0.000796344,1,0,1,0,0,0.200526,0.000159687,-0.979688
0.970199,0.250056,0.159908,-0.000796344,1,0,1,0,0,0.173589,0.000138236,-0.984818
0.980199,0.250064,0.16167,-0.000796344,1,0,1,0,0,0.173589,0.000138236,-0.984818
0.990199,0.250072,0.163433,-0.000796344,1,0,1,0,0,0.173589,0.000138236,-0.984818
1.0002,0.25008,0.165196,-0.000796344,1,0,1,0,0,0.173589,0.000138236,-0.984818
1.0102,0.250088,0.166958,-0.000796344,1,0,1,0,0,0.173589,0.000138236,-0.984818
1.0202,0.250095,0.168721,-0.000796344,1,0,1,0,0,0.173589,0.000138236,-0.984818
1.0302,0.250103,0.170484,-0.000796344,1,0,1,0,0,0.173589,0.000138236,-0.984818
1.0402,0.250111,0.172246,-0.000796344,1,0,1,0,0,0.173589,0.000138236,-0.984818
1.0502,0.250119,0.173944,-0.000796344,1,0,1,0,0,0.146959,0.00011703,-0.989143
1.0602,0.250127,0.17543,-0.000796344,1,0,1,0,0,0.146959,0.00011703,-0.989143
1.0702,0.250135,0.176915,-0.000796344,1,0,1,0,0,0.146959,0.00011703,-0.989143
1.0802,0.250143,0.178401,-0.000796344,1,0,1,0,0,0.146959,0.00011703,-0.989143
1.0902,0.250151,0.179887,-0.000796344,1,0,1,0,0,0.146959,0.00011703,-0.989143
1.1002,0.250159,0.181373,-0.000796344,1,0,1,0,0,0.146959,0.00011703,-0.989143
1.1102,0.250167,0.182823,-0.000796344,1,0,1,0,0,0.114011,9.07921e-05,-0.993479
1.1202,0.250175,0.183971,-0.000796344,1,0,1,0,0,0.114011,9.07921e-05,-0.993479
1.1302,0.250183,0.185118,-0.000796344,1,0,1,0,0,0.114011,9.07921e-05,-0.993479
1.1402,0.250191,0.186266,-0.000796344,1,0,1,0,0,0.114011,9.07921e-05,-0.993479
1.1502,0.250199,0.187414,-0.000796344,1,0,1,0,0,0.114011,9.07921e-05,-0.993479
1.1602,0.250207,0.188503,-0.000796344,1,0,1,0,0,0.0718851,5.72453e-05,-0.997413
1.1702,0.250215,0.189224,-0.000796344,1,0,1,0,0,0.0718851,5.72453e-05,-0.997413
1.1802,0.250223,0.189944,-0.000796344,1,0,1,0,0,0.0718851,5.72453e-05,-0.997413
1.1902,0.250231,0.190665,-0.000796344,1,0,1,0,0,0.0718851,5.72453e-05,-0.997413
1.2002,0.250239,0.191386,-0.000796344,1,0,1,0,0,0.0718851,5.72453e-05,-0.997413
1.2102,0.250247,0.191991,-0.000796344,1,0,1,0,0,0.0275557,2.19438e-05,-0.99962
1.2202,0.250254,0.192266,-0.000796344,1,0,1,0,0,0.0275557,2.19438e-05,-0.99962
1.2302,0.250262,0.192542,-0.000796344,1,0,1,0,0,0.0275557,2.19438e-05,-0.99962
1.2402,0.25027,0.192818,-0.000796344,1,0,1,0,0,0.0275557,2.19438e-05,-0.99962
1.2502,0.250278,0.193093,-0.000796344,1,0,1,0,0,0.0275557,2.19438e-05,-0.99962
1.2602,0.250286,0.193172,-0.000796344,1,0,1,0,0,-0.0290405,-2.31262e-05,-0.999578
1.2702,0.250294,0.192882,-0.000796344,1,0,1,0,0,-0.0290405,-2.31262e-05,-0.999578
1.2802,0.250302,0.192591,-0.000796344,1,0,1,0,0,-0.0290405,-2.31262e-05,-0.999578
1.2902,0.25031,0.191815,-0.000796344,1,0,1,0,0,-0.100396,-7.99497e-05,-0.994948
1.3002,0.250318,0.190806,-0.000796344,1,0,1,0,0,-0.100396,-7.99497e-05,-0.994948
1.3102,0.250326,0.189472,-0.000796344,1,0,1,0,0,-0.17267,-0.000137505,-0.98498
1.3202,0.250334,0.187719,-0.000796344,1,0,1,0,0,-0.17267,-0.000137505,-0.98498
1.3302,0.250342,0.185966,-0.000796344,1,0,1,0,0,-0.17267,-0.000137505,-0.98498
1.3402,0.25035,0.183725,-0.000796344,1,0,1,0,0,-0.242731,-0.000193297,-0.970094
1.3502,0.250358,0.181223,-0.000796344,1,0,1,0,0,-0.242731,-0.000193297,-0.970094
1.3602,0.250366,0.178018,-0.000796344,1,0,1,0,0,-0.335729,-0.000267356,-0.941959
1.3702,0.250374,0.174454,-0.000796344,1,0,1,0,0,-0.335729,-0.000267356,-0.941959
1.3802,0.250382,0.170127,-0.000796344,1,0,1,0,0,-0.41534,-0.000330754,-0.909666
1.38019,0.260382,0.170127,-0.000796344,1,0,1,0,0,-0.41534,-0.000330754,-0.909666
1.38018,0.270382,0.170127,-0.000796344,1,0,1,0,0,-0.41534,-0.000330754,-0.909666
1.38017,0.280382,0.170127,-0.000796344,1,0,1,0,0,-0.41534,-0.000330754,-0.909666
1.38017,0.290382,0.170127,-0.000796344,1,0,1,0,0,-0.41534,-0.000330754,-0.909666
1.38016,0.300382,0.170127,-0.000796344,1,0,1,0,0,-0.41534,-0.000330754,-0.909666
1.38015,0.310382,0.170127,-0.000796344,1,0,1,0,0,-0.41534,-0.000330754,-0.909666
1.38014,0.320382,0.170127,-0.000796344,1,0,1,0,0,-0.41534,-0.000330754,-0.909666
1.37014,0.320374,0.174454,-0.000796344,1,0,1,0,0,-0.335729,-0.000267356,-0.941959
1.36014,0.320366,0.178018,-0.000796344,1,0,1,0,0,-0.335729,-0.000267356,-0.941959
1.35014,0.320358,0.181223,-0.000796344,1,0,1,0,0,-0.242731,-0.000193297,-0.970094
1.34014,0.32035,0.183725,-0.000796344,1,0,1,0,0,-0.242731,-0.000193297,-0.970094
1.33014,0.320342,0.185966,-0.000796344,1,0,1,0,0,-0.17267,-0.000137505,-0.98498
1.32014,0.320334,0.187719,-0.000796344,1,0,1,0,0,-0.17267,-0.000137505,-0.98498
1.31014,0.320326,0.189472,-0.000796344,1,0,1,0,0,-0.17267,-0.000137505,-0.98498
1.30014,0.320318,0.190806,-0.000796344,1,0,1,0,0,-0.100396,-7.99497e-05,-0.994948
1.29014,0.32031,0.191815,-0.000796344,1,0,1,0,0,-0.100396,-7.99497e-05,-0.994948
1.28014,0.320302,0.192591,-0.000796344,1,0,1,0,0,-0.0290405,-2.31262e-05,-0.999578
1.27014,0.320294,0.192882,-0.000796344,1,0,1,0,0,-0.0290405,-2.31262e-05,-0.999578
1.26014,0.320286,0.193172,-0.000796344,1,0,1,0,0,-0.0290405,-2.31262e-05,-0.999578
1.25014,0.320278,0.193093,-0.000796344,1,0,1,0,0,0.0275557,2.19438e-05,-0.99962
1.24014,0.32027,0.192818,-0.000796344,1,0,1,0,0,0.0275557,2.19438e-05,-0.99962
1.23014,0.320262,0.192542,-0.000796344,1,0,1,0,0,0.0275557,2.19438e-05,-0.99962
1.22014,0.320254,0.192266,-0.000796344,1,0,1,0,0,0.0275557,2.19438e-05,-0.99962
1.21014,0.320247,0.191991,-0.000796344,1,0,1,0,0,0.0275557,2.19438e-05,-0.99962
1.20014,0.320239,0.191386,-0.000796344,1,0,1,0,0,0.0718851,5.72453e-05,-0.997413
1.19014,0.320231,0.190665,-0.000796344,1,0,1,0,0,0.0718851,5.72453e-05,-0.997413
1.18014,0.320223,0.189944,-0.000796344,1,0,1,0,0,0.0718851,5.72453e-05,-0.997413
1.17014,0.320215,0.189224,-0.000796344,1,0,1,0,0,0.0718851,5.72453e-05,-0.997413
1.16014,0.320207,0.188503,-0.000796344,1,0,1,0,0,0.0718851,5.72453e-05,-0.997413
1.15014,0.320199,0.187414,-0.000796344,1,0,1,0,0,0.114011,9.07921e-05,-0.993479
1.14014,0.320191,0.186266,-0.000796344,1,0,1,0,0,0.114011,9.07921e-05,-0.993479
1.13014,0.320183,0.185118,-0.000796344,1,0,1,0,0,0.114011,9.07921e-05,-0.993479
1.12014,0.320175,0.183971,-0.000796344,1,0,1,0,0,0.114011,9.07921e-05,-0.993479
1.11014,0.320167,0.182823,-0.000796344,1,0,1,0,0,0.114011,9.07921e-05,-0.993479
1.10014,0.320159,0.181373,-0.000796344,1,0,1,0,0,0.146959,0.00011703,-0.989143
1.09014,0.320151,0.179887,-0.000796344,1,0,1,0,0,0.146959,0.00011703,-0.989143
1.08014,0.320143,0.178401,-0.000796344,1,0,1,0,0,0.146959,0.00011703,-0.989143
1.07014,0.320135,0.176915,-0.000796344,1,0,1,0,0,0.146959,0.00011703,-0.989143
1.06014,0.320127,0.17543,-0.000796344,1,0,1,0,0,0.146959,0.00011703,-0.989143
1.05014,0.320119,0.173944,-0.000796344,1,0,1,0,0,0.146959,0.00011703,-0.989143
1.04014,0.320111,0.172246,-0.000796344,1,0,1,0,0,0.173589,0.000138236,-0.984818
1.03014,0.320103,0.170484,-0.000796344,1,0,1,0,0,0.173589,0.000138236,-0.984818
1.02014,0.320095,0.168721,-0.000796344,1,0,1,0,0,0.173589,0.000138236,-0.984818
1.01014,0.320088,0.166958,-0.000796344,1,0,1,0,0,0.173589,0.000138236,-0.984818
1.00014,0.32008,0.165196,-0.000796344,1,0,1,0,0,0.173589,0.000138236,-0.984818
0.990143,0.320072,0.163433,-0.000796344,1,0,1,0,0,0.173589,0.000138236,-0.984818
0.980143,0.320064,0.16167,-0.000796344,1,0,1,0,0,0.173589,0.000138236,-0.984818
0.970143,0.320056,0.159908,-0.000796344,1,0,1,0,0,0.173589,0.000138236,-0.984818
0.960143,0.320048,0.15803,-0.000796344,1,0,1,0,0,0.200526,0.000159687,-0.979688
0.950143,0.32004,0.155983,-0.000796344,1,0,1,0,0,0.200526,0.000159687,-0.979688
0.940143,0.320032,0.153936,-0.000796344,1,0,1,0,0,0.200526,0.000159687,-0.979688
0.930143,0.320024,0.151889,-0.000796344,1,0,1,0,0,0.200526,0.000159687,-0.979688
0.920143,0.320016,0.149842,-0.000796344,1,0,1,0,0,0.200526,0.000159687,-0.979688
0.920135,0.330016,0.149842,-0.000796344,1,0,1,0,0,0.200526,0.000159687,-0.979688
0.920127,0.340016,0.149842,-0.000796344,1,0,1,0,0,0.200526,0.000159687,-0.979688
0.920119,0.350016,0.149842,-0.000796344,1,0,1,0,0,0.200526,0.000159687,-0.979688
0.920111,0.360016,0.149842,-0.000796344,1,0,1,0,0,0.200526,0.000159687,-0.979688
0.920103,0.370016,0.149842,-0.000796344,1,0,1,0,0,0.200526,0.000159687,-0.979688
0.920095,0.380016,0.149842,-0.000796344,1,0,1,0,0,0.200526,0.000159687,-0.979688
0.920087,0.390016,0.149842,-0.000796344,1,0,1,0,0,0.200526,0.000159687,-0.979688
0.930087,0.390024,0.151889,-0.000796344,1,0,1,0,0,0.200526,0.000159687,-0.979688
0.940087,0.390032,0.153936,-0.000796344,1,0,1,0,0,0.200526,0.000159687,-0.979688
0.950087,0.39004,0.155983,-0.000796344,1,0,1,0,0,0.200526,0.000159687,-0.979688
0.960087,0.390048,0.15803,-0.000796344,1,0,1,0,0,0.200526,0.000159687,-0.979688
0.970087,0.390056,0.159908,-0.000796344,1,0,1,0,0,0.173589,0.000138236,-0.984818
0.980087,0.390064,0.16167,-0.000796344,1,0,1,0,0,0.173589,0.000138236,-0.984818
0.990087,0.390072,0.163433,-0.000796344,1,0,1,0,0,0.173589,0.000138236,-0.984818
1.00009,0.39008,0.165196,-0.000796344,1,0,1,0,0,0.173589,0.000138236,-0.984818
1.01009,0.390087,0.166958,-0.000796344,1,0,1,0,0,0.173589,0.000138236,-0.984818
1.02009,0.390095,0.168721,-0.000796344,1,0,1,0,0,0.173589,0.000138236,-0.984818
1.03009,0.390103,0.170484,-0.000796344,1,0,1,0,0,0.173589,0.000138236,-0.984818
1.04009,0.390111,0.172246,-0.000796344,1,0,1,0,0,0.173589,0.000138236,-0.984818
1.05009,0.390119,0.173944,-0.000796344,1,0,1,0,0,0.146959,0.00011703,-0.989143
1.06009,0.390127,0.17543,-0.000796344,1,0,1,0,0,0.146959,0.00011703,-0.989143
1.07009,0.390135,0.176915,-0.000796344,1,0,1,0,0,0.146959,0.00011703,-0.989143
1.08009,0.390143,0.178401,-0.000796344,1,0,1,0,0,0.146959,0.00011703,-0.989143
1.09009,0.390151,0.179887,-0.000796344,1,0,1,0,0,0.146959,0.00011703,-0.989143
1.10009,0.390159,0.181373,-0.000796344,1,0,1,0,0,0.146959,0.00011703,-0.989143
1.11009,0.390167,0.182823,-0.000796344,1,0,1,0,0,0.114011,9.07921e-05,-0.993479
1.12009,0.390175,0.183971,-0.000796344,1,0,1,0,0,0.114011,9.07921e-05,-0.993479
1.13009,0.390183,0.185118,-0.000796344,1,0,1,0,0,0.114011,9.07921e-05,-0.993479
1.14009,0.390191,0.186266,-0.000796344,1,0,1,0,0,0.114011,9.07921e-05,-0.993479
1.15009,0.390199,0.187414,-0.000796344,1,0,1,0,0,0.114011,9.07921e-05,-0.993479
1.16009,0.390207,0.188503,-0.000796344,1,0,1,0,0,0.0718851,5.72453e-05,-0.997413
1.17009,0.390215,0.189224,-0.000796344,1,0,1,0,0,0.0718851,5.72453e-05,-0.997413
1.18009,0.390223,0.189944,-0.000796344,1,0,1,0,0,0.0718851,5.72453e-05,-0.997413
1.19009,0.390231,0.190665,-0.000796344,1,0,1,0,0,0.0718851,5.72453e-05,-0.997413
1.20009,0.390239,0.191386,-0.000796344,1,0,1,0,0,0.0718851,5.72453e-05,-0.997413
1.21009,0.390246,0.191991,-0.000796344,1,0,1,0,0,0.0275557,2.19438e-05,-0.99962
1.22009,0.390254,0.192266,-0.000796344,1,0,1,0,0,0.0275557,2.19438e-05,-0.99962
1.23009,0.390262,0.192542,-0.000796344,1,0,1,0,0,0.0275557,2.19438e-05,-0.99962
1.24009,0.39027,0.192818,-0.000796344,1,0,1,0,0,0.0275557,2.19438e-05,-0.99962
1.25009,0.390278,0.193093,-0.000796344,1,0,1,0,0,0.0275557,2.19438e-05,-0.99962
1.26009,0.390286,0.193172,-0.000796344,1,0,1,0,0,-0.0290405,-2.31262e-05,-0.999578
1.27009,0.390294,0.192882,-0.000796344,1,0,1,0,0,-0.0290405,-2.31262e-05,-0.999578
1.28009,0.390302,0.192591,-0.000796344,1,0,1,0,0,-0.0290405,-2.31262e-05,-0.999578
1.29009,0.39031,0.191815,-0.000796344,1,0,1,0,0,-0.100396,-7.99497e-05,-0.994948
1.30009,0.390318,0.190806,-0.000796344,1,0,1,0,0,-0.100396,-7.99497e-05,-0.994948
1.31009,0.390326,0.189472,-0.000796344,1,0,1,0,0,-0.17267,-0.000137505,-0.98498
1.32009,0.390334,0.187719,-0.000796344,1,0,1,0,0,-0.17267,-0.000137505,-0.98498
1.33009,0.390342,0.185965,-0.000796344,1,0,1,0,0,-0.17267,-0.000137505,-0.98498
1.34009,0.39035,0.183725,-0.000796344,1,0,1,0,0,-0.242731,-0.000193297,-0.970094
1.35009,0.390358,0.181223,-0.000796344,1,0,1,0,0,-0.242731,-0.000193297,-0.970094
1.36009,0.390366,0.178018,-0.000796344,1,0,1,0,0,-0.335729,-0.000267356,-0.941959
1.37009,0.390374,0.174454,-0.000796344,1,0,1,0,0,-0.335729,-0.000267356,-0.941959
1.38009,0.390382,0.170127,-0.000796344,1,0,1,0,0,-0.41534,-0.000330754,-0.909666
1.38008,0.400382,0.170127,-0.000796344,1,0,1,0,0,-0.41534,-0.000330754,-0.909666
1.38007,0.410382,0.170127,-0.000796344,1,0,1,0,0,-0.41534,-0.000330754,-0.909666
1.38006,0.420382,0.170127,-0.000796344,1,0,1,0,0,-0.41534,-0.000330754,-0.909666
1.38006,0.430382,0.170127,-0.000796344,1,0,1,0,0,-0.41534,-0.000330754,-0.909666
1.38005,0.440382,0.170127,-0.000796344,1,0,1,0,0,-0.41534,-0.000330754,-0.909666
1.38004,0.450382,0.170127,-0.000796344,1,0,1,0,0,-0.41534,-0.000330754,-0.909666
1.38003,0.460382,0.170127,-0.000796344,1,0,1,0,0,-0.41534,-0.000330754,-0.909666
1.37003,0.460374,0.174454,-0.000796344,1,0,1,0,0,-0.335729,-0.000267356,-0.941959
1.36003,0.460366,0.178018,-0.000796344,1,0,1,0,0,-0.335729,-0.000267356,-0.941959
1.35003,0.460358,0.181223,-0.000796344,1,0,1,0,0,-0.242731,-0.000193297,-0.970094
1.34003,0.46035,0.183725,-0.000796344,1,0,1,0,0,-0.242731,-0.000193297,-0.970094
1.33003,0.460342,0.185965,-0.000796344,1,0,1,0,0,-0.17267,-0.000137505,-0.98498
1.32003,0.460334,0.187719,-0.000796344,1,0,1,0,0,-0.17267,-0.000137505,-0.98498
1.31003,0.460326,0.189472,-0.000796344,1,0,1,0,0,-0.17267,-0.000137505,-0.98498
1.30003,0.460318,0.190806,-0.000796344,1,0,1,0,0,-0.100396,-7.99497e-05,-0.994948
1.29003,0.46031,0.191815,-0.000796344,1,0,1,0,0,-0.100396,-7.99497e-05,-0.994948
1.28003,0.460302,0.192591,-0.000796344,1,0,1,0,0,-0.0290405,-2.31262e-05,-0.999578
1.27003,0.460294,0.192882,-0.000796344,1,0,1,0,0,-0.0290405,-2.31262e-05,-0.999578
1.26003,0.460286,0.193172,-0.000796344,1,0,1,0,0,-0.0290405,-2.31262e-05,-0.999578
1.25003,0.460278,0.193093,-0.000796344,1,0,1,0,0,0.0275557,2.19438e-05,-0.99962
1.24003,0.46027,0.192818,-0.000796344,1,0,1,0,0,0.0275557,2.19438e-05,-0.99962
1.23003,0.460262,0.192542,-0.000796344,1,0,1,0,0,0.0275557,2.19438e-05,-0.99962
1.22003,0.460254,0.192266,-0.000796344,1,0,1,0,0,0.0275557,2.19438e-05,-0.99962
1.21003,0.460246,0.191991,-0.000796344,1,0,1,0,0,0.0275557,2.19438e-05,-0.99962
1.20003,0.460239,0.191386,-0.000796344,1,0,1,0,0,0.0718851,5.72453e-05,-0.997413
1.19003,0.460231,0.190665,-0.000796344,1,0,1,0,0,0.0718851,5.72453e-05,-0.997413
1.18003,0.460223,0.189944,-0.000796344,1,0,1,0,0,0.0718851,5.72453e-05,-0.997413
1.17003,0.460215,0.189224,-0.000796344,1,0,1,0,0,0.0718851,5.72453e-05,-0.997413
1.16003,0.460207,0.188503,-0.000796344,1,0,1,0,0,0.0718851,5.72453e-05,-0.997413
1.15003,0.460199,0.187414,-0.000796344,1,0,1,0,0,0.114011,9.07921e-05,-0.993479
1.14003,0.460191,0.186266,-0.000796344,1,0,1,0,0,0.114011,9.07921e-05,-0.993479
1.13003,0.460183,0.185118,-0.000796344,1,0,1,0,0,0.114011,9.07921e-05,-0.993479
1.12003,0.460175,0.183971,-0.000796344,1,0,1,0,0,0.114011,9.07921e-05,-0.993479
1.11003,0.460167,0.182823,-0.000796344,1,0,1,0,0,0.114011,9.07921e-05,-0.993479
1.10003,0.460159,0.181373,-0.000796344,1,0,1,0,0,0.146959,0.00011703,-0.989143
1.09003,0.460151,0.179887,-0.000796344,1,0,1,0,0,0.146959,0.00011703,-0.989143
1.08003,0.460143,0.178401,-0.000796344,1,0,1,0,0,0.146959,0.00011703,-0.989143
1.07003,0.460135,0.176915,-0.000796344,1,0,1,0,0,0.146959,0.00011703,-0.989143
1.06003,0.460127,0.17543,-0.000796344,1,0,1,0,0,0.146959,0.00011703,-0.989143
1.05003,0.460119,0.173944,-0.000796344,1,0,1,0,0,0.146959,0.00011703,-0.989143
1.04003,0.460111,0.172246,-0.000796344,1,0,1,0,0,0.173589,0.000138236,-0.984818
1.03003,0.460103,0.170484,-0.000796344,1,0,1,0,0,0.173589,0.000138236,-0.984818
1.02003,0.460095,0.168721,-0.000796344,1,0,1,0,0,0.173589,0.000138236,-0.984818
1.01003,0.460087,0.166958,-0.000796344,1,0,1,0,0,0.173589,0.000138236,-0.984818
1.00003,0.46008,0.165196,-0.000796344,1,0,1,0,0,0.173589,0.000138236,-0.984818
0.990032,0.460072,0.163433,-0.000796344,1,0,1,0,0,0.173589,0.000138236,-0.984818
0.980032,0.460064,0.16167,-0.000796344,1,0,1,0,0,0.173589,0.000138236,-0.984818
0.970032,0.460056,0.159908,-0.000796344,1,0,1,0,0,0.173589,0.000138236,-0.984818
0.960032,0.460048,0.15803,-0.000796344,1,0,1,0,0,0.200526,0.000159687,-0.979688
0.950032,0.46004,0.155983,-0.000796344,1,0,1,0,0,0.200526,0.000159687,-0.979688
0.940032,0.460032,0.153936,-0.000796344,1,0,1,0,0,0.200526,0.000159687,-0.979688
0.930032,0.460024,0.151889,-0.000796344,1,0,1,0,0,0.200526,0.000159687,-0.979688
0.920032,0.460016,0.149842,-0.000796344,1,0,1,0,0,0.200526,0.000159687,-0.979688
0.859874,0.459968,0.443749,-0.000796344,1,0,1,0,0,0.200526,0.000159687,-0.979688
