0.74002,0.60458,0.31303,-1,2.3919e-05,0,0.00082026,1,0,-9.9342e-06,-0.41534,-0.90967
0.74001,0.49244,0.067417,-1,2.3919e-05,0,0.00082026,1,0,-9.9342e-06,-0.41534,-0.90967
0.74001,0.47998,0.040127,-1,2.3919e-05,0,0.00082026,1,0,-9.9342e-06,-0.41534,-0.90967
0.74001,0.46998,0.044454,-1,2.3919e-05,0,0.00082026,1,0,-8.0302e-06,-0.33573,-0.94196
0.74001,0.45998,0.048018,-1,2.3919e-05,0,0.00082026,1,0,-8.0302e-06,-0.33573,-0.94196
0.74001,0.44998,0.051223,-1,2.3919e-05,0,0.00082026,1,0,-5.8064e-06,-0.24273,-0.97009
0.74001,0.43998,0.053725,-1,2.3919e-05,0,0.00082026,1,0,-5.8064e-06,-0.24273,-0.97009
0.74001,0.42998,0.055966,-1,2.3919e-05,0,0.00082026,1,0,-4.1299e-06,-0.17267,-0.98498
0.74001,0.41998,0.057719,-1,2.3919e-05,0,0.00082026,1,0,-4.1299e-06,-0.17267,-0.98498
0.74001,0.40998,0.059472,-1,2.3919e-05,0,0.00082026,1,0,-4.1299e-06,-0.17267,-0.98498
0.74001,0.39998,0.060806,-1,2.3919e-05,0,0.00082026,1,0,-2.4015e-06,-0.1004,-0.99495
0.74001,0.38998,0.061815,-1,2.3919e-05,0,0.00082026,1,0,-2.4015e-06,-0.1004,-0.99495
0.74001,0.37998,0.062591,-1,2.3919e-05,0,0.00082026,1,0,-6.9466e-07,-0.029041,-0.99958
0.74001,0.36998,0.062882,-1,2.3919e-05,0,0.00082026,1,0,-6.9466e-07,-0.029041,-0.99958
0.74001,0.35998,0.063172,-1,2.3919e-05,0,0.00082026,1,0,-6.9466e-07,-0.029041,-0.99958
0.74001,0.34998,0.063093,-1,2.3919e-05,0,0.00082026,1,0,6.5913e-07,0.027556,-0.99962
0.74001,0.33998,0.062818,-1,2.3919e-05,0,0.00082026,1,0,6.5913e-07,0.027556,-0.99962
0.74001,0.32998,0.062542,-1,2.3919e-05,0,0.00082026,1,0,6.5913e-07,0.027556,-0.99962
0.74001,0.31998,0.062266,-1,2.3919e-05,0,0.00082026,1,0,6.5913e-07,0.027556,-0.99962
0.74001,0.30998,0.061991,-1,2.3919e-05,0,0.00082026,1,0,6.5913e-07,0.027556,-0.99962
0.74001,0.29998,0.061386,-1,2.3919e-05,0,0.00082026,1,0,1.7194e-06,0.071885,-0.99741
0.74001,0.28998,0.060665,-1,2.3919e-05,0,0.00082026,1,0,1.7194e-06,0.071885,-0.99741
0.74001,0.27998,0.059944,-1,2.3919e-05,0,0.00082026,1,0,1.7194e-06,0.071885,-0.99741
0.74001,0.26998,0.059224,-1,2.3919e-05,0,0.00082026,1,0,1.7194e-06,0.071885,-0.99741
0.74001,0.25998,0.058503,-1,2.3919e-05,0,0.00082026,1,0,1.7194e-06,0.071885,-0.99741
0.74001,0.24998,0.057413,-1,2.3919e-05,0,0.00082026,1,0,2.727e-06,0.11401,-0.99348
0.74001,0.23998,0.056266,-1,2.3919e-05,0,0.00082026,1,0,2.727e-06,0.11401,-0.99348
0.74001,0.22998,0.055118,-1,2.3919e-05,0,0.00082026,1,0,2.727e-06,0.11401,-0.99348
0.74001,0.21998,0.053971,-1,2.3919e-05,0,0.00082026,1,0,2.727e-06,0.11401,-0.99348
0.74001,0.20998,0.052823,-1,2.3919e-05,0,0.00082026,1,0,2.727e-06,0.11401,-0.99348
0.74001,0.19998,0.051372,-1,2.3919e-05,0,0.00082026,1,0,3.5151e-06,0.14696,-0.98914
0.74001,0.18998,0.049887,-1,2.3919e-05,0,0.00082026,1,0,3.5151e-06,0.14696,-0.98914
0.74,0.17998,0.048401,-1,2.3919e-05,0,0.00082026,1,0,3.5151e-06,0.14696,-0.98914
0.74,0.16998,0.046915,-1,2.3919e-05,0,0.00082026,1,0,3.5151e-06,0.14696,-0.98914
0.74,0.15998,0.04543,-1,2.3919e-05,0,0.00082026,1,0,3.5151e-06,0.14696,-0.98914
0.74,0.14998,0.043944,-1,2.3919e-05,0,0.00082026,1,0,3.5151e-06,0.14696,-0.98914
0.74,0.13998,0.042246,-1,2.3919e-05,0,0.00082026,1,0,4.1527e-06,0.17359,-0.98482
0.74,0.12998,0.040483,-1,2.3919e-05,0,0.00082026,1,0,4.1527e-06,0.17359,-0.98482
0.74,0.11998,0.038721,-1,2.3919e-05,0,0.00082026,1,0,4.1527e-06,0.17359,-0.98482
0.74,0.10998,0.036958,-1,2.3919e-05,0,0.00082026,1,0,4.1527e-06,0.17359,-0.98482
0.74,0.099983,0.035195,-1,2.3919e-05,0,0.00082026,1,0,4.1527e-06,0.17359,-0.98482
0.74,0.089981,0.033433,-1,2.3919e-05,0,0.00082026,1,0,4.1527e-06,0.17359,-0.98482
0.74,0.079981,0.03167,-1,2.3919e-05,0,0.00082026,1,0,4.1527e-06,0.17359,-0.98482
0.74,0.069981,0.029908,-1,2.3919e-05,0,0.00082026,1,0,4.1527e-06,0.17359,-0.98482
0.74,0.059981,0.028029,-1,2.3919e-05,0,0.00082026,1,0,4.7972e-06,0.20053,-0.97969
0.74,0.049981,0.025983,-1,2.3919e-05,0,0.00082026,1,0,4.7972e-06,0.20053,-0.97969
0.74,0.039981,0.023936,-1,2.3919e-05,0,0.00082026,1,0,4.7972e-06,0.20053,-0.97969
0.74,0.029981,0.021889,-1,2.3919e-05,0,0.00082026,1,0,4.7972e-06,0.20053,-0.97969
0.74,0.019981,0.019842,-1,2.3919e-05,0,0.00082026,1,0,4.7972e-06,0.20053,-0.97969
0.73,0.019981,0.019842,-1,2.3919e-05,0,0.00082026,1,0,4.7972e-06,0.20053,-0.97969
0.72,0.019981,0.019842,-1,2.3919e-05,0,0.00082026,1,0,4.7972e-06,0.20053,-0.97969
0.71,0.019982,0.019842,-1,2.3919e-05,0,0.00082026,1,0,4.7972e-06,0.20053,-0.97969
0.7,0.019983,0.019842,-1,2.3919e-05,0,0.00082026,1,0,4.7972e-06,0.20053,-0.97969
0.69,0.019983,0.019842,-1,2.3919e-05,0,0.00082026,1,0,4.7972e-06,0.20053,-0.97969
0.68,0.019983,0.019842,-1,2.3919e-05,0,0.00082026,1,0,4.7972e-06,0.20053,-0.97969
0.67,0.019983,0.019842,-1,2.3919e-05,0,0.00082026,1,0,4.7972e-06,0.20053,-0.97969
0.67,0.029983,0.021889,-1,2.3919e-05,0,0.00082026,1,0,4.7972e-06,0.20053,-0.97969
0.67,0.039983,0.023936,-1,2.3919e-05,0,0.00082026,1,0,4.7972e-06,0.20053,-0.97969
0.67,0.049983,0.025983,-1,2.3919e-05,0,0.00082026,1,0,4.7972e-06,0.20053,-0.97969
0.67,0.059983,0.028029,-1,2.3919e-05,0,0.00082026,1,0,4.7972e-06,0.20053,-0.97969
0.67,0.069983,0.029908,-1,2.3919e-05,0,0.00082026,1,0,4.1527e-06,0.17359,-0.98482
0.67,0.079983,0.03167,-1,2.3919e-05,0,0.00082026,1,0,4.1527e-06,0.17359,-0.98482
0.67,0.089983,0.033433,-1,2.3919e-05,0,0.00082026,1,0,4.1527e-06,0.17359,-0.98482
0.67,0.09998,0.035195,-1,2.3919e-05,0,0.00082026,1,0,4.1527e-06,0.17359,-0.98482
0.67,0.10998,0.036958,-1,2.3919e-05,0,0.00082026,1,0,4.1527e-06,0.17359,-0.98482
0.67,0.11998,0.038721,-1,2.3919e-05,0,0.00082026,1,0,4.1527e-06,0.17359,-0.98482
0.67,0.12998,0.040483,-1,2.3919e-05,0,0.00082026,1,0,4.1527e-06,0.17359,-0.98482
0.67,0.13998,0.042246,-1,2.3919e-05,0,0.00082026,1,0,4.1527e-06,0.17359,-0.98482
0.67,0.14998,0.043944,-1,2.3919e-05,0,0.00082026,1,0,3.5151e-06,0.14696,-0.98914
0.67,0.15998,0.04543,-1,2.3919e-05,0,0.00082026,1,0,3.5151e-06,0.14696,-0.98914
0.67,0.16998,0.046915,-1,2.3919e-05,0,0.00082026,1,0,3.5151e-06,0.14696,-0.98914
0.67,0.17998,0.048401,-1,2.3919e-05,0,0.00082026,1,0,3.5151e-06,0.14696,-0.98914
0.67001,0.18998,0.049887,-1,2.3919e-05,0,0.00082026,1,0,3.5151e-06,0.14696,-0.98914
0.67001,0.19998,0.051372,-1,2.3919e-05,0,0.00082026,1,0,3.5151e-06,0.14696,-0.98914
0.67001,0.20998,0.052823,-1,2.3919e-05,0,0.00082026,1,0,2.727e-06,0.11401,-0.99348
0.67001,0.21998,0.053971,-1,2.3919e-05,0,0.00082026,1,0,2.727e-06,0.11401,-0.99348
0.67001,0.22998,0.055118,-1,2.3919e-05,0,0.00082026,1,0,2.727e-06,0.11401,-0.99348
0.67001,0.23998,0.056266,-1,2.3919e-05,0,0.00082026,1,0,2.727e-06,0.11401,-0.99348
0.67001,0.24998,0.057413,-1,2.3919e-05,0,0.00082026,1,0,2.727e-06,0.11401,-0.99348
0.67001,0.25998,0.058503,-1,2.3919e-05,0,0.00082026,1,0,1.7194e-06,0.071885,-0.99741
0.67001,0.26998,0.059224,-1,2.3919e-05,0,0.00082026,1,0,1.7194e-06,0.071885,-0.99741
0.67001,0.27998,0.059944,-1,2.3919e-05,0,0.00082026,1,0,1.7194e-06,0.071885,-0.99741
0.67001,0.28998,0.060665,-1,2.3919e-05,0,0.00082026,1,0,1.7194e-06,0.071885,-0.99741
0.67001,0.29998,0.061386,-1,2.3919e-05,0,0.00082026,1,0,1.7194e-06,0.071885,-0.99741
0.67001,0.30998,0.061991,-1,2.3919e-05,0,0.00082026,1,0,6.5913e-07,0.027556,-0.99962
0.67001,0.31998,0.062266,-1,2.3919e-05,0,0.00082026,1,0,6.5913e-07,0.027556,-0.99962
0.67001,0.32998,0.062542,-1,2.3919e-05,0,0.00082026,1,0,6.5913e-07,0.027556,-0.99962
0.67001,0.33998,0.062818,-1,2.3919e-05,0,0.00082026,1,0,6.5913e-07,0.027556,-0.99962
0.67001,0.34998,0.063093,-1,2.3919e-05,0,0.00082026,1,0,6.5913e-07,0.027556,-0.99962
0.67001,0.35998,0.063172,-1,2.3919e-05,0,0.00082026,1,0,-6.9466e-07,-0.029041,-0.99958
0.67001,0.36998,0.062882,-1,2.3919e-05,0,0.00082026,1,0,-6.9466e-07,-0.029041,-0.99958
0.67001,0.37998,0.062591,-1,2.3919e-05,0,0.00082026,1,0,-6.9466e-07,-0.029041,-0.99958
0.67001,0.38998,0.061815,-1,2.3919e-05,0,0.00082026,1,0,-2.4015e-06,-0.1004,-0.99495
0.67001,0.39998,0.060806,-1,2.3919e-05,0,0.00082026,1,0,-2.4015e-06,-0.1004,-0.99495
0.67001,0.40998,0.059472,-1,2.3919e-05,0,0.00082026,1,0,-4.1299e-06,-0.17267,-0.98498
0.67001,0.41998,0.057719,-1,2.3919e-05,0,0.00082026,1,0,-4.1299e-06,-0.17267,-0.98498
0.67001,0.42998,0.055966,-1,2.3919e-05,0,0.00082026,1,0,-4.1299e-06,-0.17267,-0.98498
0.67001,0.43998,0.053725,-1,2.3919e-05,0,0.00082026,1,0,-5.8064e-06,-0.24273,-0.97009
0.67001,0.44998,0.051223,-1,2.3919e-05,0,0.00082026,1,0,-5.8064e-06,-0.24273,-0.97009
0.67001,0.45998,0.048018,-1,2.3919e-05,0,0.00082026,1,0,-8.0302e-06,-0.33573,-0.94196
0.67001,0.46998,0.044454,-1,2.3919e-05,0,0.00082026,1,0,-8.0302e-06,-0.33573,-0.94196
0.67001,0.47998,0.040127,-1,2.3919e-05,0,0.00082026,1,0,-9.9342e-06,-0.41534,-0.90967
0.66001,0.47998,0.040127,-1,2.3919e-05,0,0.00082026,1,0,-9.9342e-06,-0.41534,-0.90967
0.65001,0.47999,0.040127,-1,2.3919e-05,0,0.00082026,1,0,-9.9342e-06,-0.41534,-0.90967
0.64001,0.47999,0.040127,-1,2.3919e-05,0,0.00082026,1,0,-9.9342e-06,-0.41534,-0.90967
0.63001,0.47998,0.040127,-1,2.3919e-05,0,0.00082026,1,0,-9.9342e-06,-0.41534,-0.90967
0.62001,0.47998,0.040127,-1,2.3919e-05,0,0.00082026,1,0,-9.9342e-06,-0.41534,-0.90967
0.61001,0.47998,0.040127,-1,2.3919e-05,0,0.00082026,1,0,-9.9342e-06,-0.41534,-0.90967
0.60001,0.47999,0.040127,-1,2.3919e-05,0,0.00082026,1,0,-9.9342e-06,-0.41534,-0.90967
0.60001,0.46999,0.044454,-1,2.3919e-05,0,0.00082026,1,0,-8.0302e-06,-0.33573,-0.94196
0.60001,0.45999,0.048018,-1,2.3919e-05,0,0.00082026,1,0,-8.0302e-06,-0.33573,-0.94196
0.60001,0.44999,0.051223,-1,2.3919e-05,0,0.00082026,1,0,-5.8064e-06,-0.24273,-0.97009
0.60001,0.43999,0.053725,-1,2.3919e-05,0,0.00082026,1,0,-5.8064e-06,-0.24273,-0.97009
0.60001,0.42999,0.055966,-1,2.3919e-05,0,0.00082026,1,0,-4.1299e-06,-0.17267,-0.98498
0.60001,0.41999,0.057719,-1,2.3919e-05,0,0.00082026,1,0,-4.1299e-06,-0.17267,-0.98498
0.60001,0.40999,0.059472,-1,2.3919e-05,0,0.00082026,1,0,-4.1299e-06,-0.17267,-0.98498
0.60001,0.39999,0.060806,-1,2.3919e-05,0,0.00082026,1,0,-2.4015e-06,-0.1004,-0.99495
0.60001,0.38999,0.061815,-1,2.3919e-05,0,0.00082026,1,0,-2.4015e-06,-0.1004,-0.99495
0.60001,0.37999,0.062591,-1,2.3919e-05,0,0.00082026,1,0,-6.9466e-07,-0.029041,-0.99958
0.60001,0.36999,0.062882,-1,2.3919e-05,0,0.00082026,1,0,-6.9466e-07,-0.029041,-0.99958
0.60001,0.35999,0.063172,-1,2.3919e-05,0,0.00082026,1,0,-6.9466e-07,-0.029041,-0.99958
0.60001,0.34999,0.063093,-1,2.3919e-05,0,0.00082026,1,0,6.5913e-07,0.027556,-0.99962
0.60001,0.33999,0.062818,-1,2.3919e-05,0,0.00082026,1,0,6.5913e-07,0.027556,-0.99962
0.60001,0.32999,0.062542,-1,2.3919e-05,0,0.00082026,1,0,6.5913e-07,0.027556,-0.99962
0.60001,0.31999,0.062266,-1,2.3919e-05,0,0.00082026,1,0,6.5913e-07,0.027556,-0.99962
0.60001,0.30999,0.061991,-1,2.3919e-05,0,0.00082026,1,0,6.5913e-07,0.027556,-0.99962
0.60001,0.29999,0.061386,-1,2.3919e-05,0,0.00082026,1,0,1.7194e-06,0.071885,-0.99741
0.60001,0.28999,0.060665,-1,2.3919e-05,0,0.00082026,1,0,1.7194e-06,0.071885,-0.99741
0.60001,0.27999,0.059944,-1,2.3919e-05,0,0.00082026,1,0,1.7194e-06,0.071885,-0.99741
0.60001,0.26999,0.059224,-1,2.3919e-05,0,0.00082026,1,0,1.7194e-06,0.071885,-0.99741
0.60001,0.25999,0.058503,-1,2.3919e-05,0,0.00082026,1,0,1.7194e-06,0.071885,-0.99741
0.60001,0.24999,0.057414,-1,2.3919e-05,0,0.00082026,1,0,2.727e-06,0.11401,-0.99348
0.60001,0.23999,0.056266,-1,2.3919e-05,0,0.00082026,1,0,2.727e-06,0.11401,-0.99348
0.60001,0.22999,0.055118,-1,2.3919e-05,0,0.00082026,1,0,2.727e-06,0.11401,-0.99348
0.60001,0.21999,0.053971,-1,2.3919e-05,0,0.00082026,1,0,2.727e-06,0.11401,-0.99348
0.60001,0.20999,0.052823,-1,2.3919e-05,0,0.00082026,1,0,2.727e-06,0.11401,-0.99348
0.60001,0.19999,0.051372,-1,2.3919e-05,0,0.00082026,1,0,3.5151e-06,0.14696,-0.98914
0.6,0.18999,0.049887,-1,2.3919e-05,0,0.00082026,1,0,3.5151e-06,0.14696,-0.98914
0.6,0.17999,0.048401,-1,2.3919e-05,0,0.00082026,1,0,3.5151e-06,0.14696,-0.98914
0.6,0.16999,0.046915,-1,2.3919e-05,0,0.00082026,1,0,3.5151e-06,0.14696,-0.98914
0.6,0.15999,0.04543,-1,2.3919e-05,0,0.00082026,1,0,3.5151e-06,0.14696,-0.98914
0.6,0.14999,0.043944,-1,2.3919e-05,0,0.00082026,1,0,3.5151e-06,0.14696,-0.98914
0.6,0.13999,0.042246,-1,2.3919e-05,0,0.00082026,1,0,4.1527e-06,0.17359,-0.98482
0.6,0.12999,0.040483,-1,2.3919e-05,0,0.00082026,1,0,4.1527e-06,0.17359,-0.98482
0.6,0.11999,0.038721,-1,2.3919e-05,0,0.00082026,1,0,4.1527e-06,0.17359,-0.98482
0.6,0.10999,0.036958,-1,2.3919e-05,0,0.00082026,1,0,4.1527e-06,0.17359,-0.98482
0.6,0.099988,0.035196,-1,2.3919e-05,0,0.00082026,1,0,4.1527e-06,0.17359,-0.98482
0.6,0.089985,0.033433,-1,2.3919e-05,0,0.00082026,1,0,4.1527e-06,0.17359,-0.98482
0.6,0.079985,0.03167,-1,2.3919e-05,0,0.00082026,1,0,4.1527e-06,0.17359,-0.98482
0.6,0.069985,0.029908,-1,2.3919e-05,0,0.00082026,1,0,4.1527e-06,0.17359,-0.98482
0.6,0.059985,0.02803,-1,2.3919e-05,0,0.00082026,1,0,4.7972e-06,0.20053,-0.97969
0.6,0.049985,0.025983,-1,2.3919e-05,0,0.00082026,1,0,4.7972e-06,0.20053,-0.97969
0.6,0.039985,0.023936,-1,2.3919e-05,0,0.00082026,1,0,4.7972e-06,0.20053,-0.97969
0.6,0.029985,0.021889,-1,2.3919e-05,0,0.00082026,1,0,4.7972e-06,0.20053,-0.97969
0.6,0.019985,0.019842,-1,2.3919e-05,0,0.00082026,1,0,4.7972e-06,0.20053,-0.97969
0.59,0.019985,0.019842,-1,2.3919e-05,0,0.00082026,1,0,4.7972e-06,0.20053,-0.97969
0.58,0.019985,0.019842,-1,2.3919e-05,0,0.00082026,1,0,4.7972e-06,0.20053,-0.97969
0.57,0.019985,0.019842,-1,2.3919e-05,0,0.00082026,1,0,4.7972e-06,0.20053,-0.97969
0.56,0.019986,0.019842,-1,2.3919e-05,0,0.00082026,1,0,4.7972e-06,0.20053,-0.97969
0.55,0.019986,0.019842,-1,2.3919e-05,0,0.00082026,1,0,4.7972e-06,0.20053,-0.97969
0.54,0.019986,0.019842,-1,2.3919e-05,0,0.00082026,1,0,4.7972e-06,0.20053,-0.97969
0.53,0.019986,0.019842,-1,2.3919e-05,0,0.00082026,1,0,4.7972e-06,0.20053,-0.97969
0.53,0.029986,0.021889,-1,2.3919e-05,0,0.00082026,1,0,4.7972e-06,0.20053,-0.97969
0.53,0.039986,0.023936,-1,2.3919e-05,0,0.00082026,1,0,4.7972e-06,0.20053,-0.97969
0.53,0.049986,0.025983,-1,2.3919e-05,0,0.00082026,1,0,4.7972e-06,0.20053,-0.97969
0.53,0.059986,0.02803,-1,2.3919e-05,0,0.00082026,1,0,4.7972e-06,0.20053,-0.97969
0.53,0.069986,0.029908,-1,2.3919e-05,0,0.00082026,1,0,4.1527e-06,0.17359,-0.98482
0.53,0.079986,0.03167,-1,2.3919e-05,0,0.00082026,1,0,4.1527e-06,0.17359,-0.98482
0.53,0.089986,0.033433,-1,2.3919e-05,0,0.00082026,1,0,4.1527e-06,0.17359,-0.98482
0.53,0.099985,0.035196,-1,2.3919e-05,0,0.00082026,1,0,4.1527e-06,0.17359,-0.98482
0.53,0.10999,0.036958,-1,2.3919e-05,0,0.00082026,1,0,4.1527e-06,0.17359,-0.98482
0.53,0.11999,0.038721,-1,2.3919e-05,0,0.00082026,1,0,4.1527e-06,0.17359,-0.98482
0.53,0.12999,0.040483,-1,2.3919e-05,0,0.00082026,1,0,4.1527e-06,0.17359,-0.98482
0.53,0.13999,0.042246,-1,2.3919e-05,0,0.00082026,1,0,4.1527e-06,0.17359,-0.98482
0.53,0.14999,0.043944,-1,2.3919e-05,0,0.00082026,1,0,3.5151e-06,0.14696,-0.98914
0.53,0.15999,0.04543,-1,2.3919e-05,0,0.00082026,1,0,3.5151e-06,0.14696,-0.98914
0.53,0.16999,0.046915,-1,2.3919e-05,0,0.00082026,1,0,3.5151e-06,0.14696,-0.98914
0.53,0.17999,0.048401,-1,2.3919e-05,0,0.00082026,1,0,3.5151e-06,0.14696,-0.98914
0.53,0.18999,0.049887,-1,2.3919e-05,0,0.00082026,1,0,3.5151e-06,0.14696,-0.98914
0.53001,0.19999,0.051372,-1,2.3919e-05,0,0.00082026,1,0,3.5151e-06,0.14696,-0.98914
0.53001,0.20999,0.052823,-1,2.3919e-05,0,0.00082026,1,0,2.727e-06,0.11401,-0.99348
0.53001,0.21999,0.053971,-1,2.3919e-05,0,0.00082026,1,0,2.727e-06,0.11401,-0.99348
0.53001,0.22999,0.055118,-1,2.3919e-05,0,0.00082026,1,0,2.727e-06,0.11401,-0.99348
0.53001,0.23999,0.056266,-1,2.3919e-05,0,0.00082026,1,0,2.727e-06,0.11401,-0.99348
0.53001,0.24999,0.057414,-1,2.3919e-05,0,0.00082026,1,0,2.727e-06,0.11401,-0.99348
0.53001,0.25999,0.058503,-1,2.3919e-05,0,0.00082026,1,0,1.7194e-06,0.071885,-0.99741
0.53001,0.26999,0.059224,-1,2.3919e-05,0,0.00082026,1,0,1.7194e-06,0.071885,-0.99741
0.53001,0.27999,0.059944,-1,2.3919e-05,0,0.00082026,1,0,1.7194e-06,0.071885,-0.99741
0.53001,0.28999,0.060665,-1,2.3919e-05,0,0.00082026,1,0,1.7194e-06,0.071885,-0.99741
0.53001,0.29999,0.061386,-1,2.3919e-05,0,0.00082026,1,0,1.7194e-06,0.071885,-0.99741
0.53001,0.30999,0.061991,-1,2.3919e-05,0,0.00082026,1,0,6.5913e-07,0.027556,-0.99962
0.53001,0.31999,0.062266,-1,2.3919e-05,0,0.00082026,1,0,6.5913e-07,0.027556,-0.99962
0.53001,0.32999,0.062542,-1,2.3919e-05,0,0.00082026,1,0,6.5913e-07,0.027556,-0.99962
0.53001,0.33999,0.062818,-1,2.3919e-05,0,0.00082026,1,0,6.5913e-07,0.027556,-0.99962
0.53001,0.34999,0.063093,-1,2.3919e-05,0,0.00082026,1,0,6.5913e-07,0.027556,-0.99962
0.53001,0.35999,0.063172,-1,2.3919e-05,0,0.00082026,1,0,-6.9466e-07,-0.029041,-0.99958
0.53001,0.36999,0.062882,-1,2.3919e-05,0,0.00082026,1,0,-6.9466e-07,-0.029041,-0.99958
0.53001,0.37999,0.062591,-1,2.3919e-05,0,0.00082026,1,0,-6.9466e-07,-0.029041,-0.99958
0.53001,0.38999,0.061815,-1,2.3919e-05,0,0.00082026,1,0,-2.4015e-06,-0.1004,-0.99495
0.53001,0.39999,0.060806,-1,2.3919e-05,0,0.00082026,1,0,-2.4015e-06,-0.1004,-0.99495
0.53001,0.40999,0.059472,-1,2.3919e-05,0,0.00082026,1,0,-4.1299e-06,-0.17267,-0.98498
0.53001,0.41999,0.057719,-1,2.3919e-05,0,0.00082026,1,0,-4.1299e-06,-0.17267,-0.98498
0.53001,0.42999,0.055966,-1,2.3919e-05,0,0.00082026,1,0,-4.1299e-06,-0.17267,-0.98498
0.53001,0.43999,0.053725,-1,2.3919e-05,0,0.00082026,1,0,-5.8064e-06,-0.24273,-0.97009
0.53001,0.44999,0.051223,-1,2.3919e-05,0,0.00082026,1,0,-5.8064e-06,-0.24273,-0.97009
0.53001,0.45999,0.048018,-1,2.3919e-05,0,0.00082026,1,0,-8.0302e-06,-0.33573,-0.94196
0.53001,0.46999,0.044454,-1,2.3919e-05,0,0.00082026,1,0,-8.0302e-06,-0.33573,-0.94196
0.53001,0.47999,0.040127,-1,2.3919e-05,0,0.00082026,1,0,-9.9342e-06,-0.41534,-0.90967
0.52001,0.47998,0.040127,-1,2.3919e-05,0,0.00082026,1,0,-9.9342e-06,-0.41534,-0.90967
0.51001,0.47999,0.040127,-1,2.3919e-05,0,0.00082026,1,0,-9.9342e-06,-0.41534,-0.90967
0.50001,0.47999,0.040127,-1,2.3919e-05,0,0.00082026,1,0,-9.9342e-06,-0.41534,-0.90967
0.49001,0.47999,0.040127,-1,2.3919e-05,0,0.00082026,1,0,-9.9342e-06,-0.41534,-0.90967
0.48001,0.47999,0.040127,-1,2.3919e-05,0,0.00082026,1,0,-9.9342e-06,-0.41534,-0.90967
0.47001,0.47998,0.040127,-1,2.3919e-05,0,0.00082026,1,0,-9.9342e-06,-0.41534,-0.90967
0.46001,0.47999,0.040127,-1,2.3919e-05,0,0.00082026,1,0,-9.9342e-06,-0.41534,-0.90967
0.46001,0.46999,0.044454,-1,2.3919e-05,0,0.00082026,1,0,-8.0302e-06,-0.33573,-0.94196
0.46001,0.45999,0.048018,-1,2.3919e-05,0,0.00082026,1,0,-8.0302e-06,-0.33573,-0.94196
0.46001,0.44999,0.051223,-1,2.3919e-05,0,0.00082026,1,0,-5.8064e-06,-0.24273,-0.97009
0.46001,0.43999,0.053725,-1,2.3919e-05,0,0.00082026,1,0,-5.8064e-06,-0.24273,-0.97009
0.46001,0.42999,0.055966,-1,2.3919e-05,0,0.00082026,1,0,-4.1299e-06,-0.17267,-0.98498
0.46001,0.41999,0.057719,-1,2.3919e-05,0,0.00082026,1,0,-4.1299e-06,-0.17267,-0.98498
0.46001,0.40999,0.059472,-1,2.3919e-05,0,0.00082026,1,0,-4.1299e-06,-0.17267,-0.98498
0.46001,0.39999,0.060806,-1,2.3919e-05,0,0.00082026,1,0,-2.4015e-06,-0.1004,-0.99495
0.46001,0.38999,0.061815,-1,2.3919e-05,0,0.00082026,1,0,-2.4015e-06,-0.1004,-0.99495
0.46001,0.37999,0.062591,-1,2.3919e-05,0,0.00082026,1,0,-6.9466e-07,-0.029041,-0.99958
0.46001,0.36999,0.062882,-1,2.3919e-05,0,0.00082026,1,0,-6.9466e-07,-0.029041,-0.99958
0.46001,0.35999,0.063172,-1,2.3919e-05,0,0.00082026,1,0,-6.9466e-07,-0.029041,-0.99958
0.46001,0.34999,0.063093,-1,2.3919e-05,0,0.00082026,1,0,6.5913e-07,0.027556,-0.99962
0.46001,0.33999,0.062818,-1,2.3919e-05,0,0.00082026,1,0,6.5913e-07,0.027556,-0.99962
0.46001,0.32999,0.062542,-1,2.3919e-05,0,0.00082026,1,0,6.5913e-07,0.027556,-0.99962
0.46001,0.31999,0.062266,-1,2.3919e-05,0,0.00082026,1,0,6.5913e-07,0.027556,-0.99962
0.46001,0.30999,0.061991,-1,2.3919e-05,0,0.00082026,1,0,6.5913e-07,0.027556,-0.99962
0.46001,0.29999,0.061386,-1,2.3919e-05,0,0.00082026,1,0,1.7194e-06,0.071885,-0.99741
0.46001,0.28999,0.060665,-1,2.3919e-05,0,0.00082026,1,0,1.7194e-06,0.071885,-0.99741
0.46001,0.27999,0.059944,-1,2.3919e-05,0,0.00082026,1,0,1.7194e-06,0.071885,-0.99741
0.46001,0.26999,0.059224,-1,2.3919e-05,0,0.00082026,1,0,1.7194e-06,0.071885,-0.99741
0.46001,0.25999,0.058503,-1,2.3919e-05,0,0.00082026,1,0,1.7194e-06,0.071885,-0.99741
0.46001,0.24999,0.057414,-1,2.3919e-05,0,0.00082026,1,0,2.727e-06,0.11401,-0.99348
0.46001,0.23999,0.056266,-1,2.3919e-05,0,0.00082026,1,0,2.727e-06,0.11401,-0.99348
0.46001,0.22999,0.055118,-1,2.3919e-05,0,0.00082026,1,0,2.727e-06,0.11401,-0.99348
0.46001,0.21999,0.053971,-1,2.3919e-05,0,0.00082026,1,0,2.727e-06,0.11401,-0.99348
0.46001,0.20999,0.052823,-1,2.3919e-05,0,0.00082026,1,0,2.727e-06,0.11401,-0.99348
0.46001,0.19999,0.051373,-1,2.3919e-05,0,0.00082026,1,0,3.5151e-06,0.14696,-0.98914
0.46,0.18999,0.049887,-1,2.3919e-05,0,0.00082026,1,0,3.5151e-06,0.14696,-0.98914
0.46,0.17999,0.048401,-1,2.3919e-05,0,0.00082026,1,0,3.5151e-06,0.14696,-0.98914
0.46,0.16999,0.046915,-1,2.3919e-05,0,0.00082026,1,0,3.5151e-06,0.14696,-0.98914
0.46,0.15999,0.04543,-1,2.3919e-05,0,0.00082026,1,0,3.5151e-06,0.14696,-0.98914
0.46,0.14999,0.043944,-1,2.3919e-05,0,0.00082026,1,0,3.5151e-06,0.14696,-0.98914
0.46,0.13999,0.042246,-1,2.3919e-05,0,0.00082026,1,0,4.1527e-06,0.17359,-0.98482
0.46,0.12999,0.040483,-1,2.3919e-05,0,0.00082026,1,0,4.1527e-06,0.17359,-0.98482
0.46,0.11999,0.038721,-1,2.3919e-05,0,0.00082026,1,0,4.1527e-06,0.17359,-0.98482
0.46,0.10999,0.036958,-1,2.3919e-05,0,0.00082026,1,0,4.1527e-06,0.17359,-0.98482
0.46,0.099993,0.035196,-1,2.3919e-05,0,0.00082026,1,0,4.1527e-06,0.17359,-0.98482
0.46,0.089989,0.033433,-1,2.3919e-05,0,0.00082026,1,0,4.1527e-06,0.17359,-0.98482
0.46,0.079989,0.03167,-1,2.3919e-05,0,0.00082026,1,0,4.1527e-06,0.17359,-0.98482
0.46,0.069989,0.029908,-1,2.3919e-05,0,0.00082026,1,0,4.1527e-06,0.17359,-0.98482
0.46,0.059989,0.02803,-1,2.3919e-05,0,0.00082026,1,0,4.7972e-06,0.20053,-0.97969
0.46,0.049989,0.025983,-1,2.3919e-05,0,0.00082026,1,0,4.7972e-06,0.20053,-0.97969
0.46,0.039989,0.023936,-1,2.3919e-05,0,0.00082026,1,0,4.7972e-06,0.20053,-0.97969
0.46,0.029989,0.021889,-1,2.3919e-05,0,0.00082026,1,0,4.7972e-06,0.20053,-0.97969
0.46,0.019989,0.019842,-1,2.3919e-05,0,0.00082026,1,0,4.7972e-06,0.20053,-0.97969
0.45,0.019989,0.019842,-1,2.3919e-05,0,0.00082026,1,0,4.7972e-06,0.20053,-0.97969
0.44,0.019989,0.019842,-1,2.3919e-05,0,0.00082026,1,0,4.7972e-06,0.20053,-0.97969
0.43,0.019989,0.019842,-1,2.3919e-05,0,0.00082026,1,0,4.7972e-06,0.20053,-0.97969
0.42,0.019989,0.019842,-1,2.3919e-05,0,0.00082026,1,0,4.7972e-06,0.20053,-0.97969
0.41,0.01999,0.019842,-1,2.3919e-05,0,0.00082026,1,0,4.7972e-06,0.20053,-0.97969
0.4,0.01999,0.019842,-1,2.3919e-05,0,0.00082026,1,0,4.7972e-06,0.20053,-0.97969
0.39,0.01999,0.019842,-1,2.3919e-05,0,0.00082026,1,0,4.7972e-06,0.20053,-0.97969
0.39,0.02999,0.021889,-1,2.3919e-05,0,0.00082026,1,0,4.7972e-06,0.20053,-0.97969
0.39,0.03999,0.023936,-1,2.3919e-05,0,0.00082026,1,0,4.7972e-06,0.20053,-0.97969
0.39,0.04999,0.025983,-1,2.3919e-05,0,0.00082026,1,0,4.7972e-06,0.20053,-0.97969
0.39,0.05999,0.02803,-1,2.3919e-05,0,0.00082026,1,0,4.7972e-06,0.20053,-0.97969
0.39,0.06999,0.029908,-1,2.3919e-05,0,0.00082026,1,0,4.1527e-06,0.17359,-0.98482
0.39,0.07999,0.03167,-1,2.3919e-05,0,0.00082026,1,0,4.1527e-06,0.17359,-0.98482
0.39,0.08999,0.033433,-1,2.3919e-05,0,0.00082026,1,0,4.1527e-06,0.17359,-0.98482
0.39,0.09999,0.035196,-1,2.3919e-05,0,0.00082026,1,0,4.1527e-06,0.17359,-0.98482
0.39,0.10999,0.036958,-1,2.3919e-05,0,0.00082026,1,0,4.1527e-06,0.17359,-0.98482
0.39,0.11999,0.038721,-1,2.3919e-05,0,0.00082026,1,0,4.1527e-06,0.17359,-0.98482
0.39,0.12999,0.040483,-1,2.3919e-05,0,0.00082026,1,0,4.1527e-06,0.17359,-0.98482
0.39,0.13999,0.042246,-1,2.3919e-05,0,0.00082026,1,0,4.1527e-06,0.17359,-0.98482
0.39,0.14999,0.043944,-1,2.3919e-05,0,0.00082026,1,0,3.5151e-06,0.14696,-0.98914
0.39,0.15999,0.04543,-1,2.3919e-05,0,0.00082026,1,0,3.5151e-06,0.14696,-0.98914
0.39,0.16999,0.046915,-1,2.3919e-05,0,0.00082026,1,0,3.5151e-06,0.14696,-0.98914
0.39,0.17999,0.048401,-1,2.3919e-05,0,0.00082026,1,0,3.5151e-06,0.14696,-0.98914
0.39,0.18999,0.049887,-1,2.3919e-05,0,0.00082026,1,0,3.5151e-06,0.14696,-0.98914
0.39001,0.19999,0.051373,-1,2.3919e-05,0,0.00082026,1,0,3.5151e-06,0.14696,-0.98914
0.39001,0.20999,0.052823,-1,2.3919e-05,0,0.00082026,1,0,2.727e-06,0.11401,-0.99348
0.39001,0.21999,0.053971,-1,2.3919e-05,0,0.00082026,1,0,2.727e-06,0.11401,-0.99348
0.39001,0.22999,0.055118,-1,2.3919e-05,0,0.00082026,1,0,2.727e-06,0.11401,-0.99348
0.39001,0.23999,0.056266,-1,2.3919e-05,0,0.00082026,1,0,2.727e-06,0.11401,-0.99348
0.39001,0.24999,0.057414,-1,2.3919e-05,0,0.00082026,1,0,2.727e-06,0.11401,-0.99348
0.39001,0.25999,0.058503,-1,2.3919e-05,0,0.00082026,1,0,1.7194e-06,0.071885,-0.99741
0.39001,0.26999,0.059224,-1,2.3919e-05,0,0.00082026,1,0,1.7194e-06,0.071885,-0.99741
0.39001,0.27999,0.059944,-1,2.3919e-05,0,0.00082026,1,0,1.7194e-06,0.071885,-0.99741
0.39001,0.28999,0.060665,-1,2.3919e-05,0,0.00082026,1,0,1.7194e-06,0.071885,-0.99741
0.39001,0.29999,0.061386,-1,2.3919e-05,0,0.00082026,1,0,1.7194e-06,0.071885,-0.99741
0.39001,0.30999,0.061991,-1,2.3919e-05,0,0.00082026,1,0,6.5913e-07,0.027556,-0.99962
0.39001,0.31999,0.062266,-1,2.3919e-05,0,0.00082026,1,0,6.5913e-07,0.027556,-0.99962
0.39001,0.32999,0.062542,-1,2.3919e-05,0,0.00082026,1,0,6.5913e-07,0.027556,-0.99962
0.39001,0.33999,0.062818,-1,2.3919e-05,0,0.00082026,1,0,6.5913e-07,0.027556,-0.99962
0.39001,0.34999,0.063093,-1,2.3919e-05,0,0.00082026,1,0,6.5913e-07,0.027556,-0.99962
0.39001,0.35999,0.063172,-1,2.3919e-05,0,0.00082026,1,0,-6.9466e-07,-0.029041,-0.99958
0.39001,0.36999,0.062882,-1,2.3919e-05,0,0.00082026,1,0,-6.9466e-07,-0.029041,-0.99958
0.39001,0.37999,0.062591,-1,2.3919e-05,0,0.00082026,1,0,-6.9466e-07,-0.029041,-0.99958
0.39001,0.38999,0.061815,-1,2.3919e-05,0,0.00082026,1,0,-2.4015e-06,-0.1004,-0.99495
0.39001,0.39999,0.060806,-1,2.3919e-05,0,0.00082026,1,0,-2.4015e-06,-0.1004,-0.99495
0.39001,0.40999,0.059472,-1,2.3919e-05,0,0.00082026,1,0,-4.1299e-06,-0.17267,-0.98498
0.39001,0.41999,0.057719,-1,2.3919e-05,0,0.00082026,1,0,-4.1299e-06,-0.17267,-0.98498
0.39001,0.42999,0.055966,-1,2.3919e-05,0,0.00082026,1,0,-4.1299e-06,-0.17267,-0.98498
0.39001,0.43999,0.053725,-1,2.3919e-05,0,0.00082026,1,0,-5.8064e-06,-0.24273,-0.97009
0.39001,0.44999,0.051223,-1,2.3919e-05,0,0.00082026,1,0,-5.8064e-06,-0.24273,-0.97009
0.39001,0.45999,0.048018,-1,2.3919e-05,0,0.00082026,1,0,-8.0302e-06,-0.33573,-0.94196
0.39001,0.46999,0.044454,-1,2.3919e-05,0,0.00082026,1,0,-8.0302e-06,-0.33573,-0.94196
0.39001,0.47999,0.040127,-1,2.3919e-05,0,0.00082026,1,0,-9.9342e-06,-0.41534,-0.90967
0.38001,0.47999,0.040127,-1,2.3919e-05,0,0.00082026,1,0,-9.9342e-06,-0.41534,-0.90967
0.37001,0.47999,0.040127,-1,2.3919e-05,0,0.00082026,1,0,-9.9342e-06,-0.41534,-0.90967
0.36001,0.47999,0.040127,-1,2.3919e-05,0,0.00082026,1,0,-9.9342e-06,-0.41534,-0.90967
0.35001,0.47999,0.040127,-1,2.3919e-05,0,0.00082026,1,0,-9.9342e-06,-0.41534,-0.90967
0.34001,0.47999,0.040127,-1,2.3919e-05,0,0.00082026,1,0,-9.9342e-06,-0.41534,-0.90967
0.33001,0.47999,0.040127,-1,2.3919e-05,0,0.00082026,1,0,-9.9342e-06,-0.41534,-0.90967
0.32001,0.47999,0.040127,-1,2.3919e-05,0,0.00082026,1,0,-9.9342e-06,-0.41534,-0.90967
0.32001,0.46999,0.044454,-1,2.3919e-05,0,0.00082026,1,0,-8.0302e-06,-0.33573,-0.94196
0.32001,0.45999,0.048018,-1,2.3919e-05,0,0.00082026,1,0,-8.0302e-06,-0.33573,-0.94196
0.32001,0.44999,0.051223,-1,2.3919e-05,0,0.00082026,1,0,-5.8064e-06,-0.24273,-0.97009
0.32001,0.43999,0.053725,-1,2.3919e-05,0,0.00082026,1,0,-5.8064e-06,-0.24273,-0.97009
0.32001,0.42999,0.055966,-1,2.3919e-05,0,0.00082026,1,0,-4.1299e-06,-0.17267,-0.98498
0.32001,0.41999,0.057719,-1,2.3919e-05,0,0.00082026,1,0,-4.1299e-06,-0.17267,-0.98498
0.32001,0.40999,0.059472,-1,2.3919e-05,0,0.00082026,1,0,-4.1299e-06,-0.17267,-0.98498
0.32001,0.39999,0.060806,-1,2.3919e-05,0,0.00082026,1,0,-2.4015e-06,-0.1004,-0.99495
0.32001,0.38999,0.061815,-1,2.3919e-05,0,0.00082026,1,0,-2.4015e-06,-0.1004,-0.99495
0.32001,0.37999,0.062591,-1,2.3919e-05,0,0.00082026,1,0,-6.9466e-07,-0.029041,-0.99958
0.32001,0.36999,0.062882,-1,2.3919e-05,0,0.00082026,1,0,-6.9466e-07,-0.029041,-0.99958
0.32001,0.35999,0.063172,-1,2.3919e-05,0,0.00082026,1,0,-6.9466e-07,-0.029041,-0.99958
0.32001,0.34999,0.063093,-1,2.3919e-05,0,0.00082026,1,0,6.5913e-07,0.027556,-0.99962
0.32001,0.33999,0.062818,-1,2.3919e-05,0,0.00082026,1,0,6.5913e-07,0.027556,-0.99962
0.32001,0.32999,0.062542,-1,2.3919e-05,0,0.00082026,1,0,6.5913e-07,0.027556,-0.99962
0.32001,0.31999,0.062266,-1,2.3919e-05,0,0.00082026,1,0,6.5913e-07,0.027556,-0.99962
0.32001,0.30999,0.061991,-1,2.3919e-05,0,0.00082026,1,0,6.5913e-07,0.027556,-0.99962
0.32001,0.29999,0.061386,-1,2.3919e-05,0,0.00082026,1,0,1.7194e-06,0.071885,-0.99741
0.32001,0.28999,0.060665,-1,2.3919e-05,0,0.00082026,1,0,1.7194e-06,0.071885,-0.99741
0.32001,0.27999,0.059944,-1,2.3919e-05,0,0.00082026,1,0,1.7194e-06,0.071885,-0.99741
0.32001,0.26999,0.059224,-1,2.3919e-05,0,0.00082026,1,0,1.7194e-06,0.071885,-0.99741
0.32001,0.25999,0.058503,-1,2.3919e-05,0,0.00082026,1,0,1.7194e-06,0.071885,-0.99741
0.32001,0.24999,0.057414,-1,2.3919e-05,0,0.00082026,1,0,2.727e-06,0.11401,-0.99348
0.32001,0.23999,0.056266,-1,2.3919e-05,0,0.00082026,1,0,2.727e-06,0.11401,-0.99348
0.32001,0.22999,0.055118,-1,2.3919e-05,0,0.00082026,1,0,2.727e-06,0.11401,-0.99348
0.32001,0.21999,0.053971,-1,2.3919e-05,0,0.00082026,1,0,2.727e-06,0.11401,-0.99348
0.32001,0.20999,0.052823,-1,2.3919e-05,0,0.00082026,1,0,2.727e-06,0.11401,-0.99348
0.32001,0.19999,0.051373,-1,2.3919e-05,0,0.00082026,1,0,3.5151e-06,0.14696,-0.98914
0.32,0.18999,0.049887,-1,2.3919e-05,0,0.00082026,1,0,3.5151e-06,0.14696,-0.98914
0.32,0.17999,0.048401,-1,2.3919e-05,0,0.00082026,1,0,3.5151e-06,0.14696,-0.98914
0.32,0.16999,0.046915,-1,2.3919e-05,0,0.00082026,1,0,3.5151e-06,0.14696,-0.98914
0.32,0.15999,0.04543,-1,2.3919e-05,0,0.00082026,1,0,3.5151e-06,0.14696,-0.98914
0.32,0.14999,0.043944,-1,2.3919e-05,0,0.00082026,1,0,3.5151e-06,0.14696,-0.98914
0.32,0.13999,0.042246,-1,2.3919e-05,0,0.00082026,1,0,4.1527e-06,0.17359,-0.98482
0.32,0.12999,0.040484,-1,2.3919e-05,0,0.00082026,1,0,4.1527e-06,0.17359,-0.98482
0.32,0.11999,0.038721,-1,2.3919e-05,0,0.00082026,1,0,4.1527e-06,0.17359,-0.98482
0.32,0.10999,0.036958,-1,2.3919e-05,0,0.00082026,1,0,4.1527e-06,0.17359,-0.98482
0.32,0.099988,0.035196,-1,2.3919e-05,0,0.00082026,1,0,4.1527e-06,0.17359,-0.98482
0.32,0.089992,0.033433,-1,2.3919e-05,0,0.00082026,1,0,4.1527e-06,0.17359,-0.98482
0.32,0.079992,0.03167,-1,2.3919e-05,0,0.00082026,1,0,4.1527e-06,0.17359,-0.98482
0.32,0.069992,0.029908,-1,2.3919e-05,0,0.00082026,1,0,4.1527e-06,0.17359,-0.98482
0.32,0.059992,0.02803,-1,2.3919e-05,0,0.00082026,1,0,4.7972e-06,0.20053,-0.97969
0.32,0.049992,0.025983,-1,2.3919e-05,0,0.00082026,1,0,4.7972e-06,0.20053,-0.97969
0.32,0.039992,0.023936,-1,2.3919e-05,0,0.00082026,1,0,4.7972e-06,0.20053,-0.97969
0.32,0.029992,0.021889,-1,2.3919e-05,0,0.00082026,1,0,4.7972e-06,0.20053,-0.97969
0.32,0.019992,0.019842,-1,2.3919e-05,0,0.00082026,1,0,4.7972e-06,0.20053,-0.97969
0.31,0.019992,0.019842,-1,2.3919e-05,0,0.00082026,1,0,4.7972e-06,0.20053,-0.97969
0.3,0.019992,0.019842,-1,2.3919e-05,0,0.00082026,1,0,4.7972e-06,0.20053,-0.97969
0.29,0.019993,0.019842,-1,2.3919e-05,0,0.00082026,1,0,4.7972e-06,0.20053,-0.97969
0.28,0.019993,0.019842,-1,2.3919e-05,0,0.00082026,1,0,4.7972e-06,0.20053,-0.97969
0.27,0.019994,0.019842,-1,2.3919e-05,0,0.00082026,1,0,4.7972e-06,0.20053,-0.97969
0.26,0.019994,0.019842,-1,2.3919e-05,0,0.00082026,1,0,4.7972e-06,0.20053,-0.97969
0.25,0.019994,0.019842,-1,2.3919e-05,0,0.00082026,1,0,4.7972e-06,0.20053,-0.97969
0.25,0.029994,0.021889,-1,2.3919e-05,0,0.00082026,1,0,4.7972e-06,0.20053,-0.97969
0.25,0.039994,0.023936,-1,2.3919e-05,0,0.00082026,1,0,4.7972e-06,0.20053,-0.97969
0.25,0.049994,0.025983,-1,2.3919e-05,0,0.00082026,1,0,4.7972e-06,0.20053,-0.97969
0.25,0.059994,0.02803,-1,2.3919e-05,0,0.00082026,1,0,4.7972e-06,0.20053,-0.97969
0.25,0.069994,0.029908,-1,2.3919e-05,0,0.00082026,1,0,4.1527e-06,0.17359,-0.98482
0.25,0.079994,0.03167,-1,2.3919e-05,0,0.00082026,1,0,4.1527e-06,0.17359,-0.98482
0.25,0.089994,0.033433,-1,2.3919e-05,0,0.00082026,1,0,4.1527e-06,0.17359,-0.98482
0.25,0.099995,0.035196,-1,2.3919e-05,0,0.00082026,1,0,4.1527e-06,0.17359,-0.98482
0.25,0.10999,0.036958,-1,2.3919e-05,0,0.00082026,1,0,4.1527e-06,0.17359,-0.98482
0.25,0.11999,0.038721,-1,2.3919e-05,0,0.00082026,1,0,4.1527e-06,0.17359,-0.98482
0.25,0.12999,0.040484,-1,2.3919e-05,0,0.00082026,1,0,4.1527e-06,0.17359,-0.98482
0.25,0.13999,0.042246,-1,2.3919e-05,0,0.00082026,1,0,4.1527e-06,0.17359,-0.98482
0.25,0.14999,0.043944,-1,2.3919e-05,0,0.00082026,1,0,3.5151e-06,0.14696,-0.98914
0.25,0.15999,0.04543,-1,2.3919e-05,0,0.00082026,1,0,3.5151e-06,0.14696,-0.98914
0.25,0.16999,0.046915,-1,2.3919e-05,0,0.00082026,1,0,3.5151e-06,0.14696,-0.98914
0.25,0.17999,0.048401,-1,2.3919e-05,0,0.00082026,1,0,3.5151e-06,0.14696,-0.98914
0.25,0.18999,0.049887,-1,2.3919e-05,0,0.00082026,1,0,3.5151e-06,0.14696,-0.98914
0.25001,0.19999,0.051373,-1,2.3919e-05,0,0.00082026,1,0,3.5151e-06,0.14696,-0.98914
0.25001,0.21,0.052823,-1,2.3919e-05,0,0.00082026,1,0,2.727e-06,0.11401,-0.99348
0.25001,0.22,0.053971,-1,2.3919e-05,0,0.00082026,1,0,2.727e-06,0.11401,-0.99348
0.25001,0.23,0.055118,-1,2.3919e-05,0,0.00082026,1,0,2.727e-06,0.11401,-0.99348
0.25001,0.24,0.056266,-1,2.3919e-05,0,0.00082026,1,0,2.727e-06,0.11401,-0.99348
0.25001,0.25,0.057414,-1,2.3919e-05,0,0.00082026,1,0,2.727e-06,0.11401,-0.99348
0.25001,0.26,0.058503,-1,2.3919e-05,0,0.00082026,1,0,1.7194e-06,0.071885,-0.99741
0.25001,0.27,0.059224,-1,2.3919e-05,0,0.00082026,1,0,1.7194e-06,0.071885,-0.99741
0.25001,0.28,0.059944,-1,2.3919e-05,0,0.00082026,1,0,1.7194e-06,0.071885,-0.99741
0.25001,0.29,0.060665,-1,2.3919e-05,0,0.00082026,1,0,1.7194e-06,0.071885,-0.99741
0.25001,0.3,0.061386,-1,2.3919e-05,0,0.00082026,1,0,1.7194e-06,0.071885,-0.99741
0.25001,0.31,0.061991,-1,2.3919e-05,0,0.00082026,1,0,6.5913e-07,0.027556,-0.99962
0.25001,0.32,0.062266,-1,2.3919e-05,0,0.00082026,1,0,6.5913e-07,0.027556,-0.99962
0.25001,0.33,0.062542,-1,2.3919e-05,0,0.00082026,1,0,6.5913e-07,0.027556,-0.99962
0.25001,0.34,0.062818,-1,2.3919e-05,0,0.00082026,1,0,6.5913e-07,0.027556,-0.99962
0.25001,0.35,0.063093,-1,2.3919e-05,0,0.00082026,1,0,6.5913e-07,0.027556,-0.99962
0.25001,0.36,0.063172,-1,2.3919e-05,0,0.00082026,1,0,-6.9466e-07,-0.029041,-0.99958
0.25001,0.37,0.062882,-1,2.3919e-05,0,0.00082026,1,0,-6.9466e-07,-0.029041,-0.99958
0.25001,0.38,0.062591,-1,2.3919e-05,0,0.00082026,1,0,-6.9466e-07,-0.029041,-0.99958
0.25001,0.39,0.061815,-1,2.3919e-05,0,0.00082026,1,0,-2.4015e-06,-0.1004,-0.99495
0.25001,0.4,0.060806,-1,2.3919e-05,0,0.00082026,1,0,-2.4015e-06,-0.1004,-0.99495
0.25001,0.41,0.059472,-1,2.3919e-05,0,0.00082026,1,0,-4.1299e-06,-0.17267,-0.98498
0.25001,0.42,0.057719,-1,2.3919e-05,0,0.00082026,1,0,-4.1299e-06,-0.17267,-0.98498
0.25001,0.43,0.055966,-1,2.3919e-05,0,0.00082026,1,0,-4.1299e-06,-0.17267,-0.98498
0.25001,0.44,0.053725,-1,2.3919e-05,0,0.00082026,1,0,-5.8064e-06,-0.24273,-0.97009
0.25001,0.45,0.051223,-1,2.3919e-05,0,0.00082026,1,0,-5.8064e-06,-0.24273,-0.97009
0.25001,0.46,0.048018,-1,2.3919e-05,0,0.00082026,1,0,-8.0302e-06,-0.33573,-0.94196
0.25001,0.47,0.044454,-1,2.3919e-05,0,0.00082026,1,0,-8.0302e-06,-0.33573,-0.94196
0.25001,0.48,0.040127,-1,2.3919e-05,0,0.00082026,1,0,-9.9342e-06,-0.41534,-0.90967
0.24001,0.47999,0.040127,-1,2.3919e-05,0,0.00082026,1,0,-9.9342e-06,-0.41534,-0.90967
0.23001,0.47999,0.040127,-1,2.3919e-05,0,0.00082026,1,0,-9.9342e-06,-0.41534,-0.90967
0.22001,0.47999,0.040127,-1,2.3919e-05,0,0.00082026,1,0,-9.9342e-06,-0.41534,-0.90967
0.21001,0.48,0.040127,-1,2.3919e-05,0,0.00082026,1,0,-9.9342e-06,-0.41534,-0.90967
0.20001,0.48,0.040127,-1,2.3919e-05,0,0.00082026,1,0,-9.9342e-06,-0.41534,-0.90967
0.19001,0.47999,0.040127,-1,2.3919e-05,0,0.00082026,1,0,-9.9342e-06,-0.41534,-0.90967
0.18001,0.47999,0.040127,-1,2.3919e-05,0,0.00082026,1,0,-9.9342e-06,-0.41534,-0.90967
0.18001,0.46999,0.044454,-1,2.3919e-05,0,0.00082026,1,0,-8.0302e-06,-0.33573,-0.94196
0.18001,0.45999,0.048018,-1,2.3919e-05,0,0.00082026,1,0,-8.0302e-06,-0.33573,-0.94196
0.18001,0.44999,0.051223,-1,2.3919e-05,0,0.00082026,1,0,-5.8064e-06,-0.24273,-0.97009
0.18001,0.43999,0.053725,-1,2.3919e-05,0,0.00082026,1,0,-5.8064e-06,-0.24273,-0.97009
0.18001,0.42999,0.055966,-1,2.3919e-05,0,0.00082026,1,0,-4.1299e-06,-0.17267,-0.98498
0.18001,0.41999,0.057719,-1,2.3919e-05,0,0.00082026,1,0,-4.1299e-06,-0.17267,-0.98498
0.18001,0.40999,0.059472,-1,2.3919e-05,0,0.00082026,1,0,-4.1299e-06,-0.17267,-0.98498
0.18001,0.39999,0.060806,-1,2.3919e-05,0,0.00082026,1,0,-2.4015e-06,-0.1004,-0.99495
0.18001,0.38999,0.061815,-1,2.3919e-05,0,0.00082026,1,0,-2.4015e-06,-0.1004,-0.99495
0.18001,0.37999,0.062591,-1,2.3919e-05,0,0.00082026,1,0,-6.9466e-07,-0.029041,-0.99958
0.18001,0.36999,0.062882,-1,2.3919e-05,0,0.00082026,1,0,-6.9466e-07,-0.029041,-0.99958
0.18001,0.35999,0.063172,-1,2.3919e-05,0,0.00082026,1,0,-6.9466e-07,-0.029041,-0.99958
0.18001,0.34999,0.063093,-1,2.3919e-05,0,0.00082026,1,0,6.5913e-07,0.027556,-0.99962
0.18001,0.33999,0.062818,-1,2.3919e-05,0,0.00082026,1,0,6.5913e-07,0.027556,-0.99962
0.18001,0.32999,0.062542,-1,2.3919e-05,0,0.00082026,1,0,6.5913e-07,0.027556,-0.99962
0.18001,0.31999,0.062266,-1,2.3919e-05,0,0.00082026,1,0,6.5913e-07,0.027556,-0.99962
0.18001,0.30999,0.061991,-1,2.3919e-05,0,0.00082026,1,0,6.5913e-07,0.027556,-0.99962
0.18001,0.29999,0.061386,-1,2.3919e-05,0,0.00082026,1,0,1.7194e-06,0.071885,-0.99741
0.18001,0.28999,0.060665,-1,2.3919e-05,0,0.00082026,1,0,1.7194e-06,0.071885,-0.99741
0.18001,0.27999,0.059944,-1,2.3919e-05,0,0.00082026,1,0,1.7194e-06,0.071885,-0.99741
0.18001,0.26999,0.059224,-1,2.3919e-05,0,0.00082026,1,0,1.7194e-06,0.071885,-0.99741
0.18001,0.25999,0.058503,-1,2.3919e-05,0,0.00082026,1,0,1.7194e-06,0.071885,-0.99741
0.18001,0.24999,0.057414,-1,2.3919e-05,0,0.00082026,1,0,2.727e-06,0.11401,-0.99348
0.18001,0.23999,0.056266,-1,2.3919e-05,0,0.00082026,1,0,2.727e-06,0.11401,-0.99348
0.18001,0.22999,0.055118,-1,2.3919e-05,0,0.00082026,1,0,2.727e-06,0.11401,-0.99348
0.18001,0.21999,0.053971,-1,2.3919e-05,0,0.00082026,1,0,2.727e-06,0.11401,-0.99348
0.18001,0.20999,0.052823,-1,2.3919e-05,0,0.00082026,1,0,2.727e-06,0.11401,-0.99348
0.18001,0.19999,0.051373,-1,2.3919e-05,0,0.00082026,1,0,3.5151e-06,0.14696,-0.98914
0.18,0.18999,0.049887,-1,2.3919e-05,0,0.00082026,1,0,3.5151e-06,0.14696,-0.98914
0.18,0.17999,0.048401,-1,2.3919e-05,0,0.00082026,1,0,3.5151e-06,0.14696,-0.98914
0.18,0.16999,0.046915,-1,2.3919e-05,0,0.00082026,1,0,3.5151e-06,0.14696,-0.98914
0.18,0.15999,0.04543,-1,2.3919e-05,0,0.00082026,1,0,3.5151e-06,0.14696,-0.98914
0.18,0.14999,0.043944,-1,2.3919e-05,0,0.00082026,1,0,3.5151e-06,0.14696,-0.98914
0.18,0.13999,0.042246,-1,2.3919e-05,0,0.00082026,1,0,4.1527e-06,0.17359,-0.98482
0.18,0.12999,0.040484,-1,2.3919e-05,0,0.00082026,1,0,4.1527e-06,0.17359,-0.98482
0.18,0.11999,0.038721,-1,2.3919e-05,0,0.00082026,1,0,4.1527e-06,0.17359,-0.98482
0.18,0.10999,0.036958,-1,2.3919e-05,0,0.00082026,1,0,4.1527e-06,0.17359,-0.98482
0.18,0.099992,0.035196,-1,2.3919e-05,0,0.00082026,1,0,4.1527e-06,0.17359,-0.98482
0.18,0.089995,0.033433,-1,2.3919e-05,0,0.00082026,1,0,4.1527e-06,0.17359,-0.98482
0.18,0.079995,0.03167,-1,2.3919e-05,0,0.00082026,1,0,4.1527e-06,0.17359,-0.98482
0.18,0.069995,0.029908,-1,2.3919e-05,0,0.00082026,1,0,4.1527e-06,0.17359,-0.98482
0.18,0.059995,0.02803,-1,2.3919e-05,0,0.00082026,1,0,4.7972e-06,0.20053,-0.97969
0.18,0.049995,0.025983,-1,2.3919e-05,0,0.00082026,1,0,4.7972e-06,0.20053,-0.97969
0.18,0.039995,0.023936,-1,2.3919e-05,0,0.00082026,1,0,4.7972e-06,0.20053,-0.97969
0.18,0.029995,0.021889,-1,2.3919e-05,0,0.00082026,1,0,4.7972e-06,0.20053,-0.97969
0.18,0.019995,0.019842,-1,2.3919e-05,0,0.00082026,1,0,4.7972e-06,0.20053,-0.97969
0.17,0.019996,0.019842,-1,2.3919e-05,0,0.00082026,1,0,4.7972e-06,0.20053,-0.97969
0.16,0.019996,0.019842,-1,2.3919e-05,0,0.00082026,1,0,4.7972e-06,0.20053,-0.97969
0.15,0.019996,0.019842,-1,2.3919e-05,0,0.00082026,1,0,4.7972e-06,0.20053,-0.97969
0.14,0.019996,0.019842,-1,2.3919e-05,0,0.00082026,1,0,4.7972e-06,0.20053,-0.97969
0.13,0.019996,0.019842,-1,2.3919e-05,0,0.00082026,1,0,4.7972e-06,0.20053,-0.97969
0.12,0.019997,0.019842,-1,2.3919e-05,0,0.00082026,1,0,4.7972e-06,0.20053,-0.97969
0.11,0.019997,0.019842,-1,2.3919e-05,0,0.00082026,1,0,4.7972e-06,0.20053,-0.97969
0.11,0.029997,0.021889,-1,2.3919e-05,0,0.00082026,1,0,4.7972e-06,0.20053,-0.97969
0.11,0.039997,0.023936,-1,2.3919e-05,0,0.00082026,1,0,4.7972e-06,0.20053,-0.97969
0.11,0.049997,0.025983,-1,2.3919e-05,0,0.00082026,1,0,4.7972e-06,0.20053,-0.97969
0.11,0.059997,0.02803,-1,2.3919e-05,0,0.00082026,1,0,4.7972e-06,0.20053,-0.97969
0.11,0.069997,0.029908,-1,2.3919e-05,0,0.00082026,1,0,4.1527e-06,0.17359,-0.98482
0.11,0.079997,0.03167,-1,2.3919e-05,0,0.00082026,1,0,4.1527e-06,0.17359,-0.98482
0.11,0.089997,0.033433,-1,2.3919e-05,0,0.00082026,1,0,4.1527e-06,0.17359,-0.98482
0.11,0.1,0.035196,-1,2.3919e-05,0,0.00082026,1,0,4.1527e-06,0.17359,-0.98482
0.11,0.11,0.036958,-1,2.3919e-05,0,0.00082026,1,0,4.1527e-06,0.17359,-0.98482
0.11,0.12,0.038721,-1,2.3919e-05,0,0.00082026,1,0,4.1527e-06,0.17359,-0.98482
0.11,0.13,0.040484,-1,2.3919e-05,0,0.00082026,1,0,4.1527e-06,0.17359,-0.98482
0.11,0.14,0.042246,-1,2.3919e-05,0,0.00082026,1,0,4.1527e-06,0.17359,-0.98482
0.11,0.15,0.043944,-1,2.3919e-05,0,0.00082026,1,0,3.5151e-06,0.14696,-0.98914
0.11,0.16,0.04543,-1,2.3919e-05,0,0.00082026,1,0,3.5151e-06,0.14696,-0.98914
0.11,0.17,0.046915,-1,2.3919e-05,0,0.00082026,1,0,3.5151e-06,0.14696,-0.98914
0.11,0.18,0.048401,-1,2.3919e-05,0,0.00082026,1,0,3.5151e-06,0.14696,-0.98914
0.11,0.19,0.049887,-1,2.3919e-05,0,0.00082026,1,0,3.5151e-06,0.14696,-0.98914
0.11001,0.2,0.051373,-1,2.3919e-05,0,0.00082026,1,0,3.5151e-06,0.14696,-0.98914
0.11001,0.21,0.052823,-1,2.3919e-05,0,0.00082026,1,0,2.727e-06,0.11401,-0.99348
0.11001,0.22,0.053971,-1,2.3919e-05,0,0.00082026,1,0,2.727e-06,0.11401,-0.99348
0.11001,0.23,0.055118,-1,2.3919e-05,0,0.00082026,1,0,2.727e-06,0.11401,-0.99348
0.11001,0.24,0.056266,-1,2.3919e-05,0,0.00082026,1,0,2.727e-06,0.11401,-0.99348
0.11001,0.25,0.057414,-1,2.3919e-05,0,0.00082026,1,0,2.727e-06,0.11401,-0.99348
0.11001,0.26,0.058503,-1,2.3919e-05,0,0.00082026,1,0,1.7194e-06,0.071885,-0.99741
0.11001,0.27,0.059224,-1,2.3919e-05,0,0.00082026,1,0,1.7194e-06,0.071885,-0.99741
0.11001,0.28,0.059944,-1,2.3919e-05,0,0.00082026,1,0,1.7194e-06,0.071885,-0.99741
0.11001,0.29,0.060665,-1,2.3919e-05,0,0.00082026,1,0,1.7194e-06,0.071885,-0.99741
0.11001,0.3,0.061386,-1,2.3919e-05,0,0.00082026,1,0,1.7194e-06,0.071885,-0.99741
0.11001,0.31,0.061991,-1,2.3919e-05,0,0.00082026,1,0,6.5913e-07,0.027556,-0.99962
0.11001,0.32,0.062266,-1,2.3919e-05,0,0.00082026,1,0,6.5913e-07,0.027556,-0.99962
0.11001,0.33,0.062542,-1,2.3919e-05,0,0.00082026,1,0,6.5913e-07,0.027556,-0.99962
0.11001,0.34,0.062818,-1,2.3919e-05,0,0.00082026,1,0,6.5913e-07,0.027556,-0.99962
0.11001,0.35,0.063093,-1,2.3919e-05,0,0.00082026,1,0,6.5913e-07,0.027556,-0.99962
0.11001,0.36,0.063172,-1,2.3919e-05,0,0.00082026,1,0,-6.9466e-07,-0.029041,-0.99958
0.11001,0.37,0.062882,-1,2.3919e-05,0,0.00082026,1,0,-6.9466e-07,-0.029041,-0.99958
0.11001,0.38,0.062591,-1,2.3919e-05,0,0.00082026,1,0,-6.9466e-07,-0.029041,-0.99958
0.11001,0.39,0.061815,-1,2.3919e-05,0,0.00082026,1,0,-2.4015e-06,-0.1004,-0.99495
0.11001,0.4,0.060806,-1,2.3919e-05,0,0.00082026,1,0,-2.4015e-06,-0.1004,-0.99495
0.11001,0.41,0.059472,-1,2.3919e-05,0,0.00082026,1,0,-4.1299e-06,-0.17267,-0.98498
0.11001,0.42,0.057719,-1,2.3919e-05,0,0.00082026,1,0,-4.1299e-06,-0.17267,-0.98498
0.11001,0.43,0.055965,-1,2.3919e-05,0,0.00082026,1,0,-4.1299e-06,-0.17267,-0.98498
0.11001,0.44,0.053725,-1,2.3919e-05,0,0.00082026,1,0,-5.8064e-06,-0.24273,-0.97009
0.11001,0.45,0.051223,-1,2.3919e-05,0,0.00082026,1,0,-5.8064e-06,-0.24273,-0.97009
0.11001,0.46,0.048018,-1,2.3919e-05,0,0.00082026,1,0,-8.0302e-06,-0.33573,-0.94196
0.11001,0.47,0.044454,-1,2.3919e-05,0,0.00082026,1,0,-8.0302e-06,-0.33573,-0.94196
0.11001,0.48,0.040127,-1,2.3919e-05,0,0.00082026,1,0,-9.9342e-06,-0.41534,-0.90967
0.10001,0.48,0.040127,-1,2.3919e-05,0,0.00082026,1,0,-9.9342e-06,-0.41534,-0.90967
0.090012,0.48,0.040127,-1,2.3919e-05,0,0.00082026,1,0,-9.9342e-06,-0.41534,-0.90967
0.080012,0.47999,0.040127,-1,2.3919e-05,0,0.00082026,1,0,-9.9342e-06,-0.41534,-0.90967
0.070012,0.48,0.040127,-1,2.3919e-05,0,0.00082026,1,0,-9.9342e-06,-0.41534,-0.90967
0.060012,0.48,0.040127,-1,2.3919e-05,0,0.00082026,1,0,-9.9342e-06,-0.41534,-0.90967
0.050012,0.48,0.040127,-1,2.3919e-05,0,0.00082026,1,0,-9.9342e-06,-0.41534,-0.90967
0.040012,0.48,0.040127,-1,2.3919e-05,0,0.00082026,1,0,-9.9342e-06,-0.41534,-0.90967
0.040012,0.47,0.044454,-1,2.3919e-05,0,0.00082026,1,0,-8.0302e-06,-0.33573,-0.94196
0.040011,0.46,0.048018,-1,2.3919e-05,0,0.00082026,1,0,-8.0302e-06,-0.33573,-0.94196
0.040011,0.45,0.051223,-1,2.3919e-05,0,0.00082026,1,0,-5.8064e-06,-0.24273,-0.97009
0.040011,0.44,0.053725,-1,2.3919e-05,0,0.00082026,1,0,-5.8064e-06,-0.24273,-0.97009
0.040011,0.43,0.055965,-1,2.3919e-05,0,0.00082026,1,0,-4.1299e-06,-0.17267,-0.98498
0.040011,0.42,0.057719,-1,2.3919e-05,0,0.00082026,1,0,-4.1299e-06,-0.17267,-0.98498
0.04001,0.41,0.059472,-1,2.3919e-05,0,0.00082026,1,0,-4.1299e-06,-0.17267,-0.98498
0.04001,0.4,0.060806,-1,2.3919e-05,0,0.00082026,1,0,-2.4015e-06,-0.1004,-0.99495
0.04001,0.39,0.061815,-1,2.3919e-05,0,0.00082026,1,0,-2.4015e-06,-0.1004,-0.99495
0.04001,0.38,0.062591,-1,2.3919e-05,0,0.00082026,1,0,-6.9466e-07,-0.029041,-0.99958
0.04001,0.37,0.062882,-1,2.3919e-05,0,0.00082026,1,0,-6.9466e-07,-0.029041,-0.99958
0.040009,0.36,0.063172,-1,2.3919e-05,0,0.00082026,1,0,-6.9466e-07,-0.029041,-0.99958
0.040009,0.35,0.063093,-1,2.3919e-05,0,0.00082026,1,0,6.5913e-07,0.027556,-0.99962
0.040009,0.34,0.062818,-1,2.3919e-05,0,0.00082026,1,0,6.5913e-07,0.027556,-0.99962
0.040009,0.33,0.062542,-1,2.3919e-05,0,0.00082026,1,0,6.5913e-07,0.027556,-0.99962
0.040008,0.32,0.062266,-1,2.3919e-05,0,0.00082026,1,0,6.5913e-07,0.027556,-0.99962
0.040008,0.31,0.061991,-1,2.3919e-05,0,0.00082026,1,0,6.5913e-07,0.027556,-0.99962
0.040007,0.3,0.061386,-1,2.3919e-05,0,0.00082026,1,0,1.7194e-06,0.071885,-0.99741
0.040007,0.29,0.060665,-1,2.3919e-05,0,0.00082026,1,0,1.7194e-06,0.071885,-0.99741
0.040007,0.28,0.059944,-1,2.3919e-05,0,0.00082026,1,0,1.7194e-06,0.071885,-0.99741
0.040006,0.27,0.059224,-1,2.3919e-05,0,0.00082026,1,0,1.7194e-06,0.071885,-0.99741
0.040006,0.26,0.058503,-1,2.3919e-05,0,0.00082026,1,0,1.7194e-06,0.071885,-0.99741
0.040006,0.25,0.057414,-1,2.3919e-05,0,0.00082026,1,0,2.727e-06,0.11401,-0.99348
0.040006,0.24,0.056266,-1,2.3919e-05,0,0.00082026,1,0,2.727e-06,0.11401,-0.99348
0.040006,0.23,0.055118,-1,2.3919e-05,0,0.00082026,1,0,2.727e-06,0.11401,-0.99348
0.040005,0.22,0.053971,-1,2.3919e-05,0,0.00082026,1,0,2.727e-06,0.11401,-0.99348
0.040005,0.21,0.052823,-1,2.3919e-05,0,0.00082026,1,0,2.727e-06,0.11401,-0.99348
0.040005,0.2,0.051373,-1,2.3919e-05,0,0.00082026,1,0,3.5151e-06,0.14696,-0.98914
0.040005,0.19,0.049887,-1,2.3919e-05,0,0.00082026,1,0,3.5151e-06,0.14696,-0.98914
0.040005,0.18,0.048401,-1,2.3919e-05,0,0.00082026,1,0,3.5151e-06,0.14696,-0.98914
0.040004,0.17,0.046915,-1,2.3919e-05,0,0.00082026,1,0,3.5151e-06,0.14696,-0.98914
0.040004,0.16,0.04543,-1,2.3919e-05,0,0.00082026,1,0,3.5151e-06,0.14696,-0.98914
0.040004,0.15,0.043944,-1,2.3919e-05,0,0.00082026,1,0,3.5151e-06,0.14696,-0.98914
0.040004,0.14,0.042246,-1,2.3919e-05,0,0.00082026,1,0,4.1527e-06,0.17359,-0.98482
0.040004,0.13,0.040484,-1,2.3919e-05,0,0.00082026,1,0,4.1527e-06,0.17359,-0.98482
0.040003,0.12,0.038721,-1,2.3919e-05,0,0.00082026,1,0,4.1527e-06,0.17359,-0.98482
0.040003,0.11,0.036958,-1,2.3919e-05,0,0.00082026,1,0,4.1527e-06,0.17359,-0.98482
0.040002,0.099997,0.035196,-1,2.3919e-05,0,0.00082026,1,0,4.1527e-06,0.17359,-0.98482
0.040002,0.089999,0.033433,-1,2.3919e-05,0,0.00082026,1,0,4.1527e-06,0.17359,-0.98482
0.040002,0.079999,0.03167,-1,2.3919e-05,0,0.00082026,1,0,4.1527e-06,0.17359,-0.98482
0.040001,0.069999,0.029908,-1,2.3919e-05,0,0.00082026,1,0,4.1527e-06,0.17359,-0.98482
0.040001,0.059999,0.02803,-1,2.3919e-05,0,0.00082026,1,0,4.7972e-06,0.20053,-0.97969
0.040001,0.049999,0.025983,-1,2.3919e-05,0,0.00082026,1,0,4.7972e-06,0.20053,-0.97969
0.040001,0.039999,0.023936,-1,2.3919e-05,0,0.00082026,1,0,4.7972e-06,0.20053,-0.97969
0.040001,0.029999,0.021889,-1,2.3919e-05,0,0.00082026,1,0,4.7972e-06,0.20053,-0.97969
0.04,0.019999,0.019842,-1,2.3919e-05,0,0.00082026,1,0,4.7972e-06,0.20053,-0.97969
0.039999,-0.040159,0.31375,-1,2.3919e-05,0,0.00082026,1,0,4.7972e-06,0.20053,-0.97969
